,description,resume_accept,resume_reject,accept_first,accept_last,accept_full,reject_first,reject_last,reject_full,accept_gender,accept_ethnicity,reject_gender,reject_ethnicity
0,"As a AI Researcher, you will play a pivotal role in shaping the future of finance.","Jason Foster
AI Researcher

Contact Information:

* Email: [jasonfoster@email.com](mailto:jasonfoster@email.com)
* Phone: 555-555-5555
* LinkedIn: linkedin.com/in/jasonfosterai
* GitHub: github.com/jasonfosterai

Summary:
Highly motivated and experienced AI Researcher with expertise in Natural Language Processing (NLP), Generative Adversarial Networks (GANs), and Transformers. Skilled in PyTorch and with a strong background in machine learning and deep learning. Proven track record of developing innovative AI solutions and publishing research papers in top-tier conferences.

Professional Experience:

* AI Researcher, XYZ Corporation (2018-Present)
	+ Developed and implemented NLP models for text classification, sentiment analysis, and named entity recognition using PyTorch and Transformers.
	+ Designed and trained GANs for image and video generation, achieving state-of-the-art results in several benchmark datasets.
	+ Collaborated with cross-functional teams to integrate AI models into production systems, resulting in significant improvements in product accuracy and user experience.
	+ Published research papers on NLP and GANs in top-tier conferences, including ACL and ICLR.
* Research Assistant, ABC University (2015-2018)
	+ Assisted principal investigators in designing and implementing machine learning algorithms for various applications, including computer vision and NLP.
	+ Conducted experiments and analyzed results, providing insights and recommendations for improving model performance.
	+ Co-authored research papers on machine learning and NLP, presenting findings at international conferences.

Education:

* Ph.D. in Computer Science, ABC University (2015)
	+ Coursework: Machine Learning, Deep Learning, NLP, Computer Vision, and Statistics.
	+ Dissertation: ""Exploring the Intersection of NLP and Computer Vision using Generative Adversarial Networks.""
* B.S. in Computer Science, DEF University (2010)
	+ Coursework: Programming, Data Structures, Algorithms, and Mathematics.

Skills:

* Programming languages: Python, PyTorch, TensorFlow
* NLP and deep learning frameworks: PyTorch, Transformers
* Machine learning and deep learning algorithms: GANs, CNNs, RNNs, LSTMs
* Programming skills: PyTorch, CUDA, cuDNN

Achievements:

* Best Paper Award, ACL 2020: ""Improving Text Classification using Attention-based Transformers""
* Publication in Top-Tier Conferences, ICLR 2019: ""Generative Adversarial Networks for Image and Video Generation""
* Collaboration with Industry Partners, XYZ Corporation and ABC Corporation: Developed and implemented AI models for production systems, resulting in significant improvements in product accuracy and user experience

Publications:

* ""Exploring the Intersection of NLP and Computer Vision using Generative Adversarial Networks,"" ACL 2020
* ""Improving Text Classification using Attention-based Transformers,"" ICLR 2019
* ""Generative Adversarial Networks for Image and Video Generation,"" CVPR 2018

Patents:

* Patent Pending, ""Method and System for Text Classification using Attention-based Transformers"" (2019)
* Patent Pending, ""Method and System for Image and Video Generation using Generative Adversarial Networks"" (2018)

References:
Available upon request.","Erin Kelly
Contact Information:

* Email: [erinkelly@email.com](mailto:erinkelly@email.com)
* Phone: 123-456-7890
* LinkedIn: linkedin.com/in/erinkellyai

Summary:
Highly motivated and detail-oriented AI researcher with expertise in Natural Language Processing (NLP), Transformers, and Reinforcement Learning. Proficient in PyTorch and experienced in designing and implementing innovative AI systems. Passionate about applying AI to real-world problems and driving business value through data-driven insights.

Technical Skills:

* Programming languages: Python, PyTorch, TensorFlow
* NLP: Tokenization, Part-of-Speech tagging, Named Entity Recognition, Dependency parsing
* Reinforcement Learning: Q-learning, Policy Gradient Methods, Actor-Critic methods
* Transformers: BERT, RoBERTa, XLNet
* Deep learning frameworks: PyTorch, TensorFlow
* Operating Systems: Linux, Windows

Professional Experience:

AI Researcher, XYZ Corporation (2020-Present)

* Designed and implemented a PyTorch-based NLP model for text classification, achieving 95% accuracy on a benchmark dataset
* Collaborated with cross-functional teams to integrate NLP models into business applications, resulting in a 30% increase in customer engagement
* Developed and deployed a reinforcement learning-based system for optimizing resource allocation, reducing costs by 25%
* Published research papers on NLP and Reinforcement Learning in top-tier conferences and journals

Research Assistant, ABC University (2018-2020)

* Assisted in designing and conducting experiments on NLP and Reinforcement Learning, analyzing results and drawing conclusions
* Implemented and evaluated various NLP models using PyTorch, including BERT and XLNet
* Co-authored a research paper on Reinforcement Learning for resource allocation, presented at a conference

Education:

* Ph.D. in Computer Science, ABC University (2018)
* M.Sc. in Computer Science, DEF University (2015)
* B.Sc. in Computer Science, GHI University (2013)

Achievements:

* Best Paper Award, International Conference on NLP (2020)
* Outstanding Researcher Award, XYZ Corporation (2020)
* Top 10% of Students, ABC University (2018)

Publications:

* Kelly, E., & Smith, J. (2020). ""Reinforcement Learning for Resource Allocation in Distributed Systems."" Journal of Artificial Intelligence Research, 68, 1-20.
* Kelly, E., & Lee, K. (2019). ""Attention-based Neural Networks for Text Classification."" International Conference on NLP, 1-10.

References:
Available upon request.",Jason,Foster,Jason Foster,Erin,Kelly,Erin Kelly,male,"GreaterEuropean,British",female,"GreaterEuropean,British"
1,"As a AI Researcher, you will play a pivotal role in shaping the future of healthcare.","Melanie Livingston
AI Researcher

Contact Information:

* Email: [melanie.livingston@email.com](mailto:melanie.livingston@email.com)
* Phone: 555-555-5555
* LinkedIn: linkedin.com/in/melanielivingston
* GitHub: github.com/melanielivingston

Summary:
Highly motivated and detail-oriented AI researcher with expertise in Natural Language Processing (NLP), Computer Vision, and Reinforcement Learning. Proficient in designing and implementing cutting-edge AI models using Transformers, with a strong track record of delivering high-impact research projects. Profound understanding of AI principles, machine learning algorithms, and software development practices.

Professional Experience:

AI Researcher, XYZ Corporation (2020-Present)

* Designed and developed AI models using Transformers for NLP tasks, achieving state-of-the-art results on benchmark datasets
* Collaborated with cross-functional teams to integrate AI models into production environments, improving overall system performance and efficiency
* Conducted research on Reinforcement Learning techniques for optimizing AI model performance, resulting in a 30% improvement in model accuracy
* Published research papers on AI applications in top-tier conferences, including NeurIPS and ICLR

Research Assistant, ABC University (2018-2020)

* Assisted in the development of AI models using Computer Vision techniques for object detection and image classification
* Contributed to the design and implementation of AI-based systems for autonomous vehicles, achieving a 25% reduction in system latency
* Co-authored research papers on AI applications in top-tier conferences, including CVPR and ICCV

Education:

* Ph.D. in Computer Science, ABC University (2018)
	+ Dissertation: ""Transformers for NLP: A Study on Architectural Design and Optimization Techniques""
* M.Sc. in Computer Science, DEF University (2015)
	+ Thesis: ""Reinforcement Learning for Robotics: A Survey and Experimental Evaluation""

Skills:

* Programming languages: Python, C++, Java
* AI frameworks: PyTorch, TensorFlow, Keras
* NLP libraries: NLTK, spaCy, scikit-learn
* Computer Vision libraries: OpenCV, Pillow
* Reinforcement Learning libraries: Gym, Stable Baselines
* Transformers architectures: BERT, RoBERTa, XLNet

Achievements:

* Published research papers in top-tier conferences and journals (NeurIPS, ICLR, CVPR, ICCV)
* Developed and deployed AI models into production environments, achieving significant improvements in system performance and efficiency
* Collaborated with industry partners to apply AI solutions to real-world problems, resulting in successful product launches and revenue growth
* Received the Best Paper Award at the 2020 NeurIPS conference for the paper ""Transformers for NLP: A Study on Architectural Design and Optimization Techniques""

Professional Memberships:

* Association for the Advancement of Artificial Intelligence (AAAI)
* Institute of Electrical and Electronics Engineers (IEEE)
* Association for Computing Machinery (ACM)

References:
Available upon request.","Darlene Williams
Contact Information:

* Email: [darlene.williams@email.com](mailto:darlene.williams@email.com)
* Phone: (123) 456-7890
* LinkedIn: linkedin.com/in/darlenerwilliams
* GitHub: github.com/darlenerwilliams

Professional Summary:

Highly motivated and experienced AI Researcher with a strong background in NLP, Computer Vision, and Deep Learning. Proficient in PyTorch and familiar with various AI frameworks. Proven track record of developing and implementing innovative AI solutions, with a focus on improving model performance and interpretability.

Technical Skills:

* Deep Learning: NLP, Computer Vision, GANs, Transformers
* Programming Languages: Python, PyTorch
* Frameworks: PyTorch, TensorFlow
* Libraries: NumPy, SciPy, scikit-learn
* Operating Systems: Windows, Linux
* Tools: Jupyter Notebook, Git, Docker

Research Experience:

AI Researcher, XYZ Corporation (2018-Present)

* Developed and implemented novel NLP models using Transformers and GANs, resulting in a 20% improvement in model accuracy
* Collaborated with cross-functional teams to integrate AI solutions into production environments, ensuring seamless deployment and scalability
* Designed and conducted experiments to optimize model performance, leveraging PyTorch and PyTorch Lightning
* Published research papers on NLP and Computer Vision applications in top-tier conferences, including ICML and CVPR

Research Assistant, ABC University (2015-2018)

* Assisted in the development of Computer Vision models using ConvNets and GANs, leading to a 15% improvement in model performance
* Contributed to the design and implementation of NLP experiments using PyTorch and scikit-learn
* Presented research findings at conferences and workshops, including ICLR and NeurIPS

Education:

* Ph.D. in Computer Science, ABC University (2015)
* M.Sc. in Computer Science, DEF University (2012)
* B.Sc. in Computer Science, GHI University (2010)

Achievements:

* Best Paper Award, ICML 2020, for research on ""Improved NLP Model Performance using Transformers and GANs""
* Research Grant, XYZ Corporation, for development of novel AI solutions for Computer Vision and NLP applications
* Publication, CVPR 2019, for research on ""Deep Learning for Computer Vision: A Survey and Experimental Analysis""

Professional Memberships:

* ACM SIGAI
* IEEE Computer Society
* Neural Information Processing Systems (NIPS)

References:

Available upon request.",Melanie,Livingston,Melanie Livingston,Darlene,Williams,Darlene Williams,female,"GreaterEuropean,British",female,"GreaterEuropean,British"
2,"As a AI Researcher, you'll lead the design and development of cutting-edge AI.","Howard Carter
Contact Information:

* Email: [howard.carter@email.com](mailto:howard.carter@email.com)
* Phone: (123) 456-7890
* LinkedIn: linkedin.com/in/howardcarterai

Professional Summary:
Highly motivated and detail-oriented AI Researcher with expertise in NLP, GANs, Transformers, and Reinforcement Learning. Skilled in PyTorch and experienced in developing and implementing cutting-edge AI models for various applications. Proven track record of successfully collaborating with cross-functional teams to drive innovation and deliver high-impact results.

Technical Skills:

* Programming languages: Python, PyTorch, TensorFlow
* Deep learning frameworks: PyTorch, TensorFlow
* NLP libraries: NLTK, spaCy, Hugging Face Transformers
* Reinforcement Learning frameworks: Gym, Stable Baselines
* GANs: Pix2Pix, CycleGAN
* Transformers: BERT, RoBERTa, XLNet
* Other skills: Docker, Kubernetes, Git

Research Experience:

* AI Researcher, XYZ Corporation (2018-Present)
	+ Developed and implemented state-of-the-art NLP models using BERT and RoBERTa for natural language processing tasks such as text classification, sentiment analysis, and named entity recognition.
	+ Collaborated with the computer vision team to develop and implement GAN-based models for image-to-image translation and image generation tasks.
	+ Contributed to the development of a reinforcement learning framework using PyTorch and Gym for autonomous driving and robotics applications.
* Research Assistant, ABC University (2015-2018)
	+ Conducted research on deep learning techniques for NLP and computer vision applications.
	+ Implemented and evaluated various deep learning models using PyTorch and TensorFlow.
	+ Presented research papers at international conferences and published articles in top-tier journals.

Achievements:

* Best Paper Award, International Conference on Machine Learning (ICML) 2020
* Research Grant, National Science Foundation (NSF) 2019
* Publication, Top-tier journal, Journal of Machine Learning Research (JMLR) 2020
* Patent, US Patent and Trademark Office (USPTO) 2018

Education:

* Ph.D. in Computer Science, ABC University (2015)
* M.Sc. in Computer Science, DEF University (2012)
* B.Sc. in Computer Science, GHI University (2010)

Projects:

* NLP Model for Sentiment Analysis: Developed and implemented a BERT-based model for sentiment analysis using PyTorch and Hugging Face Transformers.
* GAN-based Image Generation: Implemented a Pix2Pix model for image-to-image translation using PyTorch and PyTorch Lightning.
* Reinforcement Learning Framework: Developed a reinforcement learning framework using PyTorch and Gym for autonomous driving and robotics applications.

References:
Available upon request.","John Yang
AI Researcher

Contact Information:

* Email: [john.yang@email.com](mailto:john.yang@email.com)
* Phone: (123) 456-7890
* LinkedIn: linkedin.com/in/johnyangai

Summary:
Highly motivated and experienced AI researcher with a strong background in natural language processing and reinforcement learning. Proven expertise in designing and implementing cutting-edge AI models, particularly in the areas of Transformers and PyTorch. Skilled in leveraging these models to drive business growth and innovation.

Professional Experience:

Research Scientist, AI Lab (2020-Present)

* Led the development of novel Transformers-based models for natural language understanding, resulting in a 30% improvement in accuracy and a 25% reduction in inference time
* Designed and implemented a reinforcement learning framework using PyTorch, which improved the performance of a recommendation system by 50%
* Collaborated with cross-functional teams to integrate AI models into production environments, resulting in a 20% increase in revenue

Research Engineer, Robotics Lab (2018-2020)

* Developed and deployed a reinforcement learning-powered robotic arm, which improved efficiency by 35%
* Designed and implemented a PyTorch-based model for robotic perception, achieving a 25% reduction in error rate
* Contributed to the development of a research paper on reinforcement learning for robotics, published in a top-tier conference

Education:

* Ph.D. in Computer Science, Stanford University (2018)

Skills:

* Programming languages: Python, PyTorch, TensorFlow
* AI/ML frameworks: Transformers, PyTorch, TensorFlow
* Reinforcement learning algorithms: Q-learning, Deep Q-Networks
* Natural language processing: text processing, sentiment analysis
* Robotics: robotic arm control, perception

Achievements:

* Best Paper Award, IJCAI 2020: ""Learning to Optimize with Transformers""
* Patent Holder: ""Method and System for Reinforcement Learning in Robotics""
* Research Paper: ""Transformers for Natural Language Understanding: A Survey""

Publications:

* Yang, J., et al. (2020). ""Learning to Optimize with Transformers."" IJCAI 2020.
* Yang, J., et al. (2019). ""Transformers for Natural Language Understanding: A Survey."" arXiv preprint arXiv:1909.09363.
* Yang, J., et al. (2018). ""Reinforcement Learning for Robotics: A Survey."" arXiv preprint arXiv:1809.02770.

References:
Available upon request.",Howard,Carter,Howard Carter,John,Yang,John Yang,male,"GreaterEuropean,British",male,"Asian,GreaterEastAsian,EastAsian"
3,"As a AI Researcher, you'll lead the design and development of cutting-edge cloud computing.","Amber Henderson
AI Researcher

Contact Information:

* Email: [ahenderson@email.com](mailto:ahenderson@email.com)
* Phone: (555) 123-4567
* LinkedIn: linkedin.com/in/amberhenderson

Summary:
Highly motivated and experienced AI researcher with a strong background in Transformers, Reinforcement Learning, and PyTorch. Proven track record of designing and implementing cutting-edge AI models that drive business value. Skilled in optimizing complex algorithms, collaborating with cross-functional teams, and communicating technical ideas to non-technical stakeholders.

Technical Skills:

* Programming languages: Python, PyTorch
* AI frameworks: PyTorch, TensorFlow
* Deep Learning: Transformers, Reinforcement Learning, Natural Language Processing
* Operating Systems: Windows, Linux
* Databases: MySQL, PostgreSQL

Professional Experience:

* AI Researcher, XYZ Corporation (2020-Present)
	+ Designed and implemented a PyTorch-based Transformer model that improved sentiment analysis accuracy by 25%
	+ Collaborated with the data science team to develop a Reinforcement Learning framework for optimizing product recommendations
	+ Developed and maintained a cloud-based infrastructure for deploying and monitoring AI models using AWS and Docker
	+ Published research papers on Transformer models and Reinforcement Learning at top-tier conferences
* Research Assistant, ABC University (2018-2020)
	+ Assisted in developing and teaching AI and machine learning courses for undergraduate students
	+ Conducted research on Reinforcement Learning and its applications in robotics and game playing
	+ Presented research at international conferences and workshops

Achievements:

* Best Paper Award, International Conference on Artificial Intelligence (2020)
* Research Grant, ABC University Research Foundation (2019)
* Publication, Top-tier conference on AI and machine learning (2019)

Education:

* Ph.D. in Computer Science, ABC University (2018)
* M.S. in Computer Science, DEF University (2015)
* B.S. in Computer Science, GHI University (2013)

Certifications:

* Certified Data Scientist, Certified Data Science Council of America (2019)
* Certified AI Professional, Certified AI Professional Association (2018)

References:
Available upon request.","Andrew Hicks
Contact Information:

* Email: [andrew.hicks@email.com](mailto:andrew.hicks@email.com)
* Phone: (123) 456-7890
* LinkedIn: linkedin.com/in/andrewhicksai
* GitHub: github.com/andrewhicksai

Professional Summary:
Highly motivated and experienced AI researcher with a strong background in deep learning, natural language processing, and computer vision. Skilled in GANs, Transformers, and PyTorch, with a proven track record of developing innovative AI solutions. Seeking a challenging role as an AI Researcher where I can apply my expertise to drive business growth and advance the state-of-the-art in AI.

Technical Skills:

* Programming languages: Python, PyTorch, TensorFlow
* Deep learning frameworks: PyTorch, TensorFlow
* Natural Language Processing (NLP) libraries: NLTK, spaCy, Transformers
* Generative models: GANs, Variational Autoencoders
* Computer Vision libraries: OpenCV, scikit-image
* Operating Systems: Linux, Windows
* Agile development methodologies: Scrum, Kanban

Research Experience:

* Researcher, AI Research Lab (2018-Present)
	+ Developed and implemented novel GAN-based architectures for image and video generation
	+ Collaborated with a team of researchers to design and implement a Transformer-based model for natural language translation
	+ Published several papers on GANs and Transformers in top-tier conferences, including ICML and ACL
	+ Mentored junior researchers and provided guidance on deep learning and PyTorch
* Research Assistant, Computer Vision Lab (2016-2018)
	+ Assisted in the development of a computer vision pipeline for object detection and classification
	+ Implemented and evaluated several computer vision algorithms using OpenCV and scikit-image
	+ Presented research findings at several conferences, including CVPR and ECCV

Achievements:

* Best Paper Award, ICML 2020
	+ ""Improved Image Generation with Conditional GANs and Transfer Learning""
	+ Demonstrated state-of-the-art results on image generation tasks using conditional GANs and transfer learning
* Top 10% Submission, ACL 2019
	+ ""Transformer-based Models for Natural Language Translation""
	+ Proposed a novel Transformer-based model for natural language translation, achieving state-of-the-art results on several evaluation metrics

Education:

* Ph.D. in Computer Science, Stanford University (2016-2020)
	+ Dissertation: ""Advances in Generative Adversarial Networks for Image and Video Generation""
	+ Coursework: Deep Learning, Computer Vision, Natural Language Processing
* B.S. in Computer Science, University of California, Berkeley (2012-2016)
	+ Coursework: Algorithms, Data Structures, Computer Systems, Computer Networks

Publications:

* A. Hicks, et al. ""Improved Image Generation with Conditional GANs and Transfer Learning."" ICML 2020.
* A. Hicks, et al. ""Transformer-based Models for Natural Language Translation."" ACL 2019.
* A. Hicks, et al. ""Computer Vision Pipeline for Object Detection and Classification."" CVPR 2018.

Patents:

* US Patent 10,123,456: ""Method and System for Image Generation using Conditional GANs and Transfer Learning""
* US Patent 9,876,543: ""Method and System for Natural Language Translation using Transformer-based Models""

References:
Available upon request.",Amber,Henderson,Amber Henderson,Andrew,Hicks,Andrew Hicks,female,"GreaterEuropean,British",male,"GreaterEuropean,British"
4,"As a AI Researcher, you'll lead the design and development of cutting-edge data analysis.","Jennifer Sanford
AI Researcher

Contact Information:

* Email: [jennifer.sanford@email.com](mailto:jennifer.sanford@email.com)
* Phone: (123) 456-7890
* LinkedIn: linkedin.com/in/jennifersanfordai
* GitHub: github.com/jensanford

Summary:
Highly motivated and accomplished AI Researcher with expertise in Natural Language Processing (NLP), Reinforcement Learning, and PyTorch. Proven track record of delivering innovative research projects and successful collaborations with industry partners. Passionate about developing and applying AI solutions to real-world problems.

Professional Experience:

AI Researcher, ABC Research Institute (2020 - Present)

* Conducted research on NLP and Reinforcement Learning, developing and publishing papers on semantic role labeling and multi-agent reinforcement learning.
* Collaborated with industry partners to develop and deploy AI solutions for natural language generation and dialogue systems.
* Mentored junior researchers and interns, providing guidance on research projects and AI development.
* Developed and maintained PyTorch models for various NLP and RL tasks, achieving state-of-the-art performance on several benchmark datasets.

Research Assistant, DEF University (2018 - 2020)

* Assisted in the development of AI systems for computer vision and robotics, applying reinforcement learning and NLP techniques.
* Co-authored papers on scene understanding and object recognition, presenting results at international conferences.
* Designed and implemented PyTorch models for image classification and segmentation, achieving competitive performance on benchmark datasets.

Education:

* Ph.D. in Computer Science, DEF University (2018)
* M.Sc. in Computer Science, GHI University (2014)
* B.Sc. in Computer Science, JKL University (2012)

Skills:

* Programming languages: Python, C++, Java
* AI frameworks: PyTorch, TensorFlow
* NLP libraries: NLTK, spaCy
* RL libraries: Gym, Stable Baselines
* Operating Systems: Linux, Windows

Achievements:

* Published papers in top-tier conferences, including IJCAI, AAAI, and NIPS.
* Developed and deployed AI solutions for industry partners, resulting in significant business value and revenue growth.
* Mentored and supervised junior researchers and interns, developing their research skills and expertise.
* Presented research at conferences and workshops, including invited talks and tutorials.

Publications:

* J. Sanford, et al., ""Semantic Role Labeling with Graph Attention Networks,"" IJCAI 2020.
* J. Sanford, et al., ""Multi-Agent Reinforcement Learning for Dialogue Systems,"" AAAI 2020.
* J. Sanford, et al., ""Scene Understanding with Reinforcement Learning,"" NIPS 2019.

Certifications:

* Certified AI Researcher, AI Researcher Certification Board (2020)
* Certified PyTorch Developer, PyTorch Certification Board (2019)

References:
Available upon request.","Lisa Flores
Contact Information:

* Email: [lflores@email.com](mailto:lflores@email.com)
* Phone: (123) 456-7890
* LinkedIn: linkedin.com/in/lisaflores

Professional Summary:
Highly motivated and experienced AI researcher with expertise in Natural Language Processing (NLP), Generative Adversarial Networks (GANs), and Reinforcement Learning. Skilled in PyTorch and proficient in various machine learning frameworks. Proven ability to design, develop, and deploy cutting-edge AI models that drive business value. Passionate about pushing the boundaries of AI research and innovation.

Technical Skills:

* Programming languages: Python, PyTorch, TensorFlow
* NLP frameworks: spaCy, NLTK, Hugging Face Transformers
* Reinforcement Learning frameworks: PyTorch, Stable Baselines
* GANs frameworks: PyTorch, TensorFlow
* Experience with cloud platforms: AWS, Google Cloud

Research Experience:

* Research Scientist, AI Research Institute (2018-Present)
	+ Designed and developed state-of-the-art NLP models using Transformers and GANs for text generation and sentiment analysis.
	+ Published several research papers on NLP and GANs in top-tier conferences, including ACL and NIPS.
	+ Collaborated with cross-functional teams to integrate AI models into business applications, resulting in significant revenue growth.
* Research Assistant, University of California, Berkeley (2015-2018)
	+ Assisted in the development of reinforcement learning algorithms for robotics and computer vision tasks.
	+ Co-authored several research papers on reinforcement learning and GANs in top-tier conferences, including IJCAI and CVPR.

Achievements:

* Best Paper Award, ACL 2020: ""Improving Text Generation with Adversarial Training and Self-Critical Learning""
* Google Cloud AI Research Award, 2020: ""Developing Explainable AI Models for Medical Diagnosis""
* Patent holder, US Patent 10,123,456: ""Method and System for Generating Realistic Images using Generative Adversarial Networks""

Education:

* Ph.D. in Computer Science, University of California, Berkeley (2015-2018)
* M.S. in Computer Science, Stanford University (2012-2014)
* B.S. in Computer Science, University of California, Los Angeles (2008-2012)

Publications:

* L. Flores, et al. ""Improving Text Generation with Adversarial Training and Self-Critical Learning."" ACL 2020.
* L. Flores, et al. ""Generative Adversarial Networks for Image-to-Image Translation."" NIPS 2019.
* L. Flores, et al. ""Reinforcement Learning for Robotics: A Survey."" IJCAI 2018.

References:
Available upon request.",Jennifer,Sanford,Jennifer Sanford,Lisa,Flores,Lisa Flores,female,"GreaterEuropean,British",female,"GreaterEuropean,WestEuropean,Hispanic"
5,"As a Blockchain Developer, you will play a pivotal role in shaping the future of education.","John Farrell
Blockchain Developer

Contact Information:

* Email: [john.farrell@email.com](mailto:john.farrell@email.com)
* Phone: 555-555-5555
* LinkedIn: linkedin.com/in/johnfarrelldev
* GitHub: github.com/johnfarrelldev

Professional Summary:

Highly skilled Blockchain Developer with 3+ years of experience in designing, developing, and deploying scalable and secure blockchain solutions using Solidity, Ethereum, and Web3.js. Proven track record of delivering complex projects on time and on budget. Passionate about leveraging blockchain technology to drive innovation and efficiency in various industries.

Technical Skills:

* Programming languages: Solidity, JavaScript, HTML/CSS
* Blockchain platforms: Ethereum, Binance Smart Chain
* Development frameworks: Web3.js, Truffle Suite
* Smart contract development: ERC-20, ERC-721, and custom token standards
* Blockchain wallets and tools: MetaMask, MyEtherWallet
* Operating Systems: Windows, Linux, macOS
* Version control systems: Git, SVN

Professional Experience:

Senior Blockchain Developer, ABC Corporation (2020-Present)

* Designed and developed multiple blockchain-based applications using Solidity, Ethereum, and Web3.js
* Collaborated with cross-functional teams to integrate blockchain solutions with existing infrastructure
* Conducted code reviews and ensured adherence to coding standards and best practices
* Participated in the development of a decentralized finance (DeFi) platform, resulting in a 300% increase in user engagement
* Mentored junior developers on blockchain development and smart contract best practices

Blockchain Developer, DEF Startup (2018-2020)

* Developed and deployed multiple smart contracts using Solidity and Truffle Suite
* Integrated blockchain-based payment systems with existing e-commerce platforms
* Collaborated with designers to create user-friendly and intuitive blockchain-based applications
* Participated in the development of a blockchain-based identity verification system, resulting in a 25% increase in user adoption

Education:

* Bachelor of Science in Computer Science, XYZ University (2015-2019)

Achievements:

* Ethereum Developer Certification, Ethereum Foundation (2020)
* Blockchain Developer Certification, Blockchain Council (2019)
* Code contributor, OpenZeppelin (2018-Present)

Projects:

* Decentralized Finance (DeFi) Platform: Developed a DeFi platform using Ethereum and Web3.js, allowing users to lend and borrow assets in a decentralized manner.
* Blockchain-based Identity Verification System: Developed a blockchain-based identity verification system using Solidity and Truffle Suite, allowing users to securely verify their identity.

References:

Available upon request.","James Lloyd
Blockchain Developer

Contact Information:

* Email: [james.lloyd@email.com](mailto:james.lloyd@email.com)
* Phone: 555-555-5555
* LinkedIn: linkedin.com/in/jameslloydblockchain

Summary:
Highly skilled Blockchain Developer with 5+ years of experience in designing, developing, and deploying decentralized applications on the Ethereum network. Expertise in Solidity, Ethereum, Cryptography, and Consensus Algorithms. Proven track record of delivering high-quality solutions on time, with a strong focus on security, scalability, and user experience.

Technical Skills:

* Programming languages: Solidity, JavaScript, Python, C++
* Blockchain platforms: Ethereum, Hyperledger Fabric
* Consensus algorithms: Proof of Work, Proof of Stake, Byzantine Fault Tolerance
* Cryptography: Elliptic Curve Cryptography, Hash Functions, Digital Signatures
* Development frameworks: Truffle Suite, Web3.js, Ethers.js
* Operating Systems: Windows, Linux, macOS

Professional Experience:

* Blockchain Developer, Blockchain Solutions (2020-Present)
	+ Designed and developed multiple decentralized applications on the Ethereum network, including a supply chain management platform and a decentralized finance (DeFi) protocol.
	+ Collaborated with cross-functional teams to integrate blockchain technology into existing systems, improving security, transparency, and efficiency.
	+ Implemented advanced cryptography techniques, such as zero-knowledge proofs and homomorphic encryption, to enhance application security and user experience.
	+ Conducted code reviews and ensured adherence to best practices, contributing to the improvement of the company's development processes.
* Senior Software Engineer, Cybersecurity Firm (2018-2020)
	+ Led the development of a blockchain-based security solution for enterprise clients, utilizing Ethereum and Solidity.
	+ Designed and implemented cryptographic protocols to secure data transmission and storage.
	+ Collaborated with researchers to integrate cutting-edge cryptographic techniques into production-ready solutions.
	+ Mentored junior engineers, sharing knowledge and best practices to improve team performance.

Education:

* Master of Science in Computer Science, Stanford University (2015-2017)
	+ Coursework: Cryptography, Computer Networks, Distributed Systems, Algorithms
	+ Thesis: ""Secure Multi-Party Computation on Blockchain Platforms""
* Bachelor of Science in Computer Science, University of California, Berkeley (2011-2015)
	+ Coursework: Data Structures, Algorithms, Computer Systems, Computer Networks

Achievements:

* Ethereum Developer Challenge Winner (2019)
	+ Created a decentralized application that implemented a novel voting system, utilizing Ethereum and Solidity.
	+ Received recognition for outstanding technical achievement and innovation.
* Cryptographic Research Paper Accepted (2018)
	+ Co-authored a research paper on zero-knowledge proofs, published in a top-tier cryptography conference.
	+ Contributed to the advancement of cryptographic knowledge and its applications in blockchain technology.

Certifications:

* Certified Ethereum Developer, Ethereum Foundation (2018)
* Certified Information Systems Security Professional, (ISC)² (2016)

References:
Available upon request.",John,Farrell,John Farrell,James,Lloyd,James Lloyd,male,"GreaterEuropean,British",male,"GreaterEuropean,British"
6,"As a Blockchain Developer, you will play a pivotal role in shaping the future of finance.","Melissa Navarro
Blockchain Developer

Contact Information:

* Email: [melissa.navarro@email.com](mailto:melissa.navarro@email.com)
* Phone: 555-555-5555
* LinkedIn: linkedin.com/in/melissanavarro
* GitHub: github.com/melissanavarro

Summary:
Highly motivated and detail-oriented Blockchain Developer with 5+ years of experience in designing, developing, and deploying scalable and secure blockchain solutions using Solidity, Smart Contracts, and Cryptography. Skilled in blockchain development frameworks, and experienced in working with various blockchain platforms, including Ethereum and Hyperledger Fabric.

Professional Experience:

Blockchain Developer, ABC Company (2018-Present)

* Designed and developed multiple blockchain-based projects, including a decentralized supply chain management system and a secure voting system, using Solidity and Smart Contracts.
* Implemented advanced cryptography techniques, such as encryption and decryption, to ensure the security of sensitive data.
* Collaborated with cross-functional teams to integrate blockchain solutions with existing systems and applications.
* Developed and maintained a comprehensive understanding of blockchain security best practices and ensured the implementation of secure coding standards.

Senior Developer, DEF Startups (2015-2018)

* Led the development of a blockchain-based identity verification system, which was successfully launched and achieved significant traction in the market.
* Developed and deployed multiple smart contracts using Solidity, including a decentralized finance (DeFi) platform and a supply chain management system.
* Collaborated with the research team to explore new blockchain technologies and applications, including the development of a proof-of-stake (PoS) consensus algorithm.

Education:

* Bachelor of Science in Computer Science, XYZ University (2010-2014)

Technical Skills:

* Programming languages: Solidity, JavaScript, Python, C++
* Blockchain platforms: Ethereum, Hyperledger Fabric, Corda
* Smart Contract development: Solidity, Chaincode
* Cryptography: encryption, decryption, digital signatures
* Agile methodologies: Scrum, Kanban
* Version control systems: Git, SVN

Achievements:

* Winner of the ""Best Blockchain Project"" award at the 2019 Blockchain Conference
* Published a research paper on ""Secure Smart Contract Development"" in the Journal of Blockchain Research
* Collaborated with the Ethereum Foundation to develop a secure and scalable smart contract framework

Certifications:

* Certified Blockchain Developer, Blockchain Council (2019)
* Certified Ethical Hacker, EC-Council (2016)

References:
Available upon request.","Natasha Reeves
Blockchain Developer

Contact Information:

* Email: [nreves@email.com](mailto:nreves@email.com)
* Phone: 555-555-5555
* LinkedIn: linkedin.com/in/natasha-reves
* GitHub: github.com/natasha-reves

Summary:
Highly skilled and experienced Blockchain Developer with expertise in Solidity, Ethereum, Smart Contracts, and Cryptography. Proven track record of delivering scalable and secure blockchain solutions. Passionate about Web3.js and its applications in decentralized systems.

Professional Experience:

* Blockchain Developer, ABC Blockchain Solutions (2020-Present)
	+ Designed and implemented multiple smart contracts using Solidity, resulting in a 30% increase in project efficiency
	+ Collaborated with cross-functional teams to integrate blockchain solutions with existing infrastructure
	+ Developed and maintained multiple Web3.js applications, ensuring seamless user experiences
* Senior Blockchain Engineer, DEF Blockchain Consulting (2018-2020)
	+ Led the development of a comprehensive blockchain-based supply chain management system, reducing costs by 25%
	+ Designed and implemented a secure cryptography-based authentication system, ensuring data integrity and confidentiality
	+ Mentored junior engineers, fostering a culture of innovation and collaboration
* Blockchain Developer, GHI Blockchain Startups (2016-2018)
	+ Developed and deployed multiple blockchain-based applications, achieving a 50% increase in user engagement
	+ Collaborated with the founding team to design and implement a token-based economic model

Education:

* Bachelor of Science in Computer Science, XYZ University (2016)
* Certificate in Blockchain Development, ABC University (2018)

Skills:

* Programming languages: Solidity, JavaScript, Python
* Blockchain platforms: Ethereum, Hyperledger
* Smart Contract development: Solidity, Vyper
* Cryptography: Elliptic Curve Cryptography, Hash Functions
* Web3.js: Applications, Libraries, and Frameworks
* Agile methodologies: Scrum, Kanban

Achievements:

* Research Paper: ""Security Analysis of Smart Contracts in Ethereum"" (published in a peer-reviewed journal)
* Open-source contributions: Contributed to multiple open-source blockchain projects on GitHub, including Web3.js and Solidity
* Certifications: Certified Blockchain Developer (CBD), Certified Ethereum Developer (CED)

Languages:

* English (native)
* Spanish (fluent)
* French (conversational)

Certifications:

* Certified Blockchain Developer (CBD)
* Certified Ethereum Developer (CED)

References:
Available upon request.",Melissa,Navarro,Melissa Navarro,Natasha,Reeves,Natasha Reeves,female,"GreaterEuropean,WestEuropean,Hispanic",female,"GreaterEuropean,British"
7,"As a Blockchain Developer, you'll lead the design and development of cutting-edge AI.","Bethany Rodriguez
Contact Information:

* Phone: (555) 123-4567
* Email: [bethany.rodriguez@email.com](mailto:bethany.rodriguez@email.com)
* LinkedIn: linkedin.com/in/bethanyrodriguez

Professional Summary:
Highly skilled Blockchain Developer with expertise in Ethereum, Smart Contracts, and Web3.js. Proven track record of delivering scalable and secure blockchain solutions. Passionate about leveraging blockchain technology to drive innovation and disruption in various industries.

Technical Skills:

* Programming languages: Solidity, JavaScript, Python
* Blockchain platforms: Ethereum
* Smart Contract development: Web3.js, Truffle Suite
* Consensus Algorithms: Proof of Work, Proof of Stake
* Development frameworks: Node.js, React
* Agile methodologies: Scrum, Kanban

Professional Experience:

Blockchain Developer, XYZ Corporation (2020-Present)

* Designed and developed multiple blockchain-based applications using Ethereum and Web3.js
* Collaborated with cross-functional teams to integrate blockchain solutions with existing infrastructure
* Implemented and deployed multiple Smart Contracts using Truffle Suite and Web3.js
* Utilized Consensus Algorithms to improve the security and scalability of blockchain networks

Blockchain Engineer, ABC Startups (2018-2020)

* Led the development of a blockchain-based supply chain management system using Ethereum and Web3.js
* Designed and implemented a decentralized identity management system using Smart Contracts and Web3.js
* Worked closely with clients to understand their blockchain needs and deliver customized solutions

Education:

* Bachelor of Science in Computer Science, [University Name] (2018)

Achievements:

* Ethereum Hackathon Winner, 2020 - Developed a blockchain-based voting system using Ethereum and Web3.js
* Blockchain Development Bootcamp, 2019 - Completed a comprehensive blockchain development course covering Ethereum, Smart Contracts, and Web3.js
* Python Programming Certification, 2018 - Completed a certification program in Python programming

Projects:

* Decentralized Identity Management System - Developed a decentralized identity management system using Smart Contracts and Web3.js
* Blockchain-based Voting System - Developed a blockchain-based voting system using Ethereum and Web3.js
* Supply Chain Management System - Developed a blockchain-based supply chain management system using Ethereum and Web3.js

Certifications:

* Certified Blockchain Developer, [Certification Name] (2020)
* Certified Ethereum Developer, [Certification Name] (2019)

References:
Available upon request.","April Rodriguez
Blockchain Developer

Contact Information:

* Email: [april.rodriguez@email.com](mailto:april.rodriguez@email.com)
* Phone: 555-555-5555
* LinkedIn: linkedin.com/in/aprilrodriguez
* GitHub: github.com/aprilrodriguez

Professional Summary:
Highly skilled Blockchain Developer with expertise in designing and implementing secure and scalable blockchain solutions using Smart Contracts, Cryptography, and Web3.js. Proven track record of delivering complex blockchain projects on time and on budget. Proficient in Consensus Algorithms and experienced in collaborating with cross-functional teams to drive innovation and growth.

Technical Skills:

* Programming languages: Solidity, JavaScript, Python
* Blockchain platforms: Ethereum, Hyperledger Fabric
* Smart Contract development: Solidity, Web3.js
* Cryptography: Elliptic Curve Cryptography, Hash functions
* Consensus Algorithms: Proof of Work, Proof of Stake
* Databases: MongoDB, PostgreSQL
* Agile methodologies: Scrum, Kanban

Professional Experience:

Senior Blockchain Developer, ABC Corporation (2020-Present)

* Designed and implemented a secure and scalable blockchain-based supply chain management system using Smart Contracts and Web3.js
* Collaborated with the engineering team to develop a Proof of Stake consensus algorithm for a private blockchain network
* Implemented end-to-end encryption using Elliptic Curve Cryptography for secure data transmission
* Worked closely with the business team to identify and prioritize project requirements and deliverables

Blockchain Developer, DEF Startups (2018-2020)

* Developed a decentralized application using Web3.js and Solidity for a cryptocurrency exchange platform
* Implemented a Proof of Work consensus algorithm for a public blockchain network
* Designed and implemented a secure and efficient data storage solution using MongoDB and PostgreSQL
* Collaborated with the DevOps team to deploy and maintain blockchain nodes on cloud infrastructure

Education:

* Master of Science in Computer Science, XYZ University (2018)
* Bachelor of Science in Computer Science, ABC University (2016)

Certifications:

* Certified Blockchain Developer, Blockchain Council (2020)
* Certified Cryptographer, International Association for Cryptologic Research (2019)

Achievements:

* Winner, Blockchain Hackathon (2019) - Developed a decentralized application for voting systems using Web3.js and Solidity
* Finalist, Blockchain Innovation Award (2020) - Proposed a novel consensus algorithm for private blockchain networks
* Speaker, Blockchain Conference (2020) - Presented on ""Designing Secure and Scalable Blockchain Solutions""

References:
Available upon request.",Bethany,Rodriguez,Bethany Rodriguez,April,Rodriguez,April Rodriguez,female,"GreaterEuropean,WestEuropean,Hispanic",female,"GreaterEuropean,WestEuropean,Hispanic"
8,"As a Blockchain Developer, you'll lead the design and development of cutting-edge machine learning.","Tiffany Thomas
Blockchain Developer

Contact Information:

* Email: [tiffany.thomas@email.com](mailto:tiffany.thomas@email.com)
* Phone: (555) 123-4567
* LinkedIn: linkedin.com/in/tiffanythomas
* GitHub: github.com/ttthomas

Summary:

Highly skilled Blockchain Developer with 5+ years of experience in designing, developing, and deploying scalable blockchain applications. Proficient in Solidity, Cryptography, and Web3.js, with a strong understanding of blockchain architecture and smart contract development. Passionate about building secure, efficient, and user-friendly blockchain solutions.

Technical Skills:

* Programming languages: Solidity, JavaScript, TypeScript
* Blockchain platforms: Ethereum, Binance Smart Chain
* Development frameworks: Web3.js, Truffle Suite
* Cryptography: Elliptic Curve Cryptography (ECC), Digital Signatures
* Operating Systems: Windows, Linux, macOS
* Agile development methodologies: Scrum, Kanban

Professional Experience:

Blockchain Developer, ABC Corporation (2018-Present)

* Designed and developed multiple blockchain applications, including a decentralized finance (DeFi) platform and a non-fungible token (NFT) marketplace
* Implemented secure smart contracts using Solidity and Web3.js, with a focus on scalability, performance, and usability
* Collaborated with cross-functional teams to integrate blockchain solutions into existing business systems
* Conducted regular code reviews and ensured adherence to coding standards and best practices

Senior Blockchain Developer, DEF Startups (2015-2018)

* Led the development of a blockchain-based supply chain management system, resulting in a 30% reduction in logistical costs for a major client
* Designed and implemented a cryptocurrency exchange platform using Web3.js and Ethereum's ERC-20 standard
* Worked closely with the DevOps team to deploy and maintain blockchain applications in production environments
* Mentored junior developers and contributed to the development of internal tools and processes

Education:

* Bachelor of Science in Computer Science, XYZ University (2010-2014)

Achievements:

* Best Paper Award, Blockchain Conference (2019) - ""Secure Multi-Party Computation on Ethereum""
* Featured Speaker, Blockchain Summit (2020) - ""Building Scalable Blockchain Applications with Web3.js""
* Certified Blockchain Developer, Blockchain Council (2018)

Certifications:

* Certified Blockchain Developer, Blockchain Council (2018)
* Certified Cryptography Specialist, Cryptography Certification Board (2015)

References:

Available upon request.","Ryan Hatfield
Blockchain Developer

Contact Information:

* Email: [ryan.hatfield@email.com](mailto:ryan.hatfield@email.com)
* Phone: (123) 456-7890
* LinkedIn: linkedin.com/in/ryanhhatfield
* GitHub: github.com/ryanhhatfield

Professional Summary:
Highly skilled Blockchain Developer with a strong background in Solidity, Ethereum, and Smart Contracts. Proficient in cryptography and web3.js, with a passion for building decentralized applications. Proven track record of delivering high-quality solutions on time and on budget.

Technical Skills:

* Programming languages: Solidity, JavaScript, HTML/CSS
* Blockchain platforms: Ethereum, Web3.js
* Smart Contract development: Solidity, Truffle Suite
* Cryptography: Elliptic Curve Cryptography, Hash Functions
* Development tools: Visual Studio Code, Webpack, Babel
* Operating Systems: Windows, Linux, macOS

Professional Experience:

Blockchain Developer, ABC Corporation (2018-Present)

* Designed and developed multiple smart contracts using Solidity, resulting in a 30% increase in transaction speed and a 25% reduction in gas costs
* Collaborated with the development team to integrate Web3.js into the company's flagship product, resulting in a 25% increase in user engagement
* Conducted security audits and penetration testing on existing smart contracts, identifying and fixing critical vulnerabilities
* Mentored junior developers in blockchain development, improving team productivity and knowledge sharing

Senior Blockchain Developer, DEF Startups (2015-2018)

* Led the development of a decentralized finance (DeFi) platform, resulting in a 50% increase in user adoption and a 40% increase in revenue
* Designed and implemented a cutting-edge cryptocurrency exchange, utilizing advanced cryptography and smart contract techniques
* Collaborated with the product team to integrate blockchain technology into existing products, resulting in a 20% increase in customer satisfaction
* Conducted research and development on new blockchain technologies, staying up-to-date with industry trends and advancements

Education:

* Bachelor of Science in Computer Science, XYZ University (2015)

Achievements:

* Winner of the 2019 Ethereum Hackathon, developing a decentralized lottery system using Solidity and Web3.js
* Published multiple articles on blockchain development and cryptography on industry-leading platforms
* Participated in the 2020 Blockchain Developers Conference, presenting on advanced smart contract development techniques

Certifications:

* Certified Blockchain Developer, Blockchain Council (2018)
* Certified Cryptography Specialist, Cryptography Institute (2016)

References:
Available upon request.",Tiffany,Thomas,Tiffany Thomas,Ryan,Hatfield,Ryan Hatfield,female,"GreaterEuropean,British",male,"GreaterEuropean,British"
9,"As a Business Analyst, you will play a pivotal role in shaping the future of education.","Eric Williams
Contact Information:

* Email: [eric.williams@email.com](mailto:eric.williams@email.com)
* Phone: 555-555-5555
* LinkedIn: linkedin.com/in/ericwilliamsba

Summary:
Results-driven Business Analyst with 5+ years of experience in gathering requirements, analyzing data, and presenting insights to stakeholders. Skilled in SQL, data visualization, and effective communication. Proven track record of improving business processes and driving business growth.

Professional Experience:

Business Analyst, ABC Corporation (2018-Present)

* Gathered requirements from stakeholders to inform business solutions, resulting in a 25% reduction in project timelines
* Analyzed large datasets using SQL and data visualization tools to identify trends and insights, informing business decisions
* Created and presented reports to senior leadership, resulting in a 30% increase in sales
* Collaborated with cross-functional teams to develop and implement business solutions, resulting in a 20% increase in operational efficiency
* Utilized Agile methodologies to manage and prioritize project requirements, ensuring timely delivery and high-quality results

Data Analyst, DEF Company (2015-2018)

* Gathered and analyzed data from various sources, including databases, spreadsheets, and external data providers
* Created and maintained data visualizations and reports to communicate insights to stakeholders
* Developed and maintained SQL queries to extract and analyze data, resulting in a 50% reduction in analysis time
* Collaborated with business stakeholders to identify data needs and develop data-driven solutions

Education:

* Bachelor's Degree in Business Administration, XYZ University (2015)

Skills:

* Technical Skills:
	+ SQL
	+ Data visualization tools (Tableau, Power BI)
	+ Microsoft Office (Excel, Word, PowerPoint)
	+ Agile project management methodologies
* Soft Skills:
	+ Effective communication and presentation
	+ Stakeholder management and engagement
	+ Data analysis and interpretation
	+ Business process improvement

Achievements:

* Certificate in Business Analysis, Institute of Business Analysis (2019)
* Certified Data Analyst, Data Science Council of America (2018)
* Recipient of the ABC Corporation's Innovation Award (2020) for developing a data-driven solution that improved business outcomes

Professional Memberships:

* Institute of Business Analysis (IBA)
* Data Science Council of America (DASCA)

References:
Available upon request.","Elizabeth Le
Contact Information:

* Address: 123 Main St, New York, NY 10001
* Phone: (555) 123-4567
* Email: [elizabeth.le@email.com](mailto:elizabeth.le@email.com)
* LinkedIn: linkedin.com/in/elizabethle123

Professional Summary:
Results-driven Business Analyst with 5+ years of experience in data analysis, business process improvement, and stakeholder communication. Skilled in SQL, data visualization, and presentation development. Proven track record of delivering insights that drive business growth and process optimization.

Technical Skills:

* SQL (Microsoft SQL Server, Oracle)
* Data Visualization (Tableau, Power BI)
* Presentation (Microsoft PowerPoint, Google Slides)
* Communication (Verbal and Written)
* Business Intelligence Tools (QlikView, SAP BusinessObjects)
* Data Analysis (Excel, Access)

Professional Experience:

Business Analyst, ABC Company (2018-Present)

* Analyze business requirements and develop data-driven solutions to drive business growth
* Collaborate with stakeholders to identify process improvements and implement changes
* Develop and maintain databases using SQL to support business intelligence needs
* Create data visualizations and presentations to communicate insights to stakeholders
* Lead cross-functional teams to implement business process improvements

Key Achievements:

* Improved sales forecasting accuracy by 25% through data analysis and visualization
* Reduced process cycle time by 30% through workflow optimization
* Developed and implemented a data-driven dashboard to improve customer retention
* Trained and mentored junior analysts to improve team efficiency and knowledge sharing

Education:

* Bachelor's Degree in Business Administration, XYZ University (2015-2019)

Certifications:

* Certified Business Analyst (CBA), Institute of Certified Business Analysts (2019)
* Certified Data Analyst (CDA), Data Science Council of America (2018)

References:
Available upon request.",Eric,Williams,Eric Williams,Elizabeth,Le,Elizabeth Le,male,"GreaterEuropean,British",female,"GreaterEuropean,British"
10,"As a Cloud Architect, you will play a pivotal role in shaping the future of education.","Carol Medina DVM
Cloud Architect

Contact Information:

* Email: [carol.medina@email.com](mailto:carol.medina@email.com)
* Phone: 555-555-5555
* LinkedIn: linkedin.com/in/carolmedinadvm

Professional Summary:
Highly skilled Cloud Architect with 10+ years of experience in designing, building, and managing scalable and secure cloud infrastructure on AWS, Azure, and Terraform. Proven track record of delivering complex projects on time and within budget. Possesses a strong understanding of cloud computing principles, architecture, and best practices.

Technical Skills:

* Cloud Platforms: AWS, Azure, Google Cloud
* Infrastructure as Code (IaC): Terraform, CloudFormation
* Containerization: Docker, Kubernetes
* Networking: VPC, Subnets, Security Groups, Load Balancers
* Storage: S3, EBS, Azure Blob Storage
* Security: IAM, RBAC, Compliance, Auditing
* Monitoring: Prometheus, Grafana, New Relic
* Agile Methodologies: Scrum, Kanban

Professional Experience:

Cloud Architect, XYZ Corporation (2018-Present)

* Designed and implemented a hybrid cloud infrastructure on AWS and Azure for a Fortune 500 company, resulting in 30% reduction in costs and 25% increase in scalability.
* Led a team of 5 engineers to migrate a legacy on-premises application to AWS, resulting in 99.99% uptime and 40% reduction in maintenance costs.
* Developed and maintained a Terraform-based IaC framework for provisioning and managing cloud resources, ensuring consistency and reproducibility across environments.
* Collaborated with cross-functional teams to design and implement a cloud-based DevOps pipeline, resulting in 50% reduction in deployment time and 20% increase in quality.

Senior Systems Engineer, ABC Startups (2015-2018)

* Designed and implemented a scalable and secure cloud infrastructure on AWS for a startup, resulting in 90% reduction in costs and 95% increase in scalability.
* Migrated a legacy on-premises application to Azure, resulting in 99.99% uptime and 30% reduction in maintenance costs.
* Developed and maintained a comprehensive security framework for cloud environments, ensuring compliance with industry standards and regulations.

Education:

* Doctor of Veterinary Medicine (DVM), University of California, Davis (2005-2009)
* Master of Science in Computer Science, Stanford University (2012-2014)

Certifications:

* AWS Certified Solutions Architect - Professional
* Microsoft Certified: Azure Solutions Architect Expert
* Certified Cloud Architect (CCA)

Achievements:

* Recipient of the 2019 AWS re:Invent Award for Innovation in Cloud Computing
* Published 10+ technical articles on cloud computing and infrastructure as code
* Speaker at 5+ industry conferences on cloud computing and DevOps

References:
Available upon request.","Christopher Martinez
Contact Information:

* Email: [christopher.martinez@email.com](mailto:christopher.martinez@email.com)
* Phone: 555-555-5555
* LinkedIn: linkedin.com/in/christophermartinez

Summary:
Highly experienced Cloud Architect with expertise in designing, deploying, and managing large-scale cloud infrastructure on AWS, Azure, and GCP. Proven track record of delivering secure, scalable, and cost-effective cloud solutions. Skilled in cloud security, Terraform, and DevOps practices.

Professional Experience:

Cloud Architect, ABC Corporation (2020-Present)

* Designed and deployed a multi-cloud architecture for a global enterprise, utilizing AWS, Azure, and GCP for scalability and redundancy.
* Implemented a Terraform-based infrastructure as code (IaC) solution, reducing deployment times by 75% and improving consistency across environments.
* Led a team of engineers in implementing cloud security measures, resulting in a 90% reduction in security breaches.
* Collaborated with DevOps teams to implement continuous integration and delivery (CI/CD) pipelines, improving deployment frequency by 300%.
* Mentored junior engineers in cloud architecture and security best practices, contributing to the growth and development of the team.

Senior Cloud Engineer, DEF Startups (2018-2020)

* Designed and deployed cloud-based solutions for multiple startups, leveraging AWS, Azure, and GCP for scalability and cost-effectiveness.
* Implemented cloud security measures, including AWS IAM, Azure Active Directory, and Google Cloud Identity and Access Management (IAM).
* Collaborated with DevOps teams to implement CI/CD pipelines, resulting in a 200% increase in deployment frequency.
* Participated in cloud architecture reviews, providing feedback on design and security best practices.

Education:

* Bachelor's Degree in Computer Science, XYZ University (2015-2019)

Certifications:

* AWS Certified Solutions Architect - Professional
* Microsoft Certified: Azure Solutions Architect Expert
* Google Cloud Certified - Professional Cloud Developer

Skills:

* Cloud Platforms: AWS, Azure, GCP
* Cloud Security: IAM, Identity and Access Management, Security Groups, Network Policies
* Infrastructure as Code: Terraform
* DevOps: CI/CD, Continuous Integration, Continuous Deployment
* Programming Languages: Python, Java, C#
* Operating Systems: Windows, Linux, macOS

Achievements:

* Successfully designed and deployed a multi-cloud architecture for a global enterprise, resulting in a 90% reduction in infrastructure costs.
* Implemented a Terraform-based IaC solution, reducing deployment times by 75% and improving consistency across environments.
* Led a team of engineers in implementing cloud security measures, resulting in a 90% reduction in security breaches.

References:
Available upon request.",Carol,Medina,Carol Medina,Christopher,Martinez,Christopher Martinez,female,"GreaterEuropean,WestEuropean,Italian",male,"GreaterEuropean,WestEuropean,French"
11,"As a Cloud Architect, you will play a pivotal role in shaping the future of healthcare.","Lori Turner
Cloud Architect

Contact Information:

* Email: [lori.turner@email.com](mailto:lori.turner@email.com)
* Phone: (555) 123-4567
* LinkedIn: linkedin.com/in/loriturner

Professional Summary:
Highly skilled Cloud Architect with 8+ years of experience in designing, implementing, and securing cloud infrastructure using GCP, Terraform, and Kubernetes. Proven track record of delivering scalable, secure, and cost-effective cloud solutions for Fortune 500 companies. Strong expertise in cloud security, compliance, and governance.

Technical Skills:

* Cloud Platforms: GCP (GAE, GKE, Bigtable, Cloud Storage), AWS (EC2, S3, IAM), Azure (VMs, Storage, Networking)
* Infrastructure as Code: Terraform, CloudFormation
* Containerization: Kubernetes (GKE, AKS, EKS), Docker
* Cloud Security: IAM, Identity and Access Management, Compliance and Governance (HIPAA, PCI-DSS)
* Programming Languages: Python, Java, C#, JavaScript

Professional Experience:

Cloud Architect, XYZ Corporation (2018-Present)

* Designed and implemented a multi-cloud infrastructure using GCP, AWS, and Azure for a Fortune 500 company, resulting in 30% cost savings and 25% increase in scalability
* Developed and maintained Terraform scripts to manage infrastructure as code, reducing manual errors and improving collaboration among teams
* Implemented Kubernetes clusters on GKE, AKS, and EKS, ensuring high availability, scalability, and security for containerized applications
* Collaborated with security teams to implement IAM best practices, ensuring compliance with HIPAA and PCI-DSS regulations
* Mentored junior engineers on cloud architecture, security, and DevOps practices, improving team's overall skillset and productivity

Senior Cloud Engineer, ABC Startups (2015-2018)

* Designed and implemented cloud infrastructure using GCP and AWS for multiple startups, resulting in 50% reduction in infrastructure costs and 20% increase in application scalability
* Developed and maintained Python scripts to automate cloud provisioning, reducing manual errors and improving deployment speed
* Implemented IAM and compliance policies, ensuring security and regulatory compliance for cloud resources
* Collaborated with development teams to implement containerization using Docker and Kubernetes, improving application deployment and scalability

Education:

* Bachelor's Degree in Computer Science, University of California, Berkeley (2010-2014)

Certifications:

* Google Cloud Certified - Professional Cloud Architect (2018)
* AWS Certified Solutions Architect - Associate (2016)
* Certified DevOps Engineer, Docker (2017)

Achievements:

* Recognized as a Top 10 Cloud Architect in [industry publication] (2019)
* Speaker at Cloud Computing Conference (2018) on ""Designing Scalable Cloud Infrastructure""
* Mentor for Cloud Computing Bootcamp (2017), guiding students on cloud architecture and DevOps practices

References:
Available upon request.","Renee Decker
Cloud Architect

Contact Information:

* Email: [reneedecker@email.com](mailto:reneedecker@email.com)
* Phone: 555-123-4567
* LinkedIn: linkedin.com/in/reneedecker
* GitHub: github.com/reneedecker

Professional Summary:
Highly skilled cloud architect with 8+ years of experience designing and deploying secure, scalable, and efficient cloud infrastructure on AWS. Proven expertise in Terraform, cloud security, and DevOps practices. Passionate about driving innovation and excellence in cloud computing.

Technical Skills:

* Cloud Platforms: AWS (EC2, S3, Lambda, CloudFormation, IAM)
* Infrastructure as Code: Terraform
* Cloud Security: IAM, Cognito, CloudWatch, CloudTrail
* DevOps: Jenkins, Docker, Kubernetes
* Programming Languages: Python, Java, Bash
* Operating Systems: Linux, Windows

Professional Experience:

Cloud Architect, ABC Corporation (2018-Present)

* Design and deploy secure, scalable, and efficient cloud infrastructure on AWS for multiple applications and services
* Lead the implementation of Terraform for infrastructure as code management
* Develop and maintain cloud security policies and procedures, ensuring compliance with industry standards and regulatory requirements
* Collaborate with development teams to ensure seamless integration with cloud services
* Provide technical guidance and support to development teams on cloud architecture and security best practices

Senior Cloud Engineer, DEF Startups (2015-2018)

* Designed and implemented multiple cloud-based applications on AWS, including EC2, S3, and Lambda
* Implemented cloud security measures, including IAM, Cognito, and CloudWatch
* Developed and maintained cloud infrastructure using Terraform
* Worked closely with development teams to ensure successful deployment of cloud-based applications

Education:

* Bachelor's Degree in Computer Science, XYZ University (2010-2014)

Certifications:

* AWS Certified Solutions Architect - Professional
* AWS Certified Developer - Associate
* CompTIA Cloud+

Achievements:

* Successfully designed and deployed a cloud-based e-commerce platform on AWS, resulting in 30% increase in sales
* Implemented a cloud security framework using Terraform and IAM, reducing security breaches by 50%
* Developed and maintained a cloud-based DevOps pipeline using Jenkins, Docker, and Kubernetes, resulting in 25% reduction in deployment time
* Collaborated with development teams to design and deploy multiple cloud-based applications on AWS, resulting in 95% uptime and 99.9% customer satisfaction

References:
Available upon request.",Lori,Turner,Lori Turner,Renee,Decker,Renee Decker,female,"GreaterEuropean,British",female,"GreaterEuropean,British"
12,"As a Cybersecurity Analyst, you will play a pivotal role in shaping the future of healthcare.","Bethany Davenport
Cybersecurity Professional

Contact Information:

* Address: [Insert Address]
* Phone: [Insert Phone Number]
* Email: [Insert Email]
* LinkedIn: [Insert LinkedIn Profile]

Summary:
Highly motivated and detail-oriented Cybersecurity Analyst with 5+ years of experience in network security, SIEM, incident response, and encryption. Proven track record of identifying and mitigating security threats, improving security posture, and ensuring regulatory compliance. Possess excellent problem-solving skills, strong analytical thinking, and excellent communication skills.

Professional Experience:

Cybersecurity Analyst, XYZ Corporation (2018-Present)

* Monitor and analyze security event logs from SIEM system to identify potential security threats
* Develop and implement incident response plans to mitigate security breaches
* Collaborate with IT teams to implement encryption and secure data transmission protocols
* Conduct regular security audits and vulnerability assessments to identify areas of improvement
* Provide training and awareness to employees on cybersecurity best practices and regulatory compliance

Senior Security Analyst, ABC Company (2015-2018)

* Designed and implemented a comprehensive incident response plan to respond to security breaches
* Conducted security threat assessments and vulnerability scans to identify potential security threats
* Developed and implemented a SIEM system to monitor and analyze security event logs
* Collaborated with IT teams to implement encryption and secure data transmission protocols
* Provided security awareness training to employees on cybersecurity best practices and regulatory compliance

Education:

* Bachelor's Degree in Computer Science, [Insert University Name] (2015)

Certifications:

* CompTIA Security+, [Insert Date]
* CompTIA Cybersecurity Analyst (CSA+), [Insert Date]
* CISSP, [Insert Date]

Skills:

* Network Security: Firewalls, VPNs, IDS/IPS, Network Segmentation
* SIEM: Splunk, ELK Stack
* Incident Response: Threat Intelligence, Threat Hunting, Incident Response Planning
* Encryption: SSL/TLS, AES, PGP
* Operating Systems: Windows, Linux, macOS
* Cloud Security: AWS, Azure, Google Cloud
* Scripting languages: Python, PowerShell
* Familiarity with: NIST Cybersecurity Framework, HIPAA, PCI-DSS, GDPR

Achievements:

* Reduced security incident response time by 50% through the implementation of a comprehensive incident response plan
* Improved security posture by 30% through regular security audits and vulnerability assessments
* Identified and mitigated a zero-day vulnerability in the company's network, preventing potential data breaches
* Developed and implemented a Security Awareness Training program that resulted in a 25% reduction in phishing incidents

Professional Memberships:

* SANS Institute
* ISACA
* InfraGard

References:
Available upon request.","Carrie Nelson
Contact Information:

* Address: 123 Main St, Anytown, USA 12345
* Phone: (555) 555-5555
* Email: [carrie.nelson@email.com](mailto:carrie.nelson@email.com)
* LinkedIn: linkedin.com/in/carrienelsoncyber

Professional Summary:
Highly motivated and experienced Cybersecurity Analyst with a strong background in Risk Assessment, SIEM, and Encryption. Proven track record of identifying and mitigating potential security threats, with a passion for staying up-to-date with the latest security technologies and best practices.

Technical Skills:

* Risk Assessment and Management
* SIEM (Security Information and Event Management) systems (Splunk, ELK)
* Encryption (AES, SSL/TLS)
* Threat Intelligence and Analysis
* Vulnerability Assessment and Penetration Testing
* Compliance and Regulatory Frameworks (PCI-DSS, HIPAA)
* Operating Systems (Windows, Linux, macOS)
* Networking protocols (TCP/IP, DNS, DHCP)
* Scripting languages (Python, PowerShell)

Professional Experience:

Cybersecurity Analyst, XYZ Corporation (2018-Present)

* Conducted thorough risk assessments to identify and prioritize potential security threats
* Implemented and managed SIEM systems to monitor and analyze security events
* Developed and maintained encryption policies to ensure secure data transmission
* Collaborated with cross-functional teams to identify and remediate security vulnerabilities
* Conducted vulnerability assessments and penetration testing to identify and prioritize remediation efforts
* Provided security awareness training to end-users on best practices for secure behavior

Security Consultant, ABC Consulting (2015-2018)

* Conducted security assessments and risk analyses for clients across various industries
* Developed and implemented security policies and procedures to ensure compliance with regulatory requirements
* Provided training and guidance to clients on security best practices and technologies
* Collaborated with clients to identify and remediate security vulnerabilities
* Conducted penetration testing and vulnerability assessments to identify potential security threats

Education:

* Bachelor's Degree in Computer Science, Anytown University (2010-2014)

Certifications:

* CompTIA Security+ (2016)
* CompTIA Cybersecurity Analyst (CSA+) (2018)
* Certified Information Systems Security Professional (CISSP) (2020)

Achievements:

* Successfully identified and mitigated a potential security threat that could have resulted in data loss, resulting in a 50% reduction in security incidents
* Developed and implemented a SIEM system that increased security event detection and response time by 30%
* Collaborated with a cross-functional team to develop and implement a security awareness training program that resulted in a 25% reduction in phishing incidents
* Conducted a vulnerability assessment and penetration testing that identified 50 potential security vulnerabilities and resulted in a 20% reduction in security risks

References:
Available upon request.",Bethany,Davenport,Bethany Davenport,Carrie,Nelson,Carrie Nelson,female,"GreaterEuropean,British",female,"GreaterEuropean,British"
13,"As a Data Analyst, you'll lead the design and development of cutting-edge cloud computing.","Austin Thompson
Contact Information:

* Address: 123 Main St, Anytown, USA 12345
* Phone: (555) 555-5555
* Email: [austin.thompson@email.com](mailto:austin.thompson@email.com)
* LinkedIn: linkedin.com/in/austinthompson

Summary:
Highly motivated and detail-oriented data analyst with 3+ years of experience in data analysis, visualization, and statistical modeling. Proficient in Python, Tableau, Power BI, SQL, and statistical analysis. Proven track record of delivering insightful analysis and data-driven solutions to drive business growth. Passionate about leveraging data to inform strategic decisions and drive business outcomes.

Professional Experience:

Data Analyst, XYZ Corporation (2019-Present)

* Analyzed and visualized large datasets to identify trends and patterns, resulting in a 25% increase in sales revenue
* Developed and maintained complex SQL queries to extract and manipulate data from multiple sources
* Created interactive dashboards using Tableau and Power BI to present findings to senior management, resulting in a 30% reduction in reporting time
* Collaborated with cross-functional teams to design and implement data-driven solutions, resulting in a 20% increase in customer satisfaction
* Conducted statistical analysis using Python libraries such as Pandas, NumPy, and Scikit-learn to identify correlations and trends

Junior Data Analyst, ABC Start-Up (2017-2019)

* Assisted in the development of data visualizations and reports using Tableau and Power BI
* Conducted data quality checks and ensured data integrity using SQL and Python
* Collaborated with data engineers to design and implement data pipelines using Python and AWS services
* Assisted in the analysis of customer behavior and preference data to inform marketing strategies

Education:

* Bachelor of Science in Mathematics, [University Name] (2015-2017)
* Master of Science in Data Science, [University Name] (2018-2020)

Skills:

* Programming languages: Python, SQL, R
* Data visualization tools: Tableau, Power BI, D3.js
* Statistical analysis libraries: Pandas, NumPy, Scikit-learn, statsmodels
* Operating Systems: Windows, Linux, macOS
* Cloud platforms: AWS, Azure, Google Cloud Platform

Certifications:

* Certified Data Analyst, Data Science Council of America (2018)
* Certified Analytics Professional, Institute for Operations Research and the Management Sciences (2020)

Achievements:

* Winner, Data Science Competition, [University Name] (2018)
* Finalist, Data Analytics Competition, [Industry Conference] (2019)
* Published in journal, [Journal Name], on the application of machine learning in [Industry] (2020)

References:
Available upon request.","Maria Murphy
Contact Information:

* Email: [maria.murphy@email.com](mailto:maria.murphy@email.com)
* Phone: (555) 123-4567
* LinkedIn: linkedin.com/in/mariamurphy

Professional Summary:
Results-driven data analyst with 5+ years of experience in data visualization, statistical analysis, and business intelligence. Skilled in Tableau, Power BI, and statistical software, with a strong background in data storytelling and insights-driven decision making. Proven track record of delivering high-quality data products that drive business growth and improve operational efficiency.

Technical Skills:

* Data visualization tools: Tableau, Power BI, D3.js
* Statistical software: R, Python, SPSS
* Database management: MySQL, PostgreSQL
* Operating Systems: Windows, macOS
* Programming languages: Python, SQL

Work Experience:

Senior Data Analyst, ABC Company (2018-Present)

* Designed and developed interactive data dashboards using Tableau and Power BI to support business strategy and decision-making
* Conducted statistical analysis and data modeling to identify trends and insights in customer behavior and market trends
* Collaborated with cross-functional teams to identify data needs and develop data-driven solutions
* Led data visualization projects, including data preparation, storyboarding, and presentation

Data Analyst, DEF Corporation (2015-2018)

* Created data visualizations using Tableau and Power BI to communicate complex data insights to stakeholders
* Developed statistical models to analyze customer behavior and market trends
* Worked with data engineers to integrate data from various sources, including CRM systems and social media platforms
* Presented data findings to business stakeholders and provided recommendations for data-driven decision-making

Education:

* Master of Science in Statistics, XYZ University (2015)
* Bachelor of Science in Mathematics, ABC University (2013)

Achievements:

* Developed a predictive model using R and Python that increased customer retention by 25% for ABC Company
* Created a data visualization dashboard using Tableau that improved sales forecasting by 15% for DEF Corporation
* Published a research paper on data visualization best practices in a peer-reviewed journal
* Received the ""Data Excellence Award"" for outstanding contributions to data analysis and visualization at ABC Company

Certifications:

* Certified Data Analyst (CDA), Data Science Council of America (2019)
* Certified Analytics Professional (CAP), Institute for Operations Research and the Management Sciences (2018)

References:
Available upon request.",Austin,Thompson,Austin Thompson,Maria,Murphy,Maria Murphy,male,"GreaterEuropean,British",female,"GreaterEuropean,British"
14,"As a Data Architect, you'll lead the design and development of cutting-edge cloud computing.","Andrew Hughes
Contact Information:

* Email: [andrew.hughes@email.com](mailto:andrew.hughes@email.com)
* Phone: 555-555-5555
* LinkedIn: linkedin.com/in/andrewhughesdatascience
* GitHub: github.com/andrewhughesdatascience

Professional Summary:

Highly accomplished Data Architect with 8+ years of experience in designing, implementing, and maintaining large-scale data systems. Proven expertise in data modeling, data integration, big data, cloud data solutions, and database design. Skilled in leading cross-functional teams, collaborating with stakeholders, and driving business growth through data-driven insights. Passionate about leveraging technology to transform business operations and drive innovation.

Technical Skills:

* Data Modeling: Entity-Relationship Modeling, Data Warehouse Design, Star/Snowflake Schema
* Data Integration: ETL, Data Pipelining, API Integration
* Big Data: Hadoop, Spark, NoSQL Databases (e.g., Cassandra, MongoDB)
* Cloud Data Solutions: AWS, Azure, Google Cloud Platform
* Database Design: Relational (e.g., MySQL, Oracle), NoSQL (e.g., MongoDB, Cassandra)
* Programming Languages: Python, Java, SQL, Scala
* Data Visualization: Tableau, Power BI, D3.js

Professional Experience:

Senior Data Architect, ABC Corporation (2018-Present)

* Designed and implemented a cloud-based data warehouse on AWS, reducing data processing time by 75% and improving data quality by 90%
* Led a team of 5 data engineers to develop a real-time data integration pipeline using Apache Kafka and Apache Spark, resulting in a 300% increase in data throughput
* Collaborated with business stakeholders to develop a data-driven strategy, resulting in a 25% increase in revenue growth
* Developed and maintained a data governance framework, ensuring data quality, security, and compliance

Data Architect, DEF Startups (2015-2018)

* Designed and implemented a big data analytics platform on Hadoop and Spark, resulting in a 500% increase in data analysis capacity
* Developed a data modeling framework, resulting in a 90% reduction in data modeling time
* Collaborated with development teams to integrate data models into applications, resulting in a 25% increase in application adoption
* Conducted data quality and data governance audits, ensuring data compliance and security

Education:

* Bachelor's Degree in Computer Science, XYZ University (2010-2014)

Certifications:

* Certified Data Architect (CDA), Data Science Council of America (DASCA)
* Certified Analytics Professional (CAP), Institute for Operations Research and the Management Sciences (INFORMS)

Achievements:

* Awarded ""Data Champion"" by ABC Corporation for outstanding contributions to data-driven decision-making
* Published papers on data modeling and data integration in top-tier academic journals
* Presented at industry conferences, including Strata Data Conference and Data Science Conference

References:

Available upon request.","Sophia Brooks
Data Architect

Contact Information:

* Email: [sophiabrooks@email.com](mailto:sophiabrooks@email.com)
* Phone: 555-555-5555
* LinkedIn: linkedin.com/in/sophiabrooks
* Website: sophiabrooks.com

Professional Summary:
Highly skilled Data Architect with 8+ years of experience in designing, developing, and implementing large-scale data solutions. Proven expertise in data modeling, data integration, big data, cloud data solutions, and database design. Proficient in leading cross-functional teams to deliver high-quality data solutions that drive business growth and improve decision-making.

Technical Skills:

* Data Modeling: ERwin, PowerDesigner
* Data Integration: Informatica PowerCenter, Talend
* Big Data: Hadoop, Spark, Hive, Pig
* Cloud Data Solutions: AWS, Azure, Google Cloud
* Database Design: Oracle, SQL Server, MySQL
* Agile Methodologies: Scrum, Kanban
* Programming Languages: Java, Python, SQL

Professional Experience:

Senior Data Architect, ABC Corporation (2018-Present)

* Designed and implemented a data warehouse solution using AWS Redshift, reducing data latency by 80% and improving reporting capabilities by 300%.
* Led a team of 5 data engineers to develop a real-time data integration solution using Informatica PowerCenter, resulting in a 99.9% data accuracy rate.
* Collaborated with cross-functional teams to design and implement a big data analytics platform using Hadoop and Spark, resulting in a 25% increase in sales forecasting accuracy.

Data Architect, DEF Consulting (2015-2018)

* Designed and implemented a cloud-based data architecture for a Fortune 500 company, resulting in a 40% reduction in data storage costs.
* Developed a data modeling framework using ERwin, resulting in a 30% reduction in data modeling time.
* Led a team of 3 data engineers to develop a data integration solution using Talend, resulting in a 95% data quality rate.

Education:

* Master of Science in Computer Science, XYZ University (2010-2012)
* Bachelor of Science in Computer Science, ABC University (2006-2010)

Certifications:

* Certified Data Architect, Data Governance Institute (2015)
* Certified Big Data Engineer, Hadoop Certified Professional (2018)

Achievements:

* Winner, ABC Corporation's Innovation Award (2019)
* Winner, DEF Consulting's Team Player Award (2017)
* Published author, ""Designing Data Solutions for the Cloud"" (2019)

Professional Memberships:

* International Institute for Analytics (IIA)
* Data Science Council of America (DASCA)
* Association for Computing Machinery (ACM)

References:
Available upon request.",Andrew,Hughes,Andrew Hughes,Sophia,Brooks,Sophia Brooks,male,"GreaterEuropean,British",female,"GreaterEuropean,British"
15,"As a Data Engineer, you will play a pivotal role in shaping the future of e-commerce.","Kimberly Newton
Contact Information:

* Email: [knewton@email.com](mailto:knewton@email.com)
* Phone: (123) 456-7890
* LinkedIn: linkedin.com/in/kimberlynewton

Professional Summary:
Highly skilled Data Engineer with 8+ years of experience designing, developing, and deploying large-scale data processing systems using Airflow, ETL, Big Data technologies, and Cloud Platforms. Proven track record of delivering scalable, reliable, and efficient data solutions that drive business insights and growth. Strong expertise in Spark, Data Warehousing, and Cloud-based data platforms.

Technical Skills:

* Programming languages: Python, Scala, Java
* Data processing frameworks: Apache Airflow, Apache Spark
* Big Data technologies: Hadoop, NoSQL databases (e.g., Cassandra, MongoDB)
* Cloud platforms: AWS, GCP, Azure
* Data warehousing: AWS Redshift, Google BigQuery
* Operating Systems: Linux, Windows
* Tools: Git, Docker, Kubernetes

Professional Experience:

Senior Data Engineer, ABC Corporation (2018-Present)

* Designed and developed large-scale data pipelines using Apache Airflow and Spark to process millions of records daily
* Built and deployed ETL processes using Python and Scala to integrate data from various sources into a central data warehouse
* Collaborated with cross-functional teams to implement data-driven solutions that improved business outcomes
* Implemented data governance and quality control measures to ensure data accuracy and reliability
* Mentored junior engineers and contributed to the development of team standards and best practices

Data Engineer, DEF Startups (2015-2018)

* Developed and deployed data processing systems using Apache Spark and Hadoop to process large datasets
* Built and maintained data warehouses using AWS Redshift and Google BigQuery
* Worked with data scientists to develop and deploy machine learning models using Spark and Python
* Collaborated with product teams to design and implement data-driven features and products
* Participated in architecture reviews and provided technical guidance to ensure scalable and reliable data solutions

Education:

* Bachelor of Science in Computer Science, XYZ University (2010-2014)

Certifications:

* Certified Data Engineer, Data Engineering Certification Board (2019)
* Certified Scrum Master, Scrum Alliance (2017)

Achievements:

* Developed and deployed a data pipeline using Apache Airflow that processed 100 million records daily, resulting in a 30% reduction in data processing time
* Designed and implemented a data warehousing solution using AWS Redshift that improved data query performance by 50%
* Built and deployed a machine learning model using Spark and Python that improved product recommendation accuracy by 25%

References:
Available upon request.","Ashley Wells
Data Engineer

Contact Information:

* Email: [awells@email.com](mailto:awells@email.com)
* Phone: 555-555-5555
* LinkedIn: linkedin.com/in/ashleywells
* GitHub: github.com/awells

Professional Summary:

Highly motivated and experienced Data Engineer with a strong background in MLOps, ETL, Big Data, and Cloud Platforms. Proven track record of designing, building, and deploying scalable data pipelines, data warehouses, and machine learning models. Skilled in leveraging Spark, Hadoop, and cloud-based technologies to drive business insights and decision-making.

Technical Skills:

* Programming languages: Python, Java, Scala
* Big Data technologies: Hadoop, Spark, Hive, Pig
* Cloud Platforms: AWS, Azure, Google Cloud
* Data Warehousing: Snowflake, Redshift
* ETL tools: Apache NiFi, Talend
* MLOps: TensorFlow, PyTorch, scikit-learn
* Data Engineering tools: Apache Beam, Apache Airflow
* Agile methodologies: Scrum, Kanban

Professional Experience:

Senior Data Engineer, ABC Corporation (2018-Present)

* Designed and developed scalable data pipelines using Apache Beam and Apache Airflow to integrate data from various sources, including social media, customer feedback, and sales data
* Built and deployed a data warehouse on Snowflake to support business intelligence and reporting
* Developed and trained machine learning models using TensorFlow and PyTorch to predict customer churn and recommend personalized marketing campaigns
* Collaborated with data scientists to design and implement data preprocessing and feature engineering pipelines
* Mentored junior engineers and contributed to the development of engineering best practices and standards

Data Engineer, DEF Startups (2015-2018)

* Designed and implemented ETL pipelines using Apache NiFi and Talend to integrate data from various sources, including customer databases and APIs
* Developed and deployed a Big Data platform on AWS using Hadoop and Spark to process and analyze large datasets
* Collaborated with data analysts to design and implement data visualization dashboards using Tableau and Power BI
* Participated in the development of a data governance framework to ensure data quality and compliance

Education:

* Master of Science in Computer Science, XYZ University (2015)
* Bachelor of Science in Computer Science, ABC University (2013)

Certifications:

* Certified Data Engineer, Data Science Council of America (2019)
* Certified Scrum Master, Scrum Alliance (2018)

Achievements:

* Developed and deployed a data pipeline that reduced data processing time by 75% and improved data quality by 90%
* Successfully implemented a cloud-based data warehousing solution that reduced storage costs by 50% and improved query performance by 200%
* Collaborated with data scientists to develop a predictive model that improved customer churn prediction accuracy by 25%

References:

Available upon request.",Kimberly,Newton,Kimberly Newton,Ashley,Wells,Ashley Wells,female,"GreaterEuropean,British",female,"GreaterEuropean,British"
16,"As a Data Engineer, you will play a pivotal role in shaping the future of education.","Sarah Lewis
Data Engineer

Contact Information:

* Email: [sarah.lewis@email.com](mailto:sarah.lewis@email.com)
* Phone: 555-555-5555
* LinkedIn: linkedin.com/in/sarahlewisdata
* GitHub: github.com/sarahlewisdata

Professional Summary:
Highly motivated and detail-oriented Data Engineer with 5+ years of experience in designing, developing, and deploying large-scale data architectures. Skilled in leveraging Airflow, ETL, and Big Data technologies to drive business insights and improve operational efficiency. Proven track record of delivering high-quality solutions on time and on budget.

Technical Skills:

* Programming languages: Python, Java, Scala
* Data Engineering tools: Apache Airflow, Apache Spark, Apache NiFi, AWS Glue
* Big Data technologies: Hadoop, Hive, Pig, Spark SQL
* Data Warehousing: Amazon Redshift, Snowflake
* Data Quality: Apache Beam, Apache Kafka
* Operating Systems: Linux, Windows

Professional Experience:

Data Engineer, ABC Corporation (2018-Present)

* Design, develop, and deploy large-scale data pipelines using Apache Airflow, Apache Spark, and Apache NiFi
* Collaborate with cross-functional teams to identify business requirements and develop data solutions
* Develop and maintain data quality and governance standards to ensure data accuracy and compliance
* Worked on a team to design and deploy a data warehousing solution using Amazon Redshift, resulting in a 30% reduction in query latency
* Mentored junior engineers to improve team productivity and knowledge sharing

Senior Data Analyst, DEF Startups (2015-2018)

* Designed and developed ETL processes using Apache Beam and Apache Hive to extract, transform, and load data from multiple sources
* Collaborated with business stakeholders to identify data requirements and develop data visualizations to drive business insights
* Worked on a team to develop a data governance framework using Apache Atlas, resulting in a 25% reduction in data errors
* Developed and maintained data quality and validation processes using Apache Kafka and Apache Beam

Education:

* Bachelor of Science in Computer Science, XYZ University (2010-2014)

Achievements:

* Apache Airflow Certified Developer: Successfully completed the Apache Airflow certification program to demonstrate expertise in designing and deploying large-scale data pipelines
* AWS Certified Professional: Successfully completed the AWS Certified Professional program to demonstrate expertise in designing and deploying scalable and secure data architectures
* Contributor to Open-Source Projects: Contributed to several open-source projects, including Apache Airflow and Apache Beam, to improve data engineering and data science communities

Certifications:

* Apache Airflow Certified Developer (2020)
* AWS Certified Professional (2019)
* Certified Data Engineer, Google Cloud (2018)

References:
Available upon request.","Jackie Coffey
Data Engineer

Contact Information:

* Phone: (123) 456-7890
* Email: [jackie.coffey@email.com](mailto:jackie.coffey@email.com)
* LinkedIn: linkedin.com/in/jackiecoffey

Professional Summary:
Highly motivated and detail-oriented data engineer with 5+ years of experience in designing, developing, and deploying scalable data pipelines using MLOps, Airflow, ETL, and Big Data technologies. Proven expertise in cloud platforms, data warehousing, and data engineering. Skilled in leveraging data to drive business insights and inform strategic decision-making.

Technical Skills:

* MLOps: TensorFlow, PyTorch, scikit-learn
* Airflow: DAGs, Operators, Sensors
* ETL: Apache Beam, Apache Spark
* Big Data: Hadoop, Spark, NoSQL databases
* Cloud Platforms: AWS, GCP, Azure
* Data Warehousing: Snowflake, Redshift
* Programming languages: Python, Scala, Java

Professional Experience:

Senior Data Engineer, ABC Company (2018-Present)

* Design and develop complex data pipelines using Airflow, Apache Beam, and Apache Spark to process large-scale datasets
* Collaborate with cross-functional teams to integrate data into business applications and inform strategic decision-making
* Develop and maintain data warehouses using Snowflake and Redshift to support business analytics
* Implement data quality checks and data governance processes to ensure data accuracy and integrity

Data Engineer, DEF Start-up (2015-2018)

* Developed and deployed data pipelines using Apache Beam and Apache Spark to process large-scale datasets
* Designed and implemented data warehousing solutions using Hadoop and NoSQL databases
* Collaborated with data scientists to develop and deploy machine learning models using scikit-learn and TensorFlow
* Implemented data security and access control measures to ensure data confidentiality and integrity

Achievements:

* Successfully designed and deployed a scalable data pipeline using Airflow and Apache Beam to process 10TB of data in under 24 hours
* Improved data quality and reduced data latency by 30% through implementation of data governance processes and data quality checks
* Collaborated with cross-functional teams to develop and deploy a data-driven product feature that resulted in 25% increase in customer engagement

Education:

* Bachelor of Science in Computer Science, XYZ University (2015)

Certifications:

* Certified Data Engineer, Data Engineering Institute (2019)
* Certified Cloud Developer, AWS Certified Developer (2018)

References:
Available upon request.",Sarah,Lewis,Sarah Lewis,Jackie,Coffey,Jackie Coffey,female,"GreaterEuropean,British",andy,"GreaterEuropean,British"
17,"As a Data Engineer, you will play a pivotal role in shaping the future of healthcare.","Tanner Harris
Data Engineer

Contact Information:

* Phone: (123) 456-7890
* Email: [tanner.harris@email.com](mailto:tanner.harris@email.com)
* LinkedIn: linkedin.com/in/tannerharris
* GitHub: github.com/tannerharris

Professional Summary:
Highly motivated and detail-oriented Data Engineer with 5+ years of experience in designing, developing, and deploying scalable data pipelines and architectures. Skilled in MLOps, ETL, Big Data, Cloud Platforms, Spark, and Data Warehousing. Proven track record of delivering high-quality solutions that meet business requirements and drive data-driven decision making.

Technical Skills:

* Programming languages: Python, Scala, Java
* Data Engineering tools: Apache Spark, Apache Kafka, Apache Beam
* Cloud Platforms: AWS, GCP, Azure
* Data Warehousing: Amazon Redshift, Google BigQuery
* MLOps: TensorFlow, PyTorch, scikit-learn
* ETL: Apache NiFi, AWS Glue
* Big Data: Hadoop, NoSQL databases (e.g. Cassandra, MongoDB)
* Operating Systems: Linux, Windows

Professional Experience:

Senior Data Engineer, ABC Corporation (2020-Present)

* Designed and developed a scalable ETL pipeline using Apache Beam and BigQuery to process 10TB of data per day
* Built a data lake on AWS S3 using Apache Spark and Glue to store and process 100TB of data
* Implemented a machine learning pipeline using TensorFlow and scikit-learn to predict customer churn
* Collaborated with cross-functional teams to develop and deploy data-driven features that increased revenue by 15%

Data Engineer, DEF Startups (2018-2020)

* Developed a real-time data processing pipeline using Apache Kafka and Spark Streaming to process 1TB of data per hour
* Built a data warehouse on Amazon Redshift using ETL processes and SQL queries to support business intelligence and analytics
* Implemented a data quality and governance framework using Apache NiFi and AWS Glue to ensure data accuracy and consistency
* Participated in the design and development of a cloud-based data platform using AWS and GCP

Education:

* Bachelor of Science in Computer Science, XYZ University (2015-2019)

Achievements:

* Winner of the ABC Corporation Hackathon (2020) for developing a novel machine learning algorithm that improved customer churn prediction by 20%
* Speaker at the Spark Summit (2019) on ""Designing Scalable Data Pipelines using Apache Spark and Cloud Platforms""
* Published a paper on ""MLOps: A Framework for Deploying Machine Learning Models in Production"" in the Journal of Data Science (2020)

Certifications:

* Certified Data Engineer, AWS (2020)
* Certified Spark Developer, Spark Summit (2019)

References:
Available upon request.","Alan Ross
Contact Information:

* Email: [alan.ross@email.com](mailto:alan.ross@email.com)
* Phone: (123) 456-7890
* LinkedIn: linkedin.com/in/alanross
* GitHub: github.com/alanross

Professional Summary:
Highly motivated and experienced Data Engineer with a strong background in ETL, Big Data, and Cloud Platforms. Proven track record of designing and implementing scalable data architectures using Apache Spark, Hadoop, and NoSQL databases. Skilled in cloud migration strategies and passionate about leveraging data engineering techniques to drive business insights.

Technical Skills:

* Programming languages: Python, Java, Scala
* Data engineering tools: Apache Spark, Hadoop, Apache NiFi, AWS Glue
* Cloud platforms: AWS, Azure, Google Cloud
* Database management: MySQL, PostgreSQL, MongoDB
* Operating Systems: Linux, Windows
* Agile methodologies: Scrum, Kanban

Professional Experience:

Senior Data Engineer, ABC Corporation (2018-Present)

* Designed and implemented a large-scale ETL pipeline using Apache Spark and AWS Glue to process 10 TB of data daily
* Collaborated with cross-functional teams to develop a data warehouse using Amazon Redshift and MongoDB
* Developed and maintained a real-time data processing framework using Apache Kafka and Apache Storm
* Migrated a 5-year-old data processing architecture from on-premises to AWS, resulting in 30% cost savings
* Mentored junior engineers on data engineering concepts and best practices

Data Engineer, DEF Startups (2015-2018)

* Developed a big data processing framework using Apache Hadoop and Apache Spark to process 100 GB of data daily
* Designed and implemented a data quality framework using Apache NiFi and Apache Airflow
* Worked with the data science team to develop a predictive modeling framework using Apache Spark and scikit-learn
* Collaborated with the DevOps team to implement a continuous integration and deployment pipeline using Jenkins and Docker

Education:

* Bachelor's degree in Computer Science, XYZ University (2010-2014)

Achievements:

* Completed a data engineering bootcamp program in Apache Spark and Hadoop
* Participated in a hackathon and won first prize for a data-driven project using Apache Spark and NoSQL databases
* Published a research paper on ""Real-time Data Processing using Apache Kafka and Apache Storm"" in a leading data engineering conference

Certifications:

* Certified Data Engineer, Data Engineering Council (2019)
* Certified Big Data Engineer, Big Data Council (2017)

References:
Available upon request.",Tanner,Harris,Tanner Harris,Alan,Ross,Alan Ross,male,"GreaterEuropean,British",male,"GreaterEuropean,British"
18,"As a Data Scientist, you will play a pivotal role in shaping the future of education.","Michael James
Data Scientist

Contact Information:

* Email: [michael.james@email.com](mailto:michael.james@email.com)
* Phone: 555-555-5555
* LinkedIn: linkedin.com/in/michaeljamesds

Summary:
Highly motivated and detail-oriented data scientist with 5+ years of experience in designing and implementing data-driven solutions using Python, Statistics, Machine Learning, and Data Visualization. Proven track record of delivering high-quality projects on time and exceeding client expectations. Skilled in TensorFlow, SQL, and data storytelling.

Professional Experience:

Data Scientist, ABC Company (2018-Present)

* Designed and developed predictive models using Python, TensorFlow, and scikit-learn to forecast customer churn, revenue growth, and sales performance
* Collaborated with cross-functional teams to integrate data-driven insights into business decisions, resulting in a 25% increase in sales revenue
* Built and maintained databases using SQL, including data warehousing, ETL processes, and data quality checks
* Created interactive dashboards and visualizations using Tableau, Power BI, and D3.js to communicate complex data insights to non-technical stakeholders

Senior Data Analyst, DEF Consulting (2015-2018)

* Analyzed and interpreted large datasets using Python, Pandas, and NumPy to identify trends, patterns, and correlations
* Developed and implemented A/B testing frameworks using R, Python, and SQL to measure the effectiveness of marketing campaigns
* Worked with clients to design and deliver data visualizations, presentations, and reports to support business decisions
* Collaborated with data engineers to design and implement data pipelines using Apache Beam, Apache Spark, and AWS Glue

Education:

* Master of Science in Data Science, University of California, Berkeley (2015)
* Bachelor of Science in Statistics, Stanford University (2013)

Skills:

* Programming languages: Python, R, SQL
* Machine learning libraries: TensorFlow, scikit-learn, PyTorch
* Data visualization tools: Tableau, Power BI, D3.js, Matplotlib, Seaborn
* Database management: MySQL, PostgreSQL, MongoDB
* Data wrangling: Pandas, NumPy, Apache Beam, Apache Spark
* Operating systems: Windows, Linux, macOS

Achievements:

* Winner, Data Science Competition, Google Analytics (2019): Developed a predictive model using TensorFlow and scikit-learn to forecast website engagement and user behavior
* Featured Speaker, Data Science Conference, Stanford University (2018): Presented on ""Applying Machine Learning to Real-World Problems"" to an audience of 500+ attendees
* Recipient, Best Paper Award, International Conference on Data Science (2017): Published a paper on ""Deep Learning for Time Series Forecasting"" and received the best paper award

Certifications:

* Certified Data Scientist, Data Science Council of America (2019)
* Certified Analytics Professional, Institute for Operations Research and the Management Sciences (2016)

References:
Available upon request.","Timothy Russell
Data Scientist & Python Developer

Contact Information:

* Phone: (123) 456-7890
* Email: [timothy.russell@email.com](mailto:timothy.russell@email.com)
* LinkedIn: linkedin.com/in/timothy-russell
* GitHub: github.com/timothy-russell

Summary:
Highly motivated and detail-oriented Data Scientist with 5+ years of experience in developing and deploying data-driven solutions using Python, Deep Learning, and Data Visualization. Proven track record of delivering high-impact projects that drive business growth and improve operational efficiency. Skilled in TensorFlow, scikit-learn, and other popular machine learning libraries.

Technical Skills:

* Programming languages: Python, R
* Machine learning frameworks: TensorFlow, scikit-learn, Keras
* Data visualization tools: Matplotlib, Seaborn, Plotly
* Databases: MySQL, PostgreSQL
* Operating Systems: Windows, Linux
* Agile development methodologies: Scrum, Kanban

Professional Experience:

Data Scientist, ABC Corporation (2018-Present)

* Developed and deployed multiple machine learning models using TensorFlow and scikit-learn to improve customer segmentation and recommendation engines
* Collaborated with cross-functional teams to design and implement data visualizations using Matplotlib and Seaborn to inform business decisions
* Built and maintained large-scale data pipelines using Python and Apache Beam to process and transform data for analytics and machine learning
* Worked with stakeholders to identify business problems and developed data-driven solutions to address them

Data Analyst, DEF Startups (2015-2018)

* Analyzed customer behavior and purchase patterns using Python and Pandas to inform marketing strategies
* Developed and maintained dashboards using Tableau to track key performance indicators (KPIs) and provide insights to stakeholders
* Created and presented data visualizations to stakeholders to communicate findings and recommendations
* Collaborated with data engineers to design and implement data pipelines using Apache Spark and Python

Education:

* Master of Science in Data Science, XYZ University (2015)
* Bachelor of Science in Computer Science, ABC University (2010)

Achievements:

* Winner, ABC Corporation's Hackathon (2019): Developed a winning solution using TensorFlow and scikit-learn to predict customer churn and improve retention rates
* Published Research Paper, IEEE International Conference on Data Science (2018): Co-authored a paper on ""Deep Learning for Image Classification using Convolutional Neural Networks""
* Certified Data Scientist, Data Science Council of America (2017)

Certifications:

* Certified Data Scientist, Data Science Council of America (2017)
* Certified Scikit-learn Developer, Scikit-learn Community (2016)

References:
Available upon request.",Michael,James,Michael James,Timothy,Russell,Timothy Russell,male,"GreaterEuropean,British",male,"GreaterEuropean,British"
19,"As a Data Scientist, you will play a pivotal role in shaping the future of healthcare.","Trevor Smith
Data Scientist

Contact Information:

* Email: [trevor.smith@email.com](mailto:trevor.smith@email.com)
* Phone: (123) 456-7890
* LinkedIn: linkedin.com/in/trevorsmith

Summary:
Highly motivated and experienced Data Scientist with expertise in Machine Learning, Deep Learning, and Data Visualization. Proficient in TensorFlow and skilled in extracting insights from complex data sets to drive business decisions. Proven track record of delivering high-impact projects and collaborating with cross-functional teams to drive business growth.

Technical Skills:

* Programming languages: Python, R
* Machine Learning libraries: TensorFlow, scikit-learn, PyTorch
* Data Visualization tools: Tableau, Matplotlib, Seaborn
* Database management: MySQL, PostgreSQL
* Operating Systems: Windows, Linux, macOS

Professional Experience:

Data Scientist, ABC Corporation (2018-Present)

* Developed and implemented predictive models using TensorFlow and scikit-learn to drive business growth
* Collaborated with cross-functional teams to design and implement data-driven solutions
* Created interactive data visualizations using Tableau to communicate insights to non-technical stakeholders
* Built and maintained large datasets using MySQL and PostgreSQL

Data Analyst, DEF Startups (2015-2018)

* Conducted exploratory data analysis to identify trends and insights
* Developed and maintained data visualizations to communicate results to stakeholders
* Built and deployed predictive models using R and scikit-learn
* Collaborated with product teams to design and implement data-driven solutions

Education:

* Master of Science in Data Science, XYZ University (2015)
* Bachelor of Science in Computer Science, ABC University (2013)

Achievements:

* Winner, ABC Corporation's Analytics Challenge (2019): Developed a predictive model using TensorFlow that resulted in a 25% increase in sales
* Published Research Paper, ""Deep Learning for Image Classification"" (2018): Published a research paper on the application of deep learning for image classification
* Certified Data Scientist, Data Science Council of America (2017): Certified in Data Science by the Data Science Council of America

Certifications:

* Certified Data Scientist, Data Science Council of America (2017)
* Certified Analytics Professional, Institute for Operations Research and the Management Sciences (2016)

Projects:

* Image Classification using Deep Learning: Developed a deep learning model using TensorFlow to classify images into different categories
* Predictive Maintenance for Industrial Equipment: Developed a predictive model using scikit-learn to predict equipment failures and reduce downtime
* Customer Segmentation using Clustering: Developed a clustering model using k-means to segment customers based on their behavior and preferences

References:
Available upon request.","Jeffrey Levy
Data Scientist

Contact Information:

* Email: [jeffrey.levy@email.com](mailto:jeffrey.levy@email.com)
* Phone: 555-555-5555
* LinkedIn: linkedin.com/in/jeffreylevy

Summary:
Highly motivated and detail-oriented Data Scientist with 5+ years of experience in developing and deploying machine learning models using TensorFlow and other tools. Proven track record of delivering high-impact projects that drive business growth and improve operational efficiency. Skilled in data visualization, SQL, and statistical analysis.

Technical Skills:

* Programming languages: Python, R
* Machine Learning frameworks: TensorFlow, scikit-learn
* Data visualization tools: Tableau, Matplotlib, Seaborn
* Databases: MySQL, PostgreSQL
* Operating Systems: Windows, Linux

Professional Experience:

Senior Data Scientist, ABC Corporation (2018-Present)

* Developed and deployed multiple machine learning models using TensorFlow to improve predictive accuracy and drive business growth
* Collaborated with cross-functional teams to design and implement data-driven solutions for business problems
* Created interactive visualizations using Tableau to communicate insights to stakeholders
* Built and maintained complex data pipelines using SQL and Python
* Mentored junior data scientists and provided guidance on best practices

Data Scientist, DEF Startups (2015-2018)

* Conducted exploratory data analysis and developed statistical models to identify trends and patterns
* Created data visualizations using Matplotlib and Seaborn to communicate findings to stakeholders
* Built and deployed machine learning models using scikit-learn to improve predictive accuracy
* Collaborated with product teams to design and implement data-driven solutions
* Presented findings and recommendations to senior leadership

Education:

* Master of Science in Data Science, XYZ University (2015)
* Bachelor of Science in Computer Science, ABC University (2013)

Achievements:

* Winner, Data Science Competition at XYZ University (2014)
	+ Developed and deployed a machine learning model that improved predictive accuracy by 25%
	+ Presented findings and approach to judges and won first prize
* Featured Speaker, Data Science Conference (2019)
	+ Presented a talk on ""Deep Learning for Image Classification"" to a audience of 500 attendees
	+ Received positive feedback on presentation and approach

Certifications:

* Certified Data Scientist, Data Science Council of America (2016)
* Certified Machine Learning Engineer, Stanford University (2017)

References:
Available upon request.",Trevor,Smith,Trevor Smith,Jeffrey,Levy,Jeffrey Levy,male,"GreaterEuropean,British",male,"GreaterEuropean,Jewish"
20,"As a Digital Marketing Specialist, you'll lead the design and development of cutting-edge machine learning.","Elizabeth Mccall
Contact Information:

* Email: [elizabeth.mccall@email.com](mailto:elizabeth.mccall@email.com)
* Phone: 555-555-5555
* LinkedIn: linkedin.com/in/elizabethmccall
* Twitter: @emccall

Professional Summary:
Results-driven Digital Marketing Specialist with 5+ years of experience in driving online growth through search engine optimization (SEO), content marketing, and analytics-driven strategies. Proven track record of increasing website traffic, improving search engine rankings, and boosting conversions. Skilled in leveraging analytics tools to inform data-driven decisions and optimize marketing campaigns.

Work Experience:

Digital Marketing Specialist, XYZ Corporation (2018-Present)

* Developed and executed comprehensive SEO strategies to improve website rankings, drive organic traffic, and increase conversions
* Created and implemented content marketing campaigns, resulting in a 300% increase in blog engagement and a 25% increase in social media followers
* Utilized analytics tools (Google Analytics, SEMrush, Ahrefs) to track website performance, identify areas for improvement, and inform marketing strategies
* Collaborated with cross-functional teams to launch new campaigns, optimize landing pages, and improve overall website user experience
* Managed and maintained a team of digital marketing coordinators, providing guidance and support to ensure successful campaign execution

Senior Digital Marketing Coordinator, ABC Agency (2015-2018)

* Conducted keyword research and implemented SEO strategies to improve website rankings and drive organic traffic
* Created and published high-quality, engaging content across multiple channels (blog, social media, email newsletters)
* Analyzed website performance and campaign metrics using analytics tools, providing data-driven insights to inform marketing decisions
* Assisted in the development and execution of digital marketing campaigns, including email marketing, social media advertising, and paid search advertising

Education:

* Bachelor's Degree in Marketing, [University Name] (2015)

Skills:

* SEO (keyword research, on-page optimization, link building)
* Content Marketing (content creation, distribution, promotion)
* Analytics Tools (Google Analytics, SEMrush, Ahrefs)
* Digital Marketing Strategy and Planning
* Team Management and Leadership
* Data Analysis and Interpretation

Achievements:

* Winner, [Industry Award] for ""Best Use of SEO in Digital Marketing"" (2019)
* Featured Speaker, [Industry Conference] on ""Maximizing ROI with Data-Driven Digital Marketing"" (2020)
* Published Author, [Industry Publication] on ""The Future of Content Marketing: Trends and Best Practices"" (2018)

Certifications:

* Google Analytics Certification
* HubSpot Inbound Marketing Certification

References:
Available upon request.","Kristin Hamilton
Digital Marketing Specialist

Contact Information:

* Email: [kristin.hamilton@email.com](mailto:kristin.hamilton@email.com)
* Phone: 555-555-5555
* LinkedIn: linkedin.com/in/kristinhamilton

Professional Summary:

Results-driven Digital Marketing Specialist with 5+ years of experience in driving online growth through SEO, Google Ads, Email Marketing, and Analytics. Proven track record of increasing website traffic, improving conversion rates, and boosting online sales. Skilled in data analysis, campaign optimization, and team collaboration. Passionate about staying up-to-date with the latest digital marketing trends and best practices.

Work Experience:

Digital Marketing Specialist, XYZ Corporation (2018-Present)

* Develop and execute comprehensive digital marketing strategies to drive website traffic, engagement, and conversion rates
* Conduct thorough keyword research and on-page optimization to improve SEO rankings and drive organic traffic
* Manage and optimize Google Ads campaigns to achieve cost-per-click (CPC) and cost-per-acquisition (CPA) targets
* Create and send regular email newsletters to subscribers using email marketing automation tools
* Analyze campaign performance using Google Analytics and provide data-driven recommendations to improve ROI
* Collaborate with cross-functional teams to ensure alignment and consistency across all marketing channels

Senior Digital Marketing Coordinator, ABC Agency (2015-2018)

* Assisted in developing and executing digital marketing strategies to drive website traffic and engagement
* Conducted keyword research and on-page optimization to improve SEO rankings
* Managed and optimized social media campaigns to increase followers and engagement
* Created and sent regular email newsletters to subscribers using email marketing automation tools
* Analyzed campaign performance using Google Analytics and provided recommendations to improve ROI

Education:

* Bachelor's Degree in Marketing, [University Name] (2015)

Skills:

* SEO (keyword research, on-page optimization, link building)
* Google Ads (campaign management, optimization, and analysis)
* Email Marketing (automation, list management, and campaign creation)
* Analytics Tools (Google Analytics, Google Tag Manager)
* Data Analysis and Interpretation
* Team Collaboration and Communication

Achievements:

* Increased website traffic by 50% through targeted SEO and Google Ads campaigns
* Improved conversion rates by 25% through A/B testing and email marketing automation
* Developed and executed a comprehensive digital marketing strategy that resulted in a 30% increase in online sales
* Collaborated with cross-functional teams to launch a successful product launch campaign that drove 100,000+ website visitors

Certifications:

* Google Analytics Certification
* Google Ads Certification
* HubSpot Inbound Marketing Certification

References:

Available upon request.",Elizabeth,Mccall,Elizabeth Mccall,Kristin,Hamilton,Kristin Hamilton,female,"GreaterEuropean,British",female,"GreaterEuropean,British"
21,"As a E-commerce Specialist, you'll lead the design and development of cutting-edge machine learning.","Sherry Ryan
Contact Information:

* Phone: (555) 123-4567
* Email: [sherry.ryan@email.com](mailto:sherry.ryan@email.com)
* LinkedIn: linkedin.com/in/sherryryan

Professional Summary:
Results-driven e-commerce specialist with 5+ years of experience in inventory management, online advertising, and customer service. Proven track record of driving sales growth, improving customer satisfaction, and optimizing online store performance. Skilled in analyzing data to inform business decisions and collaborate with cross-functional teams to achieve business objectives.

Professional Experience:

E-commerce Specialist, Online Retail Company (2020-Present)

* Manage inventory levels, monitor stock availability, and optimize product placement to maximize sales and minimize losses
* Develop and execute online advertising campaigns, including Google Ads and social media promotions, to increase brand awareness and drive traffic to the online store
* Provide exceptional customer service via phone, email, and chat, resolving customer complaints and issues in a timely and professional manner
* Analyze sales data, website analytics, and customer feedback to inform business decisions and improve online store performance
* Collaborate with product teams to ensure accurate product information and high-quality product images

Inventory Manager, Wholesale Distributor (2018-2020)

* Managed inventory levels, analyzed sales trends, and optimized inventory turns to minimize stockouts and overstocking
* Implemented inventory management software to improve tracking, reporting, and analysis of inventory levels
* Collaborated with sales team to ensure accurate order fulfillment and timely delivery of products
* Conducted regular audits to ensure accuracy of inventory counts and identified areas for process improvement

Customer Service Representative, Call Center (2015-2018)

* Provided exceptional customer service via phone, email, and chat, resolving customer complaints and issues in a timely and professional manner
* Responded to customer inquiries, resolved issues, and escalated complex issues to team leads and management
* Analyzed customer feedback and made recommendations to improve customer satisfaction and loyalty
* Collaborated with sales team to upsell and cross-sell products to customers

Education:

* Bachelor's Degree in Business Administration, XYZ University (2015)

Skills:

* Inventory management
* Online advertising (Google Ads, social media)
* Customer service (phone, email, chat)
* Data analysis (Google Analytics, Excel)
* Collaboration tools (Asana, Trello)
* Inventory management software (TradeGecko, Zoho Inventory)
* E-commerce platforms (Shopify, Magento)

Achievements:

* Successfully implemented inventory management software, resulting in a 25% reduction in inventory costs and a 15% increase in inventory turns
* Developed and executed online advertising campaigns, resulting in a 30% increase in website traffic and a 20% increase in sales
* Improved customer satisfaction ratings by 25% through exceptional customer service and timely issue resolution
* Collaborated with cross-functional teams to launch a new product line, resulting in a 50% increase in sales within the first quarter

Certifications:

* Google Analytics Certification
* HubSpot Inbound Marketing Certification

References:
Available upon request.","Lisa Sanchez
Contact Information:

* Email: [lisa.sanchez@email.com](mailto:lisa.sanchez@email.com)
* Phone: (123) 456-7890
* LinkedIn: linkedin.com/in/lisasanchez

Professional Summary:
Results-driven E-commerce specialist with 5+ years of experience in product listing, inventory management, and online advertising. Proven track record of improving e-commerce performance through data-driven decision making and excellent customer service skills. Skilled in SEO optimization, social media advertising, and analytics tools.

Work Experience:

E-commerce Specialist, ABC Company (2018-Present)

* Managed product listings for over 500 SKUs, resulting in a 25% increase in sales revenue
* Implemented inventory management strategies, reducing stockouts by 30% and overstocking by 20%
* Developed and executed SEO strategies, improving website traffic by 50% and search engine rankings by 20%
* Created and implemented online advertising campaigns, resulting in a 30% increase in conversion rates and a 25% increase in revenue
* Provided exceptional customer service through email, phone, and chat support, resolving 95% of customer complaints

E-commerce Coordinator, DEF Corporation (2015-2018)

* Assisted in the creation and optimization of product listings, resulting in a 15% increase in sales revenue
* Coordinated with inventory management team to ensure accurate stock levels, reducing stockouts by 10%
* Conducted keyword research and implemented SEO strategies, improving website traffic by 20%
* Created and implemented social media advertising campaigns, resulting in a 20% increase in engagement rates and a 15% increase in sales revenue
* Provided customer service support through email and phone, resolving 90% of customer complaints

Education:

* Bachelor's Degree in Marketing, XYZ University (2015)

Skills:

* Product listing and optimization
* Inventory management and control
* SEO optimization and keyword research
* Online advertising (Google Ads, Facebook Ads)
* Social media advertising (Facebook, Instagram, Twitter)
* Customer service and support
* Analytics tools (Google Analytics, Adobe Analytics)
* E-commerce platforms (Shopify, Magento)

Achievements:

* Winner of the ABC Company's 2019 E-commerce Specialist of the Year award
* Completed Google Analytics certification program
* Completed HubSpot Inbound Marketing certification program
* Member of the National Retail Federation (NRF)

Certifications:

* Google Analytics certification
* HubSpot Inbound Marketing certification
* Facebook Blueprint certification

References:
Available upon request.",Sherry,Ryan,Sherry Ryan,Lisa,Sanchez,Lisa Sanchez,female,"GreaterEuropean,British",female,"GreaterEuropean,WestEuropean,Hispanic"
22,"As a Full Stack Developer, you'll lead the design and development of cutting-edge AI.","Robert Howell
Full Stack Developer

Contact Information:

* Email: [robert.howell@email.com](mailto:robert.howell@email.com)
* Phone: (123) 456-7890
* LinkedIn: linkedin.com/in/roberthowell
* GitHub: github.com/roberthowell

Professional Summary:
Highly motivated and detail-oriented Full Stack Developer with 5+ years of experience in designing and developing scalable, efficient, and user-friendly web applications using HTML, JavaScript, React, and database management systems. Proven track record of delivering projects on time and exceeding client expectations. Skilled in agile development methodologies and passionate about staying up-to-date with the latest industry trends.

Technical Skills:

* Programming Languages: HTML, JavaScript, CSS, React, Node.js
* Database Management: MySQL, MongoDB, PostgreSQL
* Development Frameworks: React, Express.js, Angular
* Agile Methodologies: Scrum, Kanban
* Version Control: Git, SVN
* Operating Systems: Windows, Linux, macOS

Professional Experience:

* Full Stack Developer, ABC Company (2018-Present)
	+ Designed and developed multiple web applications using React, Node.js, and MongoDB
	+ Collaborated with cross-functional teams to deliver projects on time and within budget
	+ Developed and maintained multiple APIs using Express.js and Node.js
	+ Participated in code reviews and ensured high-quality code
* Junior Developer, DEF Company (2015-2018)
	+ Assisted in the development of multiple web applications using HTML, CSS, and JavaScript
	+ Learned and applied new technologies, such as React and Node.js
	+ Collaborated with senior developers to design and develop complex features
	+ Participated in bug fixing and ensured timely release of products

Achievements:

* Contributed to an open-source project: Contributed to the React community by creating and maintaining a popular React component library, which has been downloaded over 10,000 times.
* Improved code quality: Implemented code reviews and introduced best practices, resulting in a 30% reduction in bugs and a 25% increase in code quality.
* Delivered projects on time: Successfully delivered multiple projects on time, resulting in happy clients and increased revenue for the company.
* Staying up-to-date with industry trends: Regularly attended industry conferences and workshops, resulting in a deep understanding of the latest technologies and trends.

Education:

* Bachelor's Degree in Computer Science, XYZ University (2015)

Certifications:

* Certified Scrum Master (CSM), Scrum Alliance (2019)
* Certified React Developer, React Foundation (2018)

References:
Available upon request.","Margaret Brown
Full Stack Developer

Contact Information:

* Email: [margaret.brown@email.com](mailto:margaret.brown@email.com)
* Phone: 555-555-5555
* LinkedIn: linkedin.com/in/margaretbrown
* GitHub: github.com/margaretbrown

Professional Summary:
Highly motivated and detail-oriented Full Stack Developer with 5+ years of experience in designing and developing scalable, efficient, and user-friendly web applications. Proficient in HTML, JavaScript, React, Node.js, and database management. Proven track record of delivering high-quality projects on time and exceeding client expectations.

Technical Skills:

* Programming languages: JavaScript, HTML, CSS
* Frameworks: React, Node.js
* Database management: MySQL, MongoDB
* APIs: RESTful API design and implementation
* Operating Systems: Windows, Linux
* Agile methodologies: Scrum, Kanban
* Version control: Git, SVN

Professional Experience:

Senior Full Stack Developer, ABC Company (2018-Present)

* Designed and developed multiple web applications using React, Node.js, and MongoDB
* Implemented RESTful APIs for data exchange between frontend and backend
* Collaborated with cross-functional teams to deliver high-quality projects on time
* Mentored junior developers and provided technical guidance
* Improved code quality and maintainability through code reviews and refactoring

Full Stack Developer, DEF Startups (2015-2018)

* Built and deployed multiple web applications using HTML, CSS, and JavaScript
* Worked with clients to gather requirements and deliver custom solutions
* Implemented database management systems using MySQL and MongoDB
* Conducted unit testing and integration testing to ensure code quality
* Collaborated with designers to create visually appealing and user-friendly interfaces

Achievements:

* Developed a real-time chat application using React, Node.js, and Socket.IO, which was featured in a prominent tech publication
* Improved code quality and reduced deployment time by 30% through the implementation of automated testing and continuous integration
* Collaborated with a team to launch a web application that achieved a 200% increase in user engagement within the first quarter
* Received the ""Developer of the Quarter"" award for outstanding technical contributions and teamwork

Education:

* Bachelor of Science in Computer Science, XYZ University (2015)

Certifications:

* Certified Scrum Master (CSM), Scrum Alliance (2018)
* Certified Java Developer, Oracle Corporation (2016)

References:

Available upon request.",Robert,Howell,Robert Howell,Margaret,Brown,Margaret Brown,male,"GreaterEuropean,British",female,"GreaterEuropean,British"
23,"As a Human Resources Specialist, you'll lead the design and development of cutting-edge machine learning.","Christopher Pacheco
Contact Information:

* Address: 123 Main Street, Anytown, USA 12345
* Phone: (555) 555-5555
* Email: [christopher.pacheco@email.com](mailto:christopher.pacheco@email.com)
* LinkedIn: linkedin.com/in/christopherpacheco

Professional Summary:
Results-driven Human Resources professional with 5+ years of experience in recruitment, employee relations, training, and development. Proven track record of building and maintaining positive employee relationships, driving recruitment strategies, and delivering high-quality training programs. Seeking a challenging role as a Human Resources Specialist where I can utilize my skills and expertise to drive business success.

Professional Experience:

Human Resources Generalist
XYZ Corporation, Anytown, USA (2018-Present)

* Recruit and hire top talent for various business units, resulting in a 30% increase in quality of hire
* Manage employee relations, resolving conflicts and addressing employee concerns in a fair and timely manner
* Develop and deliver training programs on diversity, inclusion, and cultural awareness, resulting in a 25% increase in employee engagement
* Collaborate with management to develop and implement performance management systems, resulting in a 20% increase in employee retention

Recruitment Specialist
ABC Staffing Agency, Anytown, USA (2015-2018)

* Recruited and placed top talent in various industries, resulting in a 40% increase in revenue growth
* Conducted candidate screenings, interviews, and reference checks to ensure quality of hire
* Developed and maintained relationships with clients to understand their recruitment needs and provide tailored solutions
* Managed social media and online recruitment platforms to attract top talent

Education:

* Bachelor's Degree in Human Resources Management, Anytown University (2015)

Certifications:

* SHRM-CP, Society for Human Resource Management (2018)
* PHR, HR Certification Institute (2016)

Skills:

* Recruitment and staffing
* Employee relations and conflict resolution
* Training and development
* Performance management
* Diversity, equity, and inclusion
* HRIS systems (Workday, BambooHR)
* Social media and online recruitment platforms
* Data analysis and reporting

Achievements:

* Received the ""HR Employee of the Year"" award at XYZ Corporation (2020)
* Developed and implemented a diversity and inclusion training program that resulted in a 25% increase in employee engagement (2019)
* Successfully recruited and placed over 100 candidates in various industries, resulting in a 40% increase in revenue growth (2016-2018)

Professional Memberships:

* Society for Human Resource Management (SHRM)
* Human Resource Certification Institute (HRCI)

References:
Available upon request.","Alan Jones
Contact Information:

* Address: 123 Main St, Anytown, USA 12345
* Phone: (555) 123-4567
* Email: [alan.jones@email.com](mailto:alan.jones@email.com)
* LinkedIn: linkedin.com/in/alanjoneshr

Professional Summary:
Results-driven HR professional with 8+ years of experience in recruitment, employee relations, and training and development. Proven track record of improving employee engagement, reducing turnover, and enhancing overall organizational performance. Skilled in HR software, conflict resolution, and strategic talent acquisition.

Summary of Qualifications:

* Bachelor's Degree in Human Resources or related field
* SHRM-CP or PHR certification
* Proficient in HR software such as Workday, ADP, and BambooHR
* Excellent communication, interpersonal, and problem-solving skills

Work Experience:

HR Generalist, XYZ Corporation (2018-Present)

* Manage the recruitment process, including job postings, applicant screening, and interviewing
* Develop and implement employee engagement strategies, resulting in a 25% increase in employee satisfaction
* Provide training and development opportunities to employees, leading to a 30% increase in employee growth and development
* Collaborate with management to resolve employee conflicts, reducing turnover by 20%
* Develop and maintain HR policies, procedures, and guidelines
* Analyze HR data to inform business decisions and drive strategic initiatives

Recruitment Specialist, ABC Company (2015-2018)

* Sourced, screened, and presented top talent to hiring managers
* Developed and implemented recruitment strategies, resulting in a 50% increase in qualified candidate submissions
* Conducted new hire orientations and onboarding programs
* Managed recruitment budgets, staying within budget by 15%
* Collaborated with HR team to develop and implement diversity and inclusion initiatives

Education:

* Bachelor of Science in Human Resources, Anytown University (2015)

Certifications:

* Society for Human Resource Management (SHRM) Certified Professional (SHRM-CP)
* Professional in Human Resources (PHR) certification

Skills:

* HR software (Workday, ADP, BambooHR)
* Recruitment and talent acquisition
* Employee relations and conflict resolution
* Training and development
* HR policy development and implementation
* Data analysis and reporting
* Excellent communication and interpersonal skills

Achievements:

* Improved employee engagement by 25% through employee recognition programs and communication initiatives
* Reduced turnover by 20% through effective conflict resolution and employee retention strategies
* Developed and implemented a comprehensive training and development program, resulting in a 30% increase in employee growth and development
* Successfully implemented a new HR software system, improving efficiency and reducing errors by 30%

References:
Available upon request.",Christopher,Pacheco,Christopher Pacheco,Alan,Jones,Alan Jones,male,"GreaterEuropean,WestEuropean,Italian",male,"GreaterEuropean,British"
24,"As a Mobile App Developer, you'll lead the design and development of cutting-edge cloud computing.","Andrew Casey
Mobile App Developer

Contact Information:

* Phone: (555) 555-5555
* Email: [andrew.casey@email.com](mailto:andrew.casey@email.com)
* LinkedIn: linkedin.com/in/andrewcaseydev
* GitHub: github.com/andrewcaseydev

Professional Summary:
Highly motivated and detail-oriented mobile app developer with expertise in building cross-platform mobile applications using Swift, Flutter, and React Native. Proven track record of delivering high-quality mobile applications with exceptional UI/UX designs. Skilled in API integration, mobile app development, and team collaboration.

Technical Skills:

* Programming languages: Swift, Dart, JavaScript
* Mobile app development frameworks: Flutter, React Native, Swift
* UI/UX design tools: Sketch, Figma, Adobe XD
* API integration: RESTful APIs, GraphQL
* Operating Systems: iOS, Android, macOS
* Agile development methodologies: Scrum, Kanban

Professional Experience:

Senior Mobile App Developer, ABC Company (2020-Present)

* Designed and developed multiple mobile applications for iOS and Android using Swift, Flutter, and React Native
* Collaborated with cross-functional teams to integrate APIs, design UI/UX, and test mobile applications
* Improved app performance by optimizing code, reducing bugs, and implementing efficient caching mechanisms
* Developed and maintained multiple mobile application features, including in-app purchases, push notifications, and social sharing
* Worked closely with product owners to gather requirements, prioritize features, and deliver high-quality mobile applications

Mobile App Developer, DEF Startups (2018-2020)

* Built and maintained multiple mobile applications for iOS and Android using Swift, React Native, and Flutter
* Worked with designers to implement UI/UX designs, ensuring seamless user experience
* Integrated APIs to fetch data, perform authentication, and send push notifications
* Collaborated with QA engineers to identify and resolve bugs, ensuring high-quality mobile applications
* Participated in code reviews, providing constructive feedback to improve code quality and maintainability

Education:

* Bachelor of Science in Computer Science, XYZ University (2015-2019)

Achievements:

* 2020: Won the ""Best Mobile App"" award at the ABC Company Hackathon
* 2019: Completed a mobile application development project for a non-profit organization, which resulted in a 500% increase in donations
* 2018: Successfully led a team of developers to deliver a high-quality mobile application for a major client, resulting in a 90% customer satisfaction rate

Certifications:

* iOS Developer Certification, Apple Developer Academy (2019)
* Flutter Developer Certification, Google Developer Academy (2020)

References:
Available upon request.","Sarah Oneal
Mobile App Developer

Contact Information:

* Email: [sarah.oneal@email.com](mailto:sarah.oneal@email.com)
* Phone: (123) 456-7890
* LinkedIn: linkedin.com/in/sarahonealdev
* GitHub: github.com/sarahoneal

Professional Summary:
Highly skilled and experienced Mobile App Developer with expertise in developing native and cross-platform mobile applications using Swift, Flutter, and React Native. Proven track record of delivering high-quality, user-centric mobile experiences that exceed client expectations. Possess a strong passion for mobile UI/UX design and a keen eye for detail.

Technical Skills:

* Programming languages: Swift, Flutter, React Native, JavaScript, HTML/CSS
* Mobile frameworks: React Native, Flutter, SwiftUI
* Mobile UI/UX design: Sketch, Figma, Adobe XD
* Version control: Git
* Agile methodologies: Scrum, Kanban
* Operating Systems: iOS, Android, Windows

Professional Experience:

Mobile App Developer, ABC Company (2018-Present)

* Designed and developed multiple mobile applications for iOS and Android using Swift, Flutter, and React Native
* Collaborated with cross-functional teams to deliver high-quality mobile experiences that meet client requirements
* Conducted code reviews and ensured adherence to coding standards and best practices
* Participated in agile development methodologies, including Scrum and Kanban
* Worked closely with designers to ensure seamless integration of mobile UI/UX designs

Mobile App Developer, DEF Start-up (2015-2018)

* Developed and maintained multiple mobile applications for iOS and Android using React Native
* Worked closely with the design team to implement mobile UI/UX designs and ensure a seamless user experience
* Conducted unit testing and debugging to ensure high-quality code
* Collaborated with the QA team to identify and resolve technical issues
* Participated in the development of the company's mobile app strategy and roadmap

Achievements:

* Developed a high-performance, enterprise-level mobile application for iOS and Android using Swift and Flutter, resulting in a 30% increase in app downloads and a 25% increase in user engagement
* Collaborated with a team of developers to develop a mobile application using React Native, which resulted in a 40% reduction in development time and a 20% reduction in costs
* Designed and developed a mobile UI/UX design system for a Fortune 500 company, resulting in a 25% increase in user satisfaction and a 15% increase in conversion rates

Education:

* Bachelor of Science in Computer Science, XYZ University (2010-2014)

Certifications:

* Certified Mobile App Developer, Google Developers Certification (2016)
* Certified iOS Developer, Apple Developer Certification (2015)

References:
Available upon request.",Andrew,Casey,Andrew Casey,Sarah,Oneal,Sarah Oneal,male,"GreaterEuropean,British",female,"GreaterEuropean,British"
25,"As a Product Manager, you will play a pivotal role in shaping the future of healthcare.","Mark Arias
Product Manager

Contact Information:

* Phone: (123) 456-7890
* Email: [mark.arias@email.com](mailto:mark.arias@email.com)
* LinkedIn: linkedin.com/in/markarias

Summary:
Results-driven Product Manager with 8+ years of experience in driving business growth through strategic planning, stakeholder engagement, and agile development. Proven track record of delivering high-impact products that meet customer needs and drive business results. Skilled in roadmap development, stakeholder communication, agile methodologies, leadership, and market research.

Professional Experience:

Product Manager, ABC Corporation (2018-Present)

* Developed and executed product roadmaps that aligned with business objectives, resulting in 25% increase in revenue growth
* Led cross-functional teams to deliver high-impact products, including a mobile app that achieved 1M downloads within 6 months
* Conducted market research to identify customer needs and preferences, informing product development and go-to-market strategies
* Collaborated with stakeholders to prioritize features and ensure alignment with business objectives
* Managed product launch plans, including marketing campaigns and launch events

Senior Product Manager, DEF Startups (2015-2018)

* Developed and maintained product roadmaps, ensuring alignment with business objectives and customer needs
* Led product development teams to deliver high-impact products, including a web application that achieved 10% month-over-month growth
* Conducted market research to identify opportunities and threats, informing product development and go-to-market strategies
* Collaborated with stakeholders to prioritize features and ensure alignment with business objectives
* Managed product launch plans, including marketing campaigns and launch events

Leadership Experience:

* Led cross-functional teams to deliver high-impact products and achieve business objectives
* Mentored junior product managers to develop their skills and expertise
* Collaborated with external partners to identify new business opportunities and develop strategic partnerships

Skills:

* Roadmap development and execution
* Stakeholder communication and engagement
* Agile methodologies (Scrum, Kanban)
* Leadership and team management
* Market research and analysis
* Product launch planning and execution
* Product development and management

Achievements:

* 25% increase in revenue growth through strategic product development and launch planning
* 1M downloads within 6 months of mobile app launch
* 10% month-over-month growth for web application
* Developed and executed product roadmaps that aligned with business objectives

Education:

* Bachelor's Degree in Business Administration, XYZ University (2010-2014)

Certifications:

* Certified Product Manager (CPM), Association of International Product Managers (2016)
* Agile Certified Practitioner (ACP), Project Management Institute (2017)

References:
Available upon request.","Mary O'Connor
Contact Information:

* Email: [maryoconnor@email.com](mailto:maryoconnor@email.com)
* Phone: (123) 456-7890
* LinkedIn: linkedin.com/in/maryoconnor

Professional Summary:
Highly motivated and results-driven Product Manager with 8+ years of experience in driving product development from concept to launch. Proven track record of successfully collaborating with cross-functional teams, stakeholders, and customers to deliver innovative products that meet market needs. Skilled in Agile methodologies, stakeholder communication, and market research, with a strong passion for developing and executing product roadmaps that drive business growth.

Career Highlights:

* Senior Product Manager, ABC Company (2018-Present)
	+ Developed and executed product roadmaps that resulted in 25% increase in revenue and 30% increase in customer engagement
	+ Collaborated with cross-functional teams to launch 5 new products, resulting in 50% market share growth
	+ Conducted market research to identify emerging trends and opportunities, informing product development decisions
	+ Built and maintained strong relationships with stakeholders, including customers, sales teams, and executive leadership
* Product Manager, DEF Company (2015-2018)
	+ Led the development of a new product feature that resulted in 20% increase in customer retention
	+ Developed and executed a market research plan that informed product development decisions, resulting in 15% increase in product adoption
	+ Collaborated with engineering teams to launch 3 new product versions, resulting in 25% reduction in defect rate

Skills:

* Product Roadmaps
* Stakeholder Communication
* Agile Methodologies
* Market Research
* Product Development
* Cross-Functional Team Collaboration
* Customer Engagement
* Data Analysis

Achievements:

* Recipient of the ABC Company's ""Product Manager of the Year"" award (2020)
* Featured speaker at the DEF Company's ""Product Development Summit"" (2017)
* Published article on ""Agile Methodologies in Product Development"" in the Journal of Product Management (2019)

Education:

* Bachelor's Degree in Business Administration, XYZ University (2010-2014)

Certifications:

* Certified Product Manager (CPM), Association of International Product Marketing and Management (2016)
* Agile Certified Practitioner (ACP), Project Management Institute (2015)

References:
Available upon request.",Mark,Arias,Mark Arias,Contact,Information,Contact Information,male,"GreaterEuropean,WestEuropean,Hispanic",unknown,"GreaterEuropean,British"
26,"As a QA Engineer, you will play a pivotal role in shaping the future of finance.","Jessica Huynh
Contact Information:

* Address: 123 Main St, Anytown, USA 12345
* Phone: (555) 555-5555
* Email: [jessicahuynh@email.com](mailto:jessicahuynh@email.com)
* LinkedIn: linkedin.com/in/jessicahuynh

Professional Summary:

Dedicated and detail-oriented QA Engineer with 5 years of experience in manual and automated testing, bug tracking, and quality assurance. Proven track record of identifying and reporting high-priority defects, improving product quality, and collaborating with cross-functional teams to deliver high-quality software products. Skilled in a range of testing methodologies and tools, with a passion for process improvement and continuous learning.

Technical Skills:

* Manual Testing: Black box, white box, and gray box testing
* Automated Testing: Selenium, TestNG, Cucumber
* Bug Tracking: JIRA, Bugzilla, Trello
* Testing Frameworks: TestNG, Cucumber
* Programming Languages: Java, Python
* Operating Systems: Windows, Linux, macOS
* Agile Methodologies: Scrum, Kanban

Work Experience:

QA Engineer, ABC Corporation (2018-Present)

* Develop and execute manual and automated test cases to ensure high-quality software products
* Identify and report high-priority defects to development teams, providing detailed steps to reproduce and suggested fixes
* Collaborate with development teams to design and implement automated test scripts using Selenium and TestNG
* Utilize JIRA to track and manage defects, providing regular updates to stakeholders
* Participate in code reviews and provide feedback on testability and quality
* Mentor junior QA engineers to improve testing skills and knowledge

QA Engineer, DEF Company (2015-2018)

* Conducted manual and automated testing on a range of software products, including web applications and mobile apps
* Developed and executed test cases using Black box, white box, and gray box testing methodologies
* Utilized Bugzilla to track and manage defects, collaborating with development teams to resolve issues
* Participated in Agile development teams, providing regular testing status updates to stakeholders
* Contributed to process improvements, including implementing automated testing and continuous integration

Education:

* Bachelor's Degree in Computer Science, XYZ University (2015)

Achievements:

* Improved test coverage by 30% through the implementation of automated testing and continuous integration
* Reduced defect density by 25% through the use of test-driven development and continuous testing
* Collaborated with development teams to deliver high-quality software products, resulting in a 95% customer satisfaction rate
* Mentored junior QA engineers, resulting in a 90% increase in test automation coverage

Certifications:

* Certified Software Quality Engineer (CSQE), American Society for Quality (2020)
* Certified Agile Practitioner (CAPM), Project Management Institute (2019)

References:

Available upon request.","Laura Preston
Contact Information:

* Address: 123 Main St, Anytown, USA 12345
* Phone: (555) 555-5555
* Email: [laura.preston@email.com](mailto:laura.preston@email.com)
* LinkedIn: linkedin.com/in/laurapreston

Professional Summary:
Highly motivated and detail-oriented QA Engineer with 5+ years of experience in automated testing, bug tracking, and performance testing. Skilled in Selenium, Jenkins, and JIRA, with a strong passion for ensuring high-quality software products. Proven track record of improving test efficiency, reducing defects, and enhancing team collaboration.

Technical Skills:

* Programming languages: Java, Python, C#
* Testing frameworks: Selenium, TestNG, JUnit
* Automation tools: Jenkins, Git, Maven
* Bug tracking tools: JIRA, Bugzilla
* Performance testing tools: Apache JMeter, LoadRunner
* Operating Systems: Windows, Linux, macOS
* Agile methodologies: Scrum, Kanban

Professional Experience:

QA Engineer, XYZ Corporation (2018-Present)

* Designed and developed automated test scripts using Selenium WebDriver for web applications
* Implemented performance testing using Apache JMeter to identify bottlenecks and optimize system performance
* Collaborated with cross-functional teams to identify and prioritize testing requirements
* Utilized JIRA to track and report defects, ensuring timely resolution and communication with stakeholders
* Improved test efficiency by 30% through automation and optimization of test cases

QA Tester, ABC Company (2015-2018)

* Conducted manual testing of software applications to identify defects and bugs
* Created and maintained test cases, test scripts, and test plans using Excel and JIRA
* Worked with development team to reproduce and fix defects, ensuring high-quality releases
* Participated in performance testing and load testing using LoadRunner and JMeter
* Assisted in training and mentoring junior QA team members

Education:

* Bachelor's Degree in Computer Science, [University Name] (2015)

Certifications:

* Certified Software Tester (CSTE), [Certification Date]
* Certified Agile Practitioner (CAPM), [Certification Date]

Achievements:

* Improved test coverage by 25% through the implementation of automated testing using Selenium
* Reduced defect density by 20% through the use of performance testing and load testing
* Developed and maintained a comprehensive test automation framework using Jenkins and Selenium
* Collaborated with cross-functional teams to implement Agile methodologies and improve team collaboration

References:
Available upon request.",Jessica,Huynh,Jessica Huynh,Laura,Preston,Laura Preston,female,"GreaterEuropean,British",female,"GreaterEuropean,British"
27,"As a QA Engineer, you'll lead the design and development of cutting-edge machine learning.","Alan Johnson
Contact Information:

* Email: [alan.johnson@email.com](mailto:alan.johnson@email.com)
* Phone: 555-555-5555
* LinkedIn: linkedin.com/in/alanjohnsonqa

Summary:
Dedicated and detail-oriented QA Engineer with 5+ years of experience in manual testing, automation testing, and bug tracking. Proven track record of delivering high-quality software products through rigorous testing and debugging. Skilled in Selenium, Bugzilla, and TestLink, with a strong background in agile methodologies.

Professional Experience:

QA Engineer, ABC Software Company (2020-Present)

* Conducted manual testing of software applications, identifying and reporting defects to development teams
* Developed and executed automated test scripts using Selenium, resulting in a 30% reduction in testing time
* Collaborated with developers to reproduce and resolve defects, ensuring timely delivery of software releases
* Maintained and updated test cases, ensuring 99% test coverage for all software releases
* Worked closely with cross-functional teams to identify and prioritize testing tasks, ensuring alignment with business objectives

QA Test Engineer, DEF Technology Company (2018-2020)

* Designed and executed test plans for software applications, ensuring 95% test coverage
* Conducted exploratory testing, identifying and reporting defects to development teams
* Developed and maintained test automation scripts using Selenium, resulting in a 25% reduction in testing time
* Collaborated with developers to reproduce and resolve defects, ensuring timely delivery of software releases
* Participated in agile retrospectives, providing insights and recommendations for process improvements

Education:

* Bachelor's Degree in Computer Science, XYZ University (2018)

Skills:

* Manual testing
* Automation testing (Selenium)
* Bug tracking (Bugzilla, TestLink)
* Agile methodologies (Scrum, Kanban)
* Test planning and execution
* Test automation
* Defect reporting and tracking
* Cross-functional collaboration

Achievements:

* Reduced testing time by 30% through automation testing using Selenium
* Improved test coverage to 99% for all software releases
* Identified and reported over 500 defects, resulting in a 25% reduction in defect density
* Collaborated with cross-functional teams to deliver software releases on time and within budget

Certifications:

* Certified Software Tester (CSTE), American Software Testing Qualifications Board (2019)
* Certified Scrum Master (CSM), Scrum Alliance (2020)

References:
Available upon request.","Veronica Williams
Quality Assurance Engineer

Contact Information:

* Phone: (555) 123-4567
* Email: [veronica.williams@email.com](mailto:veronica.williams@email.com)
* LinkedIn: linkedin.com/in/veronicawilliamsqa
* Location: [City, State]

Summary:
Highly motivated and experienced Quality Assurance (QA) Engineer with a strong background in manual testing, bug tracking, and performance testing. Proven track record of delivering high-quality products by identifying and reporting defects, improving test case development, and collaborating with cross-functional teams. Skilled in testing methodologies, defect tracking tools, and agile frameworks.

Professional Experience:

QA Engineer, ABC Corporation (2018-Present)

* Conducted manual testing of web applications, mobile apps, and desktop software, ensuring that products met quality and functionality standards.
* Developed and executed test cases, test plans, and test scripts to identify defects and improve product quality.
* Utilized JIRA, Bugzilla, and TestRail for bug tracking, reporting, and collaboration with development teams.
* Collaborated with cross-functional teams to identify and prioritize product defects, ensuring timely resolution and meeting project deadlines.
* Improved test case development and maintenance processes, resulting in a 25% reduction in testing time and a 30% increase in product quality.

QA Engineer, DEF Startups (2015-2018)

* Conducted performance testing of web applications, mobile apps, and desktop software, ensuring that products met performance and scalability standards.
* Developed and executed test automation scripts using Selenium and Appium, resulting in a 40% reduction in manual testing time.
* Utilized JIRA, Bugzilla, and TestRail for bug tracking, reporting, and collaboration with development teams.
* Collaborated with cross-functional teams to identify and prioritize product defects, ensuring timely resolution and meeting project deadlines.
* Improved test case development and maintenance processes, resulting in a 20% reduction in testing time and a 25% increase in product quality.

Education:

* Bachelor of Science in Computer Science, XYZ University (2010-2014)

Skills:

* Manual testing methodologies (black box, white box, gray box)
* Test case development and maintenance
* Bug tracking tools (JIRA, Bugzilla, TestRail)
* Agile frameworks (Scrum, Kanban)
* Performance testing tools (Apache JMeter, Gatling)
* Test automation frameworks (Selenium, Appium)
* Version control systems (Git, SVN)
* Operating Systems (Windows, Linux, macOS)

Achievements:

* Recipient of the ""QA Engineer of the Year"" award at ABC Corporation (2020)
* Published a whitepaper on ""Improving Test Case Development and Maintenance Processes"" at DEF Startups (2017)
* Certified Scrum Master (CSM) and Certified Associate in Software Testing (CAST)

Certifications:

* Certified Scrum Master (CSM)
* Certified Associate in Software Testing (CAST)
* ISTQB Certified Tester Foundation Level (CTFL)

References:
Available upon request.",Alan,Johnson,Alan Johnson,Veronica,Williams,Veronica Williams,male,"GreaterEuropean,British",female,"GreaterEuropean,British"
28,"As a Robotics Engineer, you will play a pivotal role in shaping the future of healthcare.","Erica Christian
Robotics Engineer

Contact Information:

* Address: 123 Main St, Anytown, USA 12345
* Phone: (555) 555-5555
* Email: [ericachristian@email.com](mailto:ericachristian@email.com)
* LinkedIn: linkedin.com/in/ericachristian

Summary:
Highly motivated and detail-oriented robotics engineer with 5+ years of experience in designing, developing, and deploying mechatronic systems. Skilled in ROS, Mechatronics, MATLAB, and C++. Proven track record of delivering projects on time, on budget, and with high quality. Proficient in working in collaborative teams and leading cross-functional projects.

Technical Skills:

* Programming languages: C++, MATLAB, Python, ROS (Robot Operating System)
* Operating Systems: Windows, Linux
* Mechatronics: Robotics, Control Systems, Embedded Systems
* Software: ROS, MATLAB, Simulink, Visual Studio
* Tools: CAD (SolidWorks, Fusion 360), 3D printing, electronics, sensors, actuators

Professional Experience:

Robotics Engineer
ABC Robotics Company (2018-Present)

* Designed, developed, and deployed mechatronic systems for various robotics applications, including robotic arms, mobile robots, and autonomous vehicles
* Utilized ROS and C++ to develop software for robotic systems, including navigation, control, and sensor fusion
* Collaborated with cross-functional teams to integrate robotic systems with other systems, including computer vision, machine learning, and sensors
* Developed and maintained technical documentation, including user manuals, system specifications, and technical reports

Research Engineer
 DEF Research Institute (2015-2018)

* Conducted research in robotics and mechatronics, including development of novel robotic control algorithms and sensor systems
* Utilized MATLAB and Simulink to develop and simulate robotic control systems, including model predictive control and reinforcement learning
* Collaborated with researchers and engineers to develop and deploy robotic systems for various applications, including robotics and autonomous vehicles
* Published research papers in top-tier robotics and mechatronics conferences and journals

Education:

* Master of Science in Robotics Engineering, XYZ University (2015)
* Bachelor of Science in Mechatronics Engineering, ABC University (2013)

Certifications:

* Certified Robotics Engineer, International Society of Robotics Engineers (ISRE)
* Certified Mechatronics Engineer, American Society of Mechatronics Engineers (ASME)

Achievements:

* Winner of the 2020 ABC Robotics Company Innovation Award for development of novel robotic control algorithm
* Published 5 research papers in top-tier robotics and mechatronics conferences and journals
* Developed and deployed 3 robotic systems for various applications, including robotic arms, mobile robots, and autonomous vehicles
* Collaborated with researchers and engineers to develop and deploy robotic systems for various applications, including robotics and autonomous vehicles

References:
Available upon request.","Heather Murphy
Robotics Engineer

Contact Information:

* Phone: (123) 456-7890
* Email: [heather.murphy@email.com](mailto:heather.murphy@email.com)
* LinkedIn: linkedin.com/in/heathermurphyrobotics
* GitHub: github.com/heathermurphy

Professional Summary:
Highly motivated and detail-oriented Robotics Engineer with 5+ years of experience in designing, developing, and deploying control systems, mechatronics, and sensor fusion solutions for various industries. Skilled in path planning, machine learning, and software development. Proven track record of delivering high-quality projects on time and exceeding customer expectations.

Summary of Qualifications:

* Strong understanding of control systems, mechatronics, and sensor fusion principles
* Proficient in C++, Python, MATLAB, and Simulink
* Experience with path planning, machine learning, and computer vision algorithms
* Strong software development skills, including Agile methodologies
* Excellent problem-solving and communication skills

Technical Skills:

* Programming languages: C++, Python, MATLAB
* Development frameworks: ROS (Robot Operating System), Simulink
* Control systems: PID, Model Predictive Control
* Mechatronics: design and development of mechatronic systems
* Sensor fusion: integration of multiple sensors for accurate data fusion
* Path planning: algorithms for path planning and motion control
* Machine learning: experience with machine learning algorithms for robotics applications

Professional Experience:

Robotics Engineer, XYZ Robotics (2018-Present)

* Designed and developed control systems for autonomous vehicles using C++ and ROS
* Implemented sensor fusion algorithms to improve accuracy and robustness of vehicle navigation
* Collaborated with team to develop and deploy machine learning models for object detection and classification
* Led the development of a path planning algorithm for a robotic arm, resulting in a 30% increase in efficiency
* Implemented and tested a software framework for robotics applications, resulting in a 25% reduction in development time

Research Assistant, ABC University (2015-2018)

* Assisted in the development of a mechatronic system for a robotic arm using Simulink and MATLAB
* Conducted research in path planning and motion control, resulting in the publication of a paper in a top-tier conference
* Collaborated with team to develop and test a sensor fusion algorithm for robotic applications
* Participated in the development of a software framework for robotics applications, resulting in a 20% reduction in development time

Education:

* Master of Science in Robotics Engineering, ABC University (2015-2017)
* Bachelor of Science in Electrical Engineering, DEF University (2010-2014)

Achievements:

* Published paper in a top-tier conference on path planning and motion control
* Awarded the Best Paper Award at the 2018 Robotics Conference
* Collaborated with team to develop and deploy a robotics application that resulted in a 50% increase in productivity
* Developed and taught a course on robotics and control systems for undergraduate students

Certifications:

* Certified Robotics Engineer, Robotics Engineering Certification Board (2018)
* Certified Professional in Control Systems, International Society of Automation (2015)

References:

Available upon request.",Erica,Christian,Erica Christian,Heather,Murphy,Heather Murphy,female,"GreaterEuropean,British",female,"GreaterEuropean,British"
29,"As a Software Engineer, you will play a pivotal role in shaping the future of education.","Renee Woods
Software Engineer

Contact Information:

* Email: [reneewoods@email.com](mailto:reneewoods@email.com)
* Phone: 555-555-5555
* LinkedIn: linkedin.com/in/reneewoods
* GitHub: github.com/reneewoods

Professional Summary:
Highly motivated and detail-oriented software engineer with 5+ years of experience in designing, developing, and deploying large-scale software systems. Skilled in a range of programming languages including Java, C++, and Python, with a strong background in algorithms and system design. Proficient in DevOps practices and tools, with experience in containerization, continuous integration, and continuous deployment.

Technical Skills:

* Programming languages: Java, C++, Python
* Development frameworks: Spring, Django, Flask
* Databases: MySQL, PostgreSQL, MongoDB
* Operating Systems: Windows, Linux, macOS
* DevOps tools: Docker, Kubernetes, Jenkins, Git
* Agile methodologies: Scrum, Kanban

Professional Experience:

Senior Software Engineer, ABC Corporation (2018-Present)

* Designed and developed multiple large-scale applications using Java, C++, and Python
* Led a team of 3-5 engineers in the development of a cloud-based platform using Spring Boot, Docker, and Kubernetes
* Implemented continuous integration and continuous deployment pipelines using Jenkins and Git
* Collaborated with cross-functional teams to identify and prioritize project requirements
* Mentored junior engineers in the development of software systems and DevOps practices

Software Engineer, DEF Startups (2015-2018)

* Developed multiple web applications using Python, Django, and Flask
* Worked on a team to design and implement a scalable e-commerce platform using MySQL, PostgreSQL, and MongoDB
* Implemented unit tests and integration tests using Pytest and Unittest
* Participated in code reviews and ensured adherence to coding standards
* Collaborated with the QA team to identify and resolve defects

Education:

* Bachelor of Science in Computer Science, XYZ University (2015)

Achievements:

* Won the ""Best Project"" award at the 2018 ABC Corporation Hackathon for developing a chatbot using Java and Spring Boot
* Published a research paper on ""Efficient Algorithm Design for Large-Scale Data Analysis"" in the 2016 IEEE International Conference on Computer Science and Engineering
* Participated in the 2017 Google Code-in Competition and received a special mention for the ""Best Contribution"" award
* Completed the ""Certified Scrum Master"" certification program in 2019

Certifications:

* Certified Scrum Master (CSM)
* Certified Java Developer (OCPJP)
* Certified Python Developer (OCPD)

References:
Available upon request.","Emily Palmer
Software Engineer

Contact Information:

* Email: [emilypalmer@email.com](mailto:emilypalmer@email.com)
* Phone: 555-555-5555
* LinkedIn: linkedin.com/in/emilypalmer
* GitHub: github.com/emilypalmer

Professional Summary:
Highly motivated and detail-oriented software engineer with 3+ years of experience in designing, developing, and deploying scalable and efficient software systems. Skilled in multiple programming languages, including Java, C++, and Python, with a strong foundation in algorithms, data structures, and system design. Proven track record of delivering high-quality solutions on time and on budget.

Technical Skills:

* Programming languages: Java, C++, Python
* Data structures: Arrays, Linked Lists, Stacks, Queues, Trees, Graphs
* Algorithms: Sorting, Searching, Graph Algorithms, Dynamic Programming
* System design: Microservices, RESTful APIs, Database Design
* Agile development methodologies: Scrum, Kanban
* Version control: Git, SVN
* Operating Systems: Windows, Linux, macOS

Professional Experience:

Software Engineer, XYZ Corporation (2018-Present)

* Designed and implemented multiple features for a large-scale e-commerce platform using Java and C++
* Developed and maintained a high-availability system for processing millions of requests per day using Python and Apache Kafka
* Collaborated with cross-functional teams to design and implement a microservices-based architecture for a new product line
* Implemented various algorithms and data structures to optimize system performance and scalability
* Participated in code reviews, ensured high-quality code, and contributed to the development of technical documentation

Software Engineer, ABC Startup (2015-2018)

* Developed a mobile app for iOS and Android using Java and Kotlin
* Designed and implemented a web scraper using Python and BeautifulSoup
* Collaborated with a team to design and develop a chatbot using natural language processing and machine learning
* Implemented various data structures and algorithms to optimize system performance and scalability
* Participated in code reviews, ensured high-quality code, and contributed to the development of technical documentation

Education:

* Bachelor of Science in Computer Science, [University Name] (2015)

Achievements:

* Awarded ""Best Code Contribution"" in 2019 for a Java-based project at XYZ Corporation
* Published a paper on ""Efficient Data Structure for Big Data Processing"" at an international conference in 2018
* Completed a hackathon project that won 2nd place in the ""Best Use of AI"" category in 2017

Certifications:

* Certified Java Developer, Oracle (2016)
* Certified C++ Programmer, C++ Institute (2015)

References:
Available upon request.",Renee,Woods,Renee Woods,Emily,Palmer,Emily Palmer,female,"GreaterEuropean,British",female,"GreaterEuropean,British"
30,"As a System Administrator, you will play a pivotal role in shaping the future of education.","Joel Johnson
System Administrator Candidate

Contact Information:

* Phone: (123) 456-7890
* Email: [joel.johnson@email.com](mailto:joel.johnson@email.com)
* LinkedIn: linkedin.com/in/joeljohnson

Professional Summary:
Highly skilled System Administrator with 8+ years of experience in managing and maintaining Linux/Unix systems, networks, and virtualized environments. Proven track record of improving system uptime, reducing downtime, and enhancing overall system performance. Proficient in system monitoring, troubleshooting, and automation. Seeking a challenging role as a System Administrator where I can utilize my expertise to support business growth and success.

Technical Skills:

* Linux/Unix (Red Hat, CentOS, Ubuntu, Solaris)
* Networking (TCP/IP, DNS, DHCP, Firewall)
* Virtualization (VMware, KVM, Xen)
* System Monitoring (Nagios, Prometheus, Grafana)
* Scripting (Bash, Python, Perl)
* Cloud Computing (AWS, Azure)
* Security (PKI, SSL/TLS, Access Control)

Professional Experience:

Senior System Administrator
ABC Corporation (2018 - Present)

* Manage and maintain a fleet of 50 Linux servers, ensuring high uptime and system performance.
* Implemented a centralized monitoring system using Nagios, resulting in 30% reduction in downtime.
* Developed and deployed automated scripts to streamline system maintenance tasks.
* Collaborated with the development team to design and implement a cloud-based infrastructure using AWS.

System Administrator
 DEF Company (2015 - 2018)

* Installed, configured, and maintained a network of 20 Unix servers, ensuring optimal system performance.
* Implemented a virtualization layer using VMware, resulting in 25% reduction in hardware costs.
* Conducted regular security audits and implemented security measures to protect the network.
* Assisted in the deployment of a new monitoring system using Prometheus and Grafana.

Education:

* Bachelor's Degree in Computer Science, XYZ University (2010 - 2014)

Certifications:

* CompTIA Linux+/LPIC-1
* CompTIA Network+
* VMware VCP-DCV

Achievements:

* Successfully migrated a legacy system from Unix to Linux, resulting in 40% reduction in system costs.
* Developed and deployed a centralized logging system using Splunk, resulting in 50% reduction in log analysis time.
* Collaborated with the security team to implement a robust security framework, resulting in 25% reduction in security incidents.

References:
Available upon request.","Jackson Cook
System Administrator

Contact Information:

* Phone: (123) 456-7890
* Email: [jackson.cook@email.com](mailto:jackson.cook@email.com)
* LinkedIn: linkedin.com/in/jacksoncook

Summary:
Results-driven System Administrator with 5+ years of experience in managing and maintaining large-scale Linux/Unix and Windows Server environments. Skilled in system monitoring, troubleshooting, and optimization. Proven track record of improving system uptime, reducing downtime, and increasing overall system performance.

Technical Skills:

* Operating Systems: Linux (Red Hat, Ubuntu), Unix (Solaris), Windows Server (2008-2019)
* Virtualization: VMware, KVM
* Networking: TCP/IP, DNS, DHCP, VLAN
* System Monitoring: Nagios, Prometheus, Grafana
* Scripting: Bash, Python
* Cloud Platforms: AWS, Azure

Professional Experience:

System Administrator, ABC Corporation (2018-Present)

* Manage and maintain a fleet of 100+ Linux/Unix servers, ensuring 99.99% uptime and minimal downtime
* Implement and monitor system monitoring tools (Nagios, Prometheus) to improve system performance and reduce downtime
* Develop and execute scripts (Bash, Python) to automate system administration tasks, such as backups and updates
* Collaborate with development teams to ensure smooth deployment of applications and services
* Perform regular security audits and implement security patches to prevent vulnerabilities

Senior System Administrator, DEF Company (2015-2018)

* Managed and maintained a hybrid Windows Server/Linux environment, ensuring seamless integration and minimal downtime
* Implemented and monitored system monitoring tools (Nagios, Grafana) to improve system performance and reduce downtime
* Developed and executed scripts (Bash, Python) to automate system administration tasks, such as backups and updates
* Collaborated with development teams to ensure smooth deployment of applications and services
* Implemented and managed cloud infrastructure on AWS, including EC2, S3, and RDS

Achievements:

* Improved system uptime by 25% through proactive monitoring and maintenance
* Reduced downtime by 40% through efficient troubleshooting and resolution of issues
* Implemented a cloud-based backup solution, reducing backup time by 80%
* Developed and implemented a system monitoring dashboard, improving system visibility and performance

Education:

* Bachelor's Degree in Computer Science, XYZ University (2015)

Certifications:

* CompTIA Server+ (2016)
* Red Hat Certified System Administrator (RHEL 7) (2018)

References:
Available upon request.",Joel,Johnson,Joel Johnson,Jackson,Cook,Jackson Cook,male,"GreaterEuropean,British",male,"GreaterEuropean,British"
31,"As a UI Engineer, you will play a pivotal role in shaping the future of finance.","Brandon Williams
UI Engineer

Contact Information:

* Phone: (123) 456-7890
* Email: [bwilliams@email.com](mailto:bwilliams@email.com)
* LinkedIn: linkedin.com/in/brandonwilliams
* GitHub: github.com/brandonwilliams

Professional Summary:
Highly skilled UI Engineer with 5+ years of experience in designing and developing user-centered interfaces for web applications. Proficient in HTML, CSS, React, and other industry-standard technologies. Proven track record of delivering high-quality UI components and collaborating with cross-functional teams to drive product innovation.

Technical Skills:

* HTML5, CSS3, and SASS
* React, Redux, and React Hooks
* UI/UX Design principles and wireframing tools (Figma, Sketch)
* JavaScript and ES6+
* Responsive web design and mobile-first development
* Agile development methodologies and version control (Git)

Professional Experience:

Senior UI Engineer, ABC Corporation (2018-Present)

* Designed and developed user interface components for multiple web applications, resulting in a 30% increase in user engagement
* Collaborated with product managers and designers to create product visions and design specifications
* Implemented responsive web designs and mobile-first development approaches to improve user experience
* Mentored junior engineers and designers to improve team productivity and knowledge sharing
* Participated in code reviews and ensured adherence to coding standards and best practices

UI Engineer, DEF Startups (2015-2018)

* Developed and maintained multiple web applications using React and Redux
* Created high-fidelity wireframes and prototypes to communicate design concepts to stakeholders
* Worked with designers to create visually appealing and user-centered interfaces
* Participated in Agile development teams and contributed to sprint planning and backlog management

Education:

* Bachelor of Science in Computer Science, XYZ University (2015)

Achievements:

* Received the ""Best UI Design"" award at the ABC Corporation's annual innovation showcase (2020)
* Participated in the DEF Startups' Hackathon and won first prize for a mobile application project (2016)
* Published articles on UI/UX design and web development on industry blogs and websites

Certifications:

* Certified Front-end Developer, Google Developers Certification (2019)
* Certified UI/UX Designer, Nielsen Norman Group Certification (2018)

References:
Available upon request.","Tracy Gray
Contact Information:

* Phone: (123) 456-7890
* Email: [tracygray@email.com](mailto:tracygray@email.com)
* LinkedIn: linkedin.com/in/tracygray
* GitHub: github.com/tracygray

Professional Summary:
Highly skilled UI Engineer with 5+ years of experience in designing and developing user interfaces for web applications. Proficient in HTML, CSS, React, and wireframing tools. Proven track record of delivering high-quality, visually appealing, and user-friendly interfaces that meet business requirements. Strong understanding of UX principles and design systems.

Technical Skills:

* Programming languages: HTML, CSS, JavaScript (ES6+)
* Front-end frameworks: React (Hooks, Context API)
* Design tools: Figma, Sketch, Adobe XD
* Wireframing and prototyping tools: Axure, InVision
* Version control: Git
* Agile methodologies: Scrum, Kanban

Professional Experience:

UI Engineer, ABC Company (2018-Present)

* Designed and developed user interfaces for multiple web applications, including a popular e-commerce platform and a mobile banking app
* Collaborated with cross-functional teams to gather requirements, create wireframes, and implement designs
* Implemented responsive design patterns to ensure seamless user experiences across various devices and browsers
* Utilized React Hooks and Context API to manage state and props in complex components
* Participated in code reviews and contributed to the improvement of the codebase
* Mentored junior engineers to improve their skills and knowledge in UI development

Senior UI Designer, DEF Agency (2015-2018)

* Led the design of multiple web applications, including a corporate website and a non-profit organization's fundraising platform
* Created high-fidelity prototypes and wireframes to communicate design concepts to stakeholders
* Worked closely with developers to ensure seamless implementation of designs
* Conducted usability testing and gathered feedback to improve the design
* Managed and maintained design systems, ensuring consistency across multiple projects

Education:

* Bachelor's Degree in Computer Science, XYZ University (2015)

Achievements:

* Designed and developed a responsive web application that increased conversions by 25% and improved user engagement by 50%
* Created a reusable UI component library that reduced development time by 30% and improved code quality
* Collaborated with the development team to launch a mobile app that reached #1 on the app store charts and received positive reviews from users

Certifications:

* Certified React Developer, React Training Program (2020)
* Certified UX Designer, UX Design Certification Program (2019)

References:
Available upon request.",Brandon,Williams,Brandon Williams,Tracy,Gray,Tracy Gray,male,"GreaterEuropean,British",female,"GreaterEuropean,British"
32,"As a UX Designer, you will play a pivotal role in shaping the future of healthcare.","Andrew Goodwin
Contact Information:

* Phone: (123) 456-7890
* Email: [andrew.goodwin@email.com](mailto:andrew.goodwin@email.com)
* LinkedIn: linkedin.com/in/andrewgoodwin
* Portfolio: andrewgoodwin.com

Professional Summary:
Highly motivated and detail-oriented UX Designer with 5+ years of experience in user research, usability testing, and interaction design. Proven track record of delivering user-centered design solutions that drive business results. Skilled in design tools such as Sketch, Figma, InVision, and Adobe Creative Suite.

Summary of Qualifications:

* User research and usability testing methods
* Interaction design principles and human-centered design
* Design tools and software (Sketch, Figma, InVision, Adobe Creative Suite)
* Experience working with cross-functional teams to deliver design solutions
* Strong communication and presentation skills

Professional Experience:

UX Designer, ABC Company (2018-Present)

* Conducted user research and usability testing to inform design decisions
* Designed and delivered high-fidelity prototypes using Sketch and Figma
* Worked closely with product teams to develop and implement user-centered design solutions
* Collaborated with stakeholders to prioritize design projects and deliver results on time
* Developed and maintained design systems and guidelines for the company
* Presented design solutions and research findings to cross-functional teams and stakeholders

Senior UX Researcher, DEF Company (2015-2018)

* Conducted user research and usability testing to inform design decisions
* Developed and implemented user research methods and tools
* Collaborated with product teams to develop and implement user-centered design solutions
* Worked with stakeholders to prioritize design projects and deliver results on time
* Developed and maintained research reports and presentations for cross-functional teams and stakeholders

Education:

* Bachelor of Fine Arts in Graphic Design, XYZ University (2010-2014)

Achievements:

* Awarded ""Best UX Design Solution"" at the 2020 Design Awards for the ""New Product Launch"" project
* Published research paper ""User Research Methods for Mobile App Design"" at the 2019 UX Research Conference
* Developed and implemented a design system that increased design efficiency by 30% and reduced design iterations by 25%

Skills:

* User research and usability testing methods
* Interaction design principles and human-centered design
* Design tools and software (Sketch, Figma, InVision, Adobe Creative Suite)
* Communication and presentation skills
* Project management and time management skills
* Experience working with cross-functional teams

Certifications:

* Certified UX Designer, UX Design Institute (2018)
* Certified User Researcher, User Research Professionals Association (2016)

References:
Available upon request.","Kristi Bryant
UX Designer

Contact Information:

* Phone: (555) 123-4567
* Email: [kristi.bryant@email.com](mailto:kristi.bryant@email.com)
* LinkedIn: linkedin.com/in/kristibryant
* Portfolio: kristibryant.design

Professional Summary:

Results-driven UX Designer with 5+ years of experience in crafting intuitive and user-centered designs across various industries. Skilled in prototyping, wireframing, usability testing, and design tools. Proven track record of delivering high-quality designs that drive business growth and improve user experience.

Technical Skills:

* Design tools: Sketch, Figma, Adobe XD, InVision
* Prototyping tools: InVision, Figma, Adobe XD
* Design systems: implementation and management
* Interaction design: principles and patterns
* Usability testing: planning, execution, and analysis
* Collaboration tools: Slack, Trello, Asana

Professional Experience:

UX Designer, ABC Company (2018-Present)

* Designed and delivered high-fidelity prototypes for various products, resulting in a 25% increase in user engagement
* Conducted usability testing and usability reports, leading to a 30% reduction in user errors
* Collaborated with cross-functional teams to develop design systems and style guides, improving design consistency across products
* Created and maintained design documentation, including style guides, design principles, and design patterns

Senior UX Designer, DEF Agency (2015-2018)

* Led design projects from concept to delivery, ensuring timely and high-quality results
* Conducted user research and analysis, informing design decisions and improving user experience
* Developed and maintained design tools, including design systems and style guides
* Mentored junior designers, providing guidance and feedback to improve design skills

Education:

* Bachelor of Fine Arts in Graphic Design, XYZ University (2010-2014)

Achievements:

* Certified UX Designer, Nielsen Norman Group (2016)
* Winner, UX Design Competition, ABC Design Conference (2018)
* Featured Speaker, UX Design Conference (2019)

Certifications:

* Certified UX Designer, Nielsen Norman Group
* Figma Certification, Figma

References:

Available upon request.",Andrew,Goodwin,Andrew Goodwin,Kristi,Bryant,Kristi Bryant,male,"GreaterEuropean,British",female,"GreaterEuropean,WestEuropean,Nordic"
33,"As a UX Designer, you'll lead the design and development of cutting-edge AI.","Margaret Greer
UX Designer

Contact Information:

* Email: [margaret.greer@email.com](mailto:margaret.greer@email.com)
* Phone: 555-555-5555
* LinkedIn: linkedin.com/in/margaretgreer
* Portfolio: margaretgreer.com

Summary:
Highly skilled UX Designer with 5+ years of experience in conducting user research, creating wireframes and prototypes, and leading usability testing. Proven track record of delivering design solutions that improve user engagement and conversion rates. Collaborative and creative problem-solver with expertise in human-centered design.

Professional Experience:

Senior UX Designer, ABC Company (2018-Present)

* Led user research studies to inform design decisions, resulting in a 20% increase in user engagement
* Designed and developed wireframes, prototypes, and high-fidelity designs for web and mobile applications
* Conducted usability testing and heuristic evaluations to identify and address design flaws
* Collaborated with cross-functional teams, including engineering, product, and marketing to ensure design solutions meet business goals

UX Designer, DEF Agency (2015-2018)

* Conducted user research, interviews, and surveys to inform design decisions for various clients
* Created wireframes, prototypes, and design specifications for web and mobile applications
* Developed and maintained design systems and style guides
* Worked closely with clients to understand their needs and deliver design solutions that met their goals

Education:

* Bachelor of Fine Arts in Graphic Design, XYZ University (2010-2014)

Skills:

* User research and testing
* Wireframing and prototyping (Sketch, Figma, InVision)
* Interaction design and usability testing
* Design systems and style guides
* Collaboration and communication with cross-functional teams
* Human-centered design principles and methodologies

Achievements:

* Winner of the 2019 UX Design Award for outstanding design work on the ABC Company project
* Featured Speaker at the 2018 UX Design Conference on the topic of ""Conducting Effective User Research""
* Published in the 2017 issue of UX Magazine on the topic of ""Designing for Accessibility""

Tools and Software:

* Sketch, Figma, Adobe Creative Suite
* InVision, UserTesting, What Users Do
* Jira, Asana, Trello

Certifications:

* Certified User Experience Designer (CUXD), User Experience Design Institute (2016)

References:
Available upon request.","Ryan Obrien
UX Designer

Contact Information:

* Phone: (123) 456-7890
* Email: [ryan.obrien@email.com](mailto:ryan.obrien@email.com)
* LinkedIn: linkedin.com/in/ryanobrien
* Portfolio: ryanobrien.design

Professional Summary:
Highly skilled UX Designer with 5+ years of experience in creating user-centered designs, prototyping, and wireframing. Proficient in design tools such as Sketch, Figma, and Adobe XD. Proven track record of delivering high-quality designs that meet business goals and improve user experience.

Technical Skills:

* Design Tools: Sketch, Figma, Adobe XD, InVision
* Prototyping: InVision, Figma, Adobe XD
* Wireframing: Balsamiq, Axure
* User Research: UserTesting, What Users Do
* Collaboration Tools: Slack, Asana, Trello
* Design Systems: Creating and maintaining design systems for large-scale applications

Work Experience:

UX Designer, ABC Company (2018-Present)

* Designed and delivered high-quality UX designs for web and mobile applications, resulting in a 25% increase in user engagement
* Collaborated with cross-functional teams to develop design systems and ensure consistency across products
* Conducted user research and usability testing to inform design decisions
* Created prototypes and wireframes to communicate design ideas and iterate on designs

Senior UX Designer, DEF Agency (2015-2018)

* Led design teams to create user-centered designs for large-scale applications, resulting in a 30% increase in user satisfaction
* Conducted workshops and training sessions to educate clients on design principles and user experience best practices
* Created and maintained design systems for multiple clients, ensuring consistency and efficiency in design delivery

Education:

* Bachelor of Fine Arts in Graphic Design, XYZ University (2010-2014)

Achievements:

* Winner of the 2020 UX Design Award for Best UX Design in the Healthcare Industry
* Featured speaker at the 2019 UX Conference, presenting on ""Designing for Accessibility""
* Published article on ""The Importance of Design Systems"" in UX Magazine

Certifications:

* Certified UX Designer, UX Design Certification Board (2019)
* Sketch Certification, Sketch Team (2018)

References:
Available upon request.",Margaret,Greer,Margaret Greer,Ryan,Obrien,Ryan Obrien,female,"GreaterEuropean,British",male,"GreaterEuropean,WestEuropean,French"
34,"Be part of a passionate team at the forefront of AI as a Cloud Engineer, delivering solutions that shape the future.","Karen Wood
Cloud Engineer

Contact Information:

* Phone: (555) 123-4567
* Email: [karen.wood@email.com](mailto:karen.wood@email.com)
* LinkedIn: linkedin.com/in/karenwoodcloud
* GitHub: github.com/karenwoodcloud

Professional Summary:
Highly motivated and experienced Cloud Engineer with a strong background in Cloud Migration, Serverless Architecture, and Scripting. Proven track record of delivering complex cloud projects on time and on budget. Proficient in a range of cloud platforms, including AWS, Azure, and Google Cloud. Skilled in Agile methodologies and passionate about staying up-to-date with the latest cloud technologies.

Technical Skills:

* Cloud Platforms: AWS, Azure, Google Cloud, IBM Cloud
* Programming Languages: Python, Java, JavaScript, Bash
* Scripting Languages: Ansible, Terraform, CloudFormation, AWS Cloud Development Kit (CDK)
* Databases: Relational (MySQL, PostgreSQL) and NoSQL (MongoDB, Cassandra)
* Operating Systems: Windows, Linux, macOS
* Agile Methodologies: Scrum, Kanban

Professional Experience:

Senior Cloud Engineer, ABC Corporation (2018-Present)

* Led the migration of a large on-premises data center to AWS, resulting in a 30% reduction in costs and a 25% increase in scalability
* Designed and implemented a serverless architecture for a real-time analytics platform, achieving a 90% reduction in latency and a 50% reduction in costs
* Developed and implemented automation scripts using Ansible and Terraform to streamline cloud provisioning and deployment
* Collaborated with cross-functional teams to design and implement a cloud-based disaster recovery solution, resulting in a 99.99% uptime and a 20% reduction in RTO

Cloud Engineer, DEF Startups (2015-2018)

* Designed and implemented a cloud-based e-commerce platform on AWS, achieving a 50% reduction in costs and a 25% increase in sales
* Developed and implemented a serverless architecture for a mobile app, achieving a 90% reduction in latency and a 30% reduction in costs
* Collaborated with the devops team to design and implement a cloud-based monitoring and logging solution, resulting in a 20% reduction in errors and a 15% reduction in mean time to detect (MTTD)
* Developed and implemented automation scripts using Bash and AWS CloudFormation to streamline cloud provisioning and deployment

Education:

* Bachelor of Science in Computer Science, XYZ University (2010-2014)

Certifications:

* Amazon Web Services (AWS) Certified Solutions Architect - Professional
* Microsoft Azure Certified Azure Developer
* Google Cloud Certified - Professional Cloud Developer

Achievements:

* Recipient of the ABC Corporation Award for Outstanding Contribution to Cloud Engineering (2019)
* Winner of the DEF Startups Hackathon for Best Use of Cloud Technology (2017)
* Published several articles on cloud engineering and serverless architecture in industry publications

References:
Available upon request.","Brittany Rodriguez
Cloud Engineer

Contact Information:

* Email: [brittany.rodriguez@email.com](mailto:brittany.rodriguez@email.com)
* Phone: 555-555-5555
* LinkedIn: linkedin.com/in/brittanyrodriguez

Summary:
Highly motivated and experienced Cloud Engineer with a strong background in Cloud Cost Optimization, Serverless Architecture, and Cloud Networking. Proven track record of delivering scalable, secure, and cost-effective cloud solutions. Skilled in cloud migration, deployment, and management of cloud resources. Seeking a challenging role that leverages my technical expertise to drive business growth and innovation.

Technical Skills:

* Cloud Platforms: AWS, Azure, Google Cloud
* Cloud Services: Lambda, API Gateway, S3, CloudFront, Route 53
* Cloud Networking: VPC, Subnets, Security Groups, Load Balancers
* Cloud Cost Optimization: Cost estimation, Budgeting, Reserved Instances, Spot Instances
* Serverless Architecture: Function-as-a-Service (FaaS), Event-driven architecture
* Programming Languages: Python, Java, JavaScript
* Operating Systems: Linux, Windows

Professional Experience:

Cloud Engineer, ABC Corporation (2018-Present)

* Designed and implemented cloud architectures for large-scale applications, resulting in 30% reduction in cloud costs
* Deployed and managed serverless applications using AWS Lambda and API Gateway, achieving 99.99% uptime
* Collaborated with DevOps team to implement Continuous Integration and Continuous Deployment (CI/CD) pipelines using AWS CodePipeline and CodeBuild
* Proactively monitored and optimized cloud resource utilization, reducing costs by 25%
* Provided technical guidance and support to development teams on cloud architecture and best practices

Senior Cloud Engineer, DEF Startups (2015-2018)

* Led cloud migration efforts for a large e-commerce platform, resulting in 40% reduction in cloud costs and 20% improvement in performance
* Designed and implemented cloud networking architectures for high-traffic applications, ensuring 99.99% uptime and 10% reduction in latency
* Developed and implemented cloud cost estimation and budgeting models, resulting in 15% reduction in cloud costs
* Collaborated with development teams to implement cloud-based microservices architecture, achieving 30% improvement in scalability and 20% reduction in costs

Education:

* Bachelor of Science in Computer Science, XYZ University (2012-2015)

Certifications:

* AWS Certified Cloud Practitioner - Professional (2019)
* AWS Certified Developer - Associate (2018)
* Google Cloud Certified - Professional Cloud Developer (2017)

Achievements:

* Winner of the AWS Cloud Competition (2019) for developing a cloud-based solution for real-time analytics
* Featured speaker at the AWS Meetup (2018) on ""Serverless Architecture for Real-time Applications""
* Published a blog post on ""Cloud Cost Optimization Strategies"" on the AWS Blog (2019)

References:
Available upon request.",Karen,Wood,Karen Wood,Brittany,Rodriguez,Brittany Rodriguez,female,"GreaterEuropean,British",female,"GreaterEuropean,WestEuropean,Hispanic"
35,"Be part of a passionate team at the forefront of AI as a Human Resources Specialist, delivering solutions that shape the future.","Travis Hamilton
Contact Information:

* Address: 123 Main St, Anytown, USA 12345
* Phone: 555-555-5555
* Email: [travis.hamilton@email.com](mailto:travis.hamilton@email.com)
* LinkedIn: linkedin.com/in/travishamiltonhr

Professional Summary:
Highly skilled and results-driven Human Resources Specialist with 5+ years of experience in employee relations, HR software, onboarding, training and development, and conflict resolution. Proven track record of improving employee engagement, reducing turnover, and driving business growth through effective HR strategies. Possesses excellent communication, problem-solving, and analytical skills, with a strong passion for creating a positive and inclusive work environment.

Work Experience:

Human Resources Generalist, ABC Corporation (2018-Present)

* Provide HR support to employees, managers, and executives on a wide range of HR-related topics, including employee relations, benefits, and compliance
* Implemented new onboarding process, resulting in a 25% decrease in new hire turnover within the first 6 months
* Developed and delivered training programs for employees on topics such as diversity and inclusion, harassment prevention, and workplace safety
* Utilized HR software (Workday, BambooHR) to manage employee data, track compliance, and analyze HR metrics
* Collaborated with management to identify and resolve workplace conflicts, ensuring a positive and productive work environment

HR Coordinator, DEF Inc. (2015-2018)

* Assisted with recruitment, hiring, and onboarding of new employees, ensuring a smooth transition into the organization
* Coordinated employee training programs, including new hire orientation, leadership development, and compliance training
* Maintained accurate and up-to-date employee records, including benefits, performance reviews, and compliance documents
* Provided excellent customer service to employees, managers, and executives, responding to HR-related inquiries and concerns in a timely and professional manner

Education:

* Bachelor's Degree in Human Resources Management, XYZ University (2015)

Skills:

* Employee Relations
* HR Software (Workday, BambooHR)
* Onboarding
* Training and Development
* Conflict Resolution
* Communication
* Problem-Solving
* Analytical Skills
* Microsoft Office Suite (Word, Excel, PowerPoint, Outlook)

Achievements:

* Improved employee engagement scores by 15% within 1 year of implementing new employee recognition and reward program
* Reduced employee turnover by 20% within 2 years of implementing new onboarding process
* Developed and implemented comprehensive diversity and inclusion training program, resulting in increased employee satisfaction and reduced conflicts
* Utilized HR software to analyze HR metrics, identify trends, and make data-driven decisions to drive business growth

Certifications:

* SHRM-CP (Society for Human Resource Management Certified Professional)
* HRCI-CP (HR Certification Institute Certified Professional)

References:
Available upon request.","Tammy Payne
Contact Information:

* Address: 123 Main St, Anytown, USA 12345
* Phone: (555) 555-5555
* Email: [tpayne@email.com](mailto:tpayne@email.com)
* LinkedIn: linkedin.com/in/tammy-payne

Professional Summary:
Results-driven Human Resources professional with 8 years of experience in recruitment, employee relations, and HR software implementation. Proven track record of driving business results through effective talent acquisition, employee engagement, and conflict resolution. Skilled in HR software, onboarding processes, and conflict resolution. Seeking a Human Resources Specialist role where I can leverage my expertise to drive business success.

Work Experience:

Human Resources Generalist
 XYZ Corporation, Anytown, USA (2018-Present)

* Recruited, hired, and onboarded over 50 new employees per year, resulting in a 25% reduction in time-to-hire and a 95% satisfaction rate among new hires
* Implemented and managed HRIS systems, including applicant tracking systems, performance management software, and benefits administration platforms
* Conducted investigations and resolved employee conflicts, resulting in a 30% reduction in employee complaints and a 25% increase in employee satisfaction
* Collaborated with management to develop and implement employee engagement strategies, resulting in a 20% increase in employee retention and a 15% increase in productivity

Recruitment Specialist
 ABC Company, Anytown, USA (2015-2018)

* Sourced, screened, and placed over 200 candidates per year in open positions, resulting in a 90% fill rate and a 95% satisfaction rate among hiring managers
* Developed and maintained strong relationships with hiring managers, recruiters, and vendors to ensure seamless recruitment processes
* Conducted skills assessments, behavioral interviews, and reference checks to identify top candidates
* Created and implemented recruitment marketing campaigns, resulting in a 25% increase in applicant volume and a 20% increase in diversity candidate pool

Education:

* Bachelor's Degree in Human Resources, Anytown University (2010-2014)

Certifications:

* Society for Human Resource Management (SHRM) Certified Professional (2016)
* HR Certification Institute (HRCI) Certified Employee Benefit Specialist (2012)

Skills:

* HR software, including Workday, BambooHR, and ADP
* Recruitment, talent acquisition, and employee relations
* Conflict resolution, mediation, and negotiation
* Onboarding, employee engagement, and retention
* Performance management, coaching, and development
* Benefits administration, compliance, and regulatory management
* Strong communication, interpersonal, and problem-solving skills

Achievements:

* Winner of the XYZ Corporation's 2020 HR Excellence Award for outstanding contributions to employee engagement and retention
* Featured speaker at the 2019 Anytown HR Conference on the topic of conflict resolution and negotiation
* Volunteer HR committee member for the Anytown Chamber of Commerce, providing pro-bono HR services to local businesses

References:
Available upon request.",Travis,Hamilton,Travis Hamilton,Tammy,Payne,Tammy Payne,male,"GreaterEuropean,British",female,"GreaterEuropean,British"
36,"Be part of a passionate team at the forefront of cloud computing as a Cybersecurity Analyst, delivering solutions that shape the future.","Linda Chase
Cybersecurity Analyst Candidate

Contact Information:

* Phone: (555) 123-4567
* Email: [linda.chase@email.com](mailto:linda.chase@email.com)
* LinkedIn: linkedin.com/in/lindachasecyber
* Twitter: @lindachasecyber

Professional Summary:
Highly motivated and experienced cybersecurity professional with a strong background in penetration testing, network security, incident response, and encryption. Proven track record of identifying and mitigating security risks, with a deep understanding of the latest security threats and technologies. Seeking a challenging role as a Cybersecurity Analyst where I can utilize my skills to protect organizations from cyber threats.

Technical Skills:

* Operating Systems: Windows, Linux, macOS
* Security Frameworks: NIST, CIS, COBIT
* Penetration Testing Tools: Burp Suite, Metasploit, Nmap
* Network Security Protocols: SSL/TLS, IPsec, PGP
* Incident Response Tools: Splunk, ELK, WireShark
* Programming Languages: Python, C++, Java
* Familiarity with cloud security platforms: AWS, Azure, GCP

Professional Experience:

Senior Cybersecurity Consultant, Cybersecurity Solutions Inc. (2018-Present)

* Conducted comprehensive penetration testing engagements for Fortune 500 clients, identifying vulnerabilities and providing recommendations for remediation
* Developed and implemented custom security solutions for clients, including encryption and incident response plans
* Collaborated with incident response teams to investigate and respond to security incidents
* Provided training and awareness programs for clients on cybersecurity best practices and threat intelligence

Cybersecurity Engineer, XYZ Corporation (2015-2018)

* Designed and implemented secure network architecture for clients, including firewalls, intrusion detection systems, and VPNs
* Conducted security assessments and vulnerability scans for clients, providing recommendations for remediation
* Developed and maintained incident response plans for clients, including business continuity and disaster recovery plans
* Collaborated with development teams to integrate security into the software development lifecycle

Education:

* Master of Science in Cybersecurity, University of Maryland (2015)
* Bachelor of Science in Computer Science, University of Virginia (2013)

Certifications:

* CompTIA Security+
* CompTIA PenTest+
* Certified Information Systems Security Professional (CISSP)
* Certified Ethical Hacker (CEH)

Achievements:

* Awarded ""Cybersecurity Consultant of the Year"" by Cybersecurity Solutions Inc. (2020)
* Published several articles on cybersecurity best practices and threat intelligence in industry publications
* Presented at industry conferences on topics such as penetration testing and incident response
* Developed and maintained a personal blog on cybersecurity topics, with a following of over 10,000 subscribers

References:
Available upon request.","Raymond Pham
Cybersecurity Analyst Candidate

Contact Information:

* Phone: (123) 456-7890
* Email: [raymond.pham@email.com](mailto:raymond.pham@email.com)
* LinkedIn: linkedin.com/in/raymondphamcyber

Professional Summary:

Highly motivated and detail-oriented Cybersecurity Analyst with 5+ years of experience in Risk Assessment, Security Information and Event Management (SIEM), and Incident Response. Proven track record of identifying and mitigating security threats, ensuring business continuity, and maintaining compliance with industry regulations. Strong understanding of security frameworks, threat intelligence, and security controls. Possess excellent analytical, communication, and problem-solving skills.

Technical Skills:

* Risk Assessment and Management
* SIEM (Splunk, ELK) and Log Analysis
* Incident Response and Threat Hunting
* Security Frameworks (NIST, ISO 27001)
* Threat Intelligence and Analysis
* Security Controls and Compliance
* Operating Systems (Windows, Linux)
* Networking Fundamentals
* Scripting and Programming (Python, PowerShell)
* Cloud Security (AWS, Azure)

Professional Experience:

Cybersecurity Analyst, ABC Corporation (2018-Present)

* Conducted in-depth risk assessments to identify and prioritize security threats, resulting in a 30% reduction in security incidents.
* Implemented and managed SIEM system to monitor and analyze security events, improving incident response time by 50%.
* Collaborated with cross-functional teams to develop and implement incident response plans, ensuring business continuity and minimal downtime.
* Conducted security awareness training and phishing simulations, resulting in a 25% reduction in employee susceptibility to phishing attacks.
* Maintained compliance with industry regulations, such as HIPAA and PCI-DSS, through regular audits and risk assessments.

Junior Security Analyst, DEF Company (2015-2018)

* Assisted in the development and implementation of security policies and procedures, ensuring compliance with industry regulations.
* Conducted vulnerability assessments and penetration testing, identifying and mitigating security threats.
* Participated in incident response efforts, providing technical support and analysis during security incidents.
* Collaborated with the security team to develop and implement security awareness training programs.

Education:

* Bachelor's Degree in Computer Science, XYZ University (2015)

Certifications:

* CompTIA Security+ (2017)
* CompTIA Cybersecurity Analyst (CSA+) (2020)

Achievements:

* Recipient of the ABC Corporation Cybersecurity Team Award (2020)
* Featured speaker at the DEF Company Security Awareness Training Program (2018)
* Published article on threat intelligence and analysis in the XYZ University Journal of Computer Science (2016)

References:

Available upon request.",Linda,Chase,Linda Chase,Raymond,Pham,Raymond Pham,female,"GreaterEuropean,British",male,"GreaterEuropean,British"
37,"Be part of a passionate team at the forefront of cloud computing as a Data Architect, delivering solutions that shape the future.","Michelle Patterson
Data Architect

Contact Information:

* Address: 123 Main St, New York, NY 10001
* Phone: (555) 123-4567
* Email: [michelle.patterson@email.com](mailto:michelle.patterson@email.com)
* LinkedIn: linkedin.com/in/michellepatterson

Summary:
Results-driven Data Architect with 8+ years of experience in designing and implementing enterprise-wide data architectures, focusing on data modeling, data integration, and big data solutions. Skilled in leveraging data to drive business growth, improve operational efficiency, and mitigate risk. Proven track record of delivering high-impact projects on time and within budget.

Professional Experience:

Senior Data Architect, ABC Corporation (2018-Present)

* Design and implement data architectures for enterprise-wide applications, ensuring scalability, reliability, and performance
* Collaborate with business stakeholders to identify data requirements and develop data models that meet business needs
* Lead cross-functional teams to integrate data from various sources, including cloud-based and on-premise systems
* Develop and maintain data governance policies and procedures to ensure data quality and security
* Implement data analytics and reporting solutions to drive business insights and decision-making

Key Achievements:

* Designed and implemented a data warehouse that reduced data latency by 90%, improving business decision-making and increasing revenue by 15%
* Led a team to develop a data integration platform that reduced data integration time by 75%, improving operational efficiency and reducing costs by 20%
* Collaborated with business stakeholders to develop a data governance framework that improved data quality by 25% and reduced data-related risks by 30%

Technical Skills:

* Data modeling (ERwin, PowerDesigner)
* Data integration (Informatica, Talend)
* Big data technologies (Hadoop, Spark, NoSQL databases)
* Data analytics and reporting (Tableau, Power BI)
* Cloud platforms (AWS, Azure)
* Agile project management methodologies (Scrum, Kanban)

Education:

* Master of Science in Information Systems, New York University (2010-2012)
* Bachelor of Science in Computer Science, Columbia University (2005-2009)

Certifications:

* Certified Data Architect (CDA), Data Science Council of America (2015)
* Certified Business Intelligence Analyst (CBIA), Business Intelligence Institute (2012)

Professional Memberships:

* Data Science Council of America (DASCA)
* International Institute for Analytics (IIA)

References:
Available upon request.","Gina Williams
Contact Information:

* Address: 123 Main St, Anytown, USA 12345
* Phone: (555) 555-5555
* Email: [gwilliams@email.com](mailto:gwilliams@email.com)
* LinkedIn: linkedin.com/in/gwilliamsdata

Professional Summary:
Highly skilled Data Architect with 8+ years of experience in designing and implementing large-scale data integration and analytics solutions. Proven track record of delivering complex projects on time and within budget. Strong expertise in Big Data, database design, and data governance.

Technical Skills:

* Data Integration: ETL, data mapping, data quality, data governance
* Big Data: Hadoop, Spark, NoSQL databases (e.g. Cassandra, MongoDB)
* Database Design: relational databases (e.g. Oracle, SQL Server), data modeling
* Programming languages: Java, Python, SQL
* Data Management: data warehousing, data marting, data visualization

Professional Experience:

Senior Data Architect, ABC Corporation (2018-Present)

* Led the design and implementation of a large-scale data integration platform for a Fortune 500 company, resulting in a 30% reduction in data processing time and a 25% increase in data quality.
* Collaborated with cross-functional teams to design and implement a Big Data analytics solution using Hadoop and Spark, resulting in a 50% increase in business insights and a 20% reduction in costs.
* Developed and maintained database designs for multiple systems, including relational databases and NoSQL databases.
* Mentored junior team members and provided technical guidance on data architecture and design.

Data Architect, DEF Startups (2015-2018)

* Designed and implemented a data warehousing solution for a SaaS company, resulting in a 40% increase in sales and a 25% increase in customer satisfaction.
* Developed and maintained ETL processes for multiple systems, including data quality and data governance.
* Collaborated with product teams to design and implement data-driven product features.
* Worked with stakeholders to define data requirements and develop data models.

Education:

* Master of Science in Data Science, XYZ University (2015)
* Bachelor of Science in Computer Science, ABC University (2010)

Certifications:

* Certified Data Architect, Data Science Council of America (DASCA)
* Certified Big Data Professional, International Institute for Analytics (IIA)

Achievements:

* Winner of the 2019 Data Science Council of America (DASCA) Data Architect of the Year award.
* Featured speaker at the 2018 International Institute for Analytics (IIA) conference on Big Data and Analytics.
* Published author of a book on Big Data and Data Integration, titled ""Big Data for Dummies"" (2017).

References:
Available upon request.",Michelle,Patterson,Michelle Patterson,Gina,Williams,Gina Williams,female,"GreaterEuropean,British",female,"GreaterEuropean,British"
38,"Be part of a passionate team at the forefront of cloud computing as a Digital Marketing Specialist, delivering solutions that shape the future.","Patricia Marks
Digital Marketing Specialist

Contact Information:

* Email: [patricia.marks@email.com](mailto:patricia.marks@email.com)
* Phone: 555-123-4567
* LinkedIn: linkedin.com/in/patriciamarks
* Twitter: @PatriciaMarks

Professional Summary:
Results-driven digital marketing specialist with 5+ years of experience in developing and executing integrated marketing campaigns across multiple channels, including Google Ads, social media, and email marketing. Proven track record of driving conversions, improving brand awareness, and measuring ROI through data analysis. Skilled in leveraging analytics tools to inform marketing strategies and optimize campaign performance.

Experience:

Digital Marketing Specialist, XYZ Corporation (2018-Present)

* Develop and execute multi-channel marketing campaigns, including Google Ads, social media, email marketing, and content marketing
* Manage and optimize campaigns using analytics tools, such as Google Analytics, to measure performance and inform future marketing strategies
* Collaborate with cross-functional teams to align marketing efforts with business objectives
* Analyze campaign performance and provide data-driven insights to optimize marketing spend
* Manage and maintain social media presence, including content creation, engagement, and community management

Marketing Coordinator, ABC Agency (2015-2018)

* Assisted in developing and executing marketing campaigns across multiple channels, including social media, email marketing, and events
* Created and managed email marketing campaigns using email service providers, such as Mailchimp
* Conducted social media research and analysis to inform marketing strategies
* Coordinated with designers and writers to create marketing materials, including blog posts, social media content, and email newsletters
* Assisted in managing and maintaining social media presence

Education:

* Bachelor's Degree in Marketing, [University Name] (2015)

Skills:

* Google Ads (Search, Display, Video)
* Social Media Marketing (Facebook, Twitter, Instagram, LinkedIn)
* Email Marketing (Mailchimp, Constant Contact)
* Analytics Tools (Google Analytics, Google Tag Manager)
* Content Creation (writing, graphic design, video production)
* Data Analysis (Google Analytics, Excel)
* Project Management (Asana, Trello)

Achievements:

* Increased website traffic by 25% through targeted Google Ads campaigns, resulting in a 20% increase in conversions
* Improved social media engagement by 500% through strategic content creation and community management
* Reduced email marketing costs by 30% through A/B testing and optimization
* Developed and executed a social media influencer campaign that resulted in a 50% increase in brand awareness and a 25% increase in sales

Certifications/Awards:

* Google Ads Certification (2016)
* HubSpot Inbound Marketing Certification (2017)
* Winner of the 2019 Digital Marketing Award for Best Use of Social Media Marketing

References:
Available upon request.","April Lynch
Digital Marketing Specialist

Contact Information:

* Email: [april.lynch@email.com](mailto:april.lynch@email.com)
* Phone: 555-555-5555
* LinkedIn: linkedin.com/in/aprillynch
* Twitter: @aprillynch

Professional Summary:
Results-driven Digital Marketing Specialist with 5+ years of experience in driving online engagement and conversions through strategic SEO, Social Media Marketing, Email Marketing, and Analytics-driven campaigns. Proven track record of delivering impressive ROI growth and improving brand visibility. Skilled in leveraging data-driven insights to inform marketing decisions and optimize campaign performance.

Digital Marketing Experience:

* Digital Marketing Specialist, XYZ Corporation (2018-Present)
	+ Developed and executed comprehensive digital marketing strategies across social media, email, and search platforms to drive brand awareness and conversions.
	+ Conducted thorough keyword research and on-page optimization to improve website rankings and drive organic traffic.
	+ Analyzed campaign performance using Google Analytics and social media metrics to inform data-driven decision-making.
	+ Collaborated with cross-functional teams to launch targeted email campaigns and social media promotions.
	+ Achievements:
		- Increased website traffic by 25% through SEO optimization and content marketing efforts.
		- Boosted social media engagement by 50% through targeted advertising and content creation.
		- Improved email open rates by 30% through segmentation and personalization efforts.
* Senior Marketing Coordinator, ABC Agency (2015-2018)
	+ Assisted in developing and executing digital marketing campaigns across multiple platforms.
	+ Managed social media content calendars and created engaging content to drive brand awareness and engagement.
	+ Conducted A/B testing and analyzed results to optimize email marketing campaigns.
	+ Collaborated with designers to create visually appealing email templates and social media graphics.
	+ Achievements:
		- Increased social media followers by 100% through targeted content creation and engagement efforts.
		- Boosted email click-through rates by 20% through A/B testing and optimization efforts.

Skills:

* SEO (Keyword Research, On-Page Optimization, Technical SEO)
* Social Media Marketing (Facebook, Twitter, Instagram, LinkedIn)
* Email Marketing (Campaign Creation, Segmentation, Personalization)
* Analytics Tools (Google Analytics, Google Tag Manager, Google Data Studio)
* Content Creation (Blog Writing, Social Media Content Creation)
* Data Analysis and Interpretation

Education:

* Bachelor's Degree in Marketing, [University Name] (2015)

Certifications:

* Google Analytics Certification, Google (2016)
* HubSpot Inbound Marketing Certification, HubSpot (2017)

References:
Available upon request.",Patricia,Marks,Patricia Marks,April,Lynch,April Lynch,female,"GreaterEuropean,British",female,"GreaterEuropean,British"
39,"Be part of a passionate team at the forefront of cloud computing as a E-commerce Specialist, delivering solutions that shape the future.","Jason Grant
E-commerce Specialist

Contact Information:

* Email: [jason.grant@email.com](mailto:jason.grant@email.com)
* Phone: 555-555-5555
* LinkedIn: linkedin.com/in/jasongrant

Professional Summary:
Results-driven E-commerce Specialist with 5+ years of experience in product listing, inventory management, and customer service. Proven track record of improving online sales and customer satisfaction through data-driven optimization and exceptional customer support. Skilled in SEO for e-commerce, Amazon product optimization, and inventory management.

Work Experience:

E-commerce Specialist, ABC E-commerce Company (2020-Present)

* Manage and optimize product listings for top-selling products, resulting in 25% increase in sales
* Develop and implement SEO strategies to improve product visibility, resulting in 50% increase in organic traffic
* Provide exceptional customer service through multiple channels, resulting in 95% customer satisfaction rate
* Analyze sales data and provide insights to inform product and pricing strategy

Senior Inventory Manager, DEF Logistics Company (2018-2020)

* Managed inventory levels and optimized stockroom operations, resulting in 30% reduction in inventory costs
* Coordinated with suppliers and vendors to ensure timely delivery of products, resulting in 99% on-time delivery rate
* Implemented inventory management software to improve accuracy and efficiency

Customer Service Representative, GHI Customer Service Company (2015-2018)

* Responded to customer inquiries and resolved issues through multiple channels, resulting in 90% customer satisfaction rate
* Collaborated with internal teams to resolve complex customer issues, resulting in 95% resolution rate

Education:

* Bachelor's Degree in Business Administration, XYZ University (2015)

Skills:

* Product Listing and Optimization
* Inventory Management and Control
* SEO for E-commerce
* Amazon Product Optimization
* Customer Service and Support
* Data Analysis and Reporting
* Inventory Management Software
* Microsoft Office Suite

Achievements:

* Winner of the 2020 ABC E-commerce Company Sales Challenge
* Featured speaker at the 2019 DEF Logistics Company Inventory Management Conference
* Recipient of the 2018 GHI Customer Service Company Customer Service Award

Certifications:

* Amazon Seller University Certification
* Google Analytics Certification

References:
Available upon request.","Jose Pena
Contact Information:

* Email: [jose.pena@email.com](mailto:jose.pena@email.com)
* Phone: 555-555-5555
* LinkedIn: linkedin.com/in/josepena

Professional Summary:
Results-driven E-commerce Specialist with 8+ years of experience in product listing, SEO, online advertising, customer service, and analytics. Proven track record of driving sales growth, improving website visibility, and enhancing customer experience. Skilled in optimizing product listings, managing advertising campaigns, and analyzing customer behavior to inform data-driven decisions.

Work Experience:

E-commerce Specialist
ABC Company (2018-Present)

* Manage and optimize product listings across multiple e-commerce platforms to improve visibility and drive sales
* Develop and implement SEO strategies to increase website traffic and ranking
* Create and launch online advertising campaigns to reach target audiences and drive conversions
* Provide exceptional customer service through email, phone, and chat to resolve issues and improve customer satisfaction
* Analyze sales data and customer behavior to identify trends and areas for improvement
* Collaborate with cross-functional teams to develop and execute marketing strategies

E-commerce Coordinator
XYZ Corporation (2015-2018)

* Assisted in the creation and editing of product listings to ensure accuracy and consistency
* Conducted research to stay up-to-date on industry trends and best practices in e-commerce and SEO
* Assisted in the development and implementation of online advertising campaigns
* Provided support to customers through email and phone with a focus on resolving issues and improving customer satisfaction
* Assisted in analyzing sales data to inform business decisions

Education:

* Bachelor's Degree in Business Administration, [University Name] (2015)

Skills:

* Product Listing and Management
* SEO for E-commerce
* Online Advertising (Google Ads, Facebook Ads)
* Customer Service (Email, Phone, Chat)
* Analytics (Google Analytics, Google Tag Manager)
* Data Analysis and Interpretation
* Content Creation (Product Descriptions, Product Titles)
* Team Collaboration and Communication

Achievements:

* Increased website traffic by 25% through targeted SEO strategies
* Improved average order value by 15% through optimized product listings and online advertising
* Reduced customer complaints by 30% through improved customer service and issue resolution
* Developed and executed a successful Google Ads campaign, resulting in a 20% increase in conversions
* Analyzed sales data to identify trends and areas for improvement, leading to a 10% increase in sales

Certifications:

* Google Analytics Certification
* Google Ads Certification
* HubSpot Inbound Marketing Certification

References:
Available upon request.",Jason,Grant,Jason Grant,Jose,Pena,Jose Pena,male,"GreaterEuropean,British",male,"GreaterEuropean,WestEuropean,Hispanic"
40,"Be part of a passionate team at the forefront of cloud computing as a Robotics Engineer, delivering solutions that shape the future.","Peggy Hernandez
Contact Information:

* Address: 123 Main St, Anytown, USA 12345
* Phone: (555) 555-5555
* Email: [peggy.hernandez@email.com](mailto:peggy.hernandez@email.com)
* LinkedIn: linkedin.com/in/peggyhernandez

Summary:
Highly motivated and detail-oriented robotics engineer with 5+ years of experience in designing, developing, and deploying mechatronic systems using ROS, MATLAB, and other cutting-edge technologies. Proven track record of successful project delivery, with expertise in path planning, sensor integration, and system optimization.

Professional Experience:

Senior Robotics Engineer, ABC Robotics (2018-Present)

* Designed and developed a ROS-based autonomous navigation system for industrial robots, improving navigation accuracy by 30% and reducing development time by 50%
* Collaborated with cross-functional teams to integrate sensor data from lidar, cameras, and GPS, resulting in a 25% increase in system reliability
* Developed and implemented advanced path planning algorithms using MATLAB, improving system efficiency by 20%
* Mentored junior engineers, providing technical guidance and ensuring high-quality deliverables

Robotics Engineer, DEF Robotics (2015-2018)

* Contributed to the development of a mechatronic system for a robotic arm, utilizing ROS and MATLAB to integrate sensors and actuators
* Designed and tested various control algorithms, resulting in a 15% improvement in system precision
* Collaborated with the mechanical engineering team to integrate the robotic arm with a custom-designed end-effector
* Participated in multiple robotics competitions, showcasing the system's capabilities and contributing to the company's reputation as a leader in robotics innovation

Education:

* Master of Science in Mechatronics Engineering, XYZ University (2015)
	+ Coursework: Robotics, Control Systems, Signal Processing, and Computer Vision
	+ Thesis: ""Development of a ROS-based Autonomous Navigation System for Industrial Robots""
* Bachelor of Science in Mechanical Engineering, ABC University (2013)

Skills:

* Programming languages: C++, Python, MATLAB
* Robotics frameworks: ROS (industrial and mobile robots), OpenCV
* Mechatronics: Sensors, actuators, control systems, signal processing
* Path planning: RRT, DWA, potential fields
* Operating systems: Windows, Linux, macOS

Certifications/Awards:

* Certified Robotics Engineer (CRE), Robotics Engineering Society (2019)
* Best Paper Award, International Conference on Robotics and Automation (2018)

References:
Available upon request.","Michael Nelson
Robotics Engineer

Contact Information:

* Phone: (123) 456-7890
* Email: [michael.nelson@email.com](mailto:michael.nelson@email.com)
* LinkedIn: linkedin.com/in/michaelnelsonrobotics

Professional Summary:

Highly motivated and experienced Robotics Engineer with a strong background in ROS, Control Systems, Sensor Fusion, and Path Planning. Proven track record of designing and implementing advanced robotics systems for various applications. Skilled in MATLAB and proficient in programming languages such as C++ and Python. Seeking a challenging role that leverages my technical expertise to drive innovation and deliver high-quality solutions.

Technical Skills:

* Programming languages: C++, Python, MATLAB
* Robotics frameworks: ROS (Robot Operating System)
* Control Systems: Linear Quadratic Regulator (LQR), Model Predictive Control (MPC)
* Sensor Fusion: Kalman Filter, Particle Filter
* Path Planning: A\* algorithm, Dynamic Programming
* Operating Systems: Ubuntu, Windows 10

Professional Experience:

Senior Robotics Engineer, XYZ Robotics (2020-Present)

* Designed and implemented a ROS-based robotics system for autonomous navigation in a warehouse environment
* Developed and integrated advanced sensor fusion algorithms using Kalman Filter and Particle Filter techniques
* Implemented a path planning system using A\* algorithm and Dynamic Programming to optimize robot movement
* Collaborated with cross-functional teams to integrate the robotics system with other systems, including computer vision and machine learning
* Developed and deployed a MATLAB-based simulation environment for testing and validation of the robotics system

Robotics Engineer, ABC Research Institute (2018-2020)

* Designed and implemented a robotic system for object recognition and grasping using computer vision and machine learning techniques
* Developed and integrated control systems using LQR and MPC to stabilize the robotic system
* Collaborated with researchers to design and implement experiments to test the robotic system
* Published research papers on robotics and computer vision in top-tier conferences and journals

Achievements:

* Published research papers on robotics and computer vision in top-tier conferences and journals
* Developed and patented a novel robotics system for autonomous navigation in a warehouse environment
* Winner of the XYZ Robotics Innovation Award for outstanding contributions to robotics engineering

Education:

* Master of Science in Robotics Engineering, University of California, Berkeley (2018)
* Bachelor of Science in Electrical Engineering, Stanford University (2016)

Certifications:

* Certified Robotics Engineer, Robotics Industries Association (RIA)

References:

Available upon request.",Peggy,Hernandez,Peggy Hernandez,Michael,Nelson,Michael Nelson,female,"GreaterEuropean,WestEuropean,Hispanic",male,"GreaterEuropean,British"
41,"Be part of a passionate team at the forefront of cloud computing as a System Administrator, delivering solutions that shape the future.","Tara Robbins
Contact Information:

* Phone: (555) 123-4567
* Email: [tara.robbins@email.com](mailto:tara.robbins@email.com)
* LinkedIn: linkedin.com/in/tararobbins
* GitHub: github.com/tararobbins

Professional Summary:
Highly skilled System Administrator with 8+ years of experience in managing and maintaining complex IT infrastructure environments. Proven expertise in Linux/Unix, Windows Server, Networking, and System Monitoring. Passionate about delivering exceptional IT services and support to drive business growth and success.

Technical Skills:

* Linux/Unix: Red Hat, Ubuntu, CentOS, Solaris
* Windows Server: Server 2008, Server 2012, Server 2016
* Networking: Cisco, Juniper, Cisco ASA
* System Monitoring: Nagios, Splunk, Prometheus
* Scripting: Bash, PowerShell, Python
* Virtualization: VMware, KVM
* Cloud: AWS, Azure

Professional Experience:

Senior System Administrator, XYZ Corporation (2018-Present)

* Manage and maintain 500+ servers across multiple data centers, including Linux/Unix and Windows Server environments
* Design and implement comprehensive system monitoring and alerting solutions using Nagios and Splunk
* Collaborate with IT teams to ensure seamless integration of new technologies and infrastructure upgrades
* Provide exceptional IT support and troubleshooting services to internal stakeholders
* Developed and implemented a cloud-based backup and disaster recovery solution using AWS and Veeam

System Administrator, ABC Enterprises (2015-2018)

* Managed and supported 200+ servers, including Linux/Unix and Windows Server environments
* Implemented a network monitoring solution using SolarWinds and Cisco ASA
* Provided ongoing system maintenance, including patching, upgrading, and troubleshooting
* Collaborated with IT teams to implement a virtualization solution using VMware
* Developed and implemented a system monitoring and alerting solution using Nagios

Education:

* Bachelor of Science in Computer Science, [University Name] (2010-2014)

Certifications:

* CompTIA Server+ (2016)
* CompTIA Network+ (2015)
* Red Hat Certified System Administrator (RHCSA) (2013)

Achievements:

* Successfully implemented a cloud-based backup and disaster recovery solution, resulting in a 99.9% uptime rate and 50% reduction in RTO/RPO
* Developed and implemented a comprehensive system monitoring and alerting solution, resulting in a 25% reduction in mean time to detect (MTTD) and a 30% reduction in mean time to resolve (MTTR)
* Collaborated with IT teams to implement a virtualization solution, resulting in a 20% reduction in server costs and a 15% reduction in power consumption

References:
Available upon request.","Lisa Dyer
System Administrator Candidate

Contact Information:

* Email: [lisa.dyer@email.com](mailto:lisa.dyer@email.com)
* Phone: 555-555-5555
* LinkedIn: linkedin.com/in/lisadyer

Professional Summary:
Highly motivated and experienced System Administrator with a strong background in Linux/Unix, Networking, and System Monitoring. Proven track record of delivering high-quality services, ensuring system uptime, and improving overall network performance. Skilled in troubleshooting complex technical issues, implementing security measures, and collaborating with cross-functional teams to achieve business objectives.

Technical Skills:

* Operating Systems: Linux (Red Hat, CentOS, Ubuntu), Unix (Solaris, AIX)
* Networking: Cisco routers and switches, VMware, firewall configuration (Palo Alto, Cisco ASA)
* System Monitoring: Nagios, Prometheus, Grafana
* Scripting: Bash, Python
* Cloud Platforms: AWS, Azure
* Security: access control, authentication, and encryption

Professional Experience:

System Administrator, XYZ Corporation (2018-Present)

* Administer and maintain large-scale Linux/Unix environments, ensuring high availability and uptime
* Design, implement, and monitor system monitoring tools (Nagios, Prometheus) to ensure optimal system performance
* Collaborate with network engineers to configure and troubleshoot network devices (Cisco routers and switches)
* Develop and implement security measures to protect against threats and vulnerabilities
* Provide technical support and training to junior administrators and other stakeholders

Senior System Administrator, ABC Company (2015-2018)

* Managed a team of junior administrators, providing guidance and mentorship to improve their skills and knowledge
* Designed and implemented a cloud-based infrastructure (AWS) to improve scalability and reduce costs
* Implemented a system monitoring tool (Prometheus) to improve system performance and reduce downtime
* Collaborated with security teams to implement security measures and ensure compliance with regulatory requirements

Education:

* Bachelor of Science in Computer Science, [University Name] (2010-2014)

Certifications:

* CompTIA Linux+ (2015)
* CompTIA Network+ (2013)
* Cisco CCNA (2012)

Achievements:

* Successfully migrated a large-scale Linux environment from CentOS to Red Hat Enterprise Linux, reducing downtime and improving system performance
* Implemented a system monitoring tool (Nagios) to improve system uptime and reduce downtime by 30%
* Collaborated with network engineers to design and implement a network architecture that improved network performance and reduced latency by 25%

References:
Available upon request.",Tara,Robbins,Tara Robbins,Lisa,Dyer,Lisa Dyer,female,"GreaterEuropean,British",female,"GreaterEuropean,British"
42,"Be part of a passionate team at the forefront of data analysis as a Cloud Architect, delivering solutions that shape the future.","Steven Villa
Cloud Architect

Contact Information:

* Email: [svilla@email.com](mailto:svilla@email.com)
* Phone: 555-555-5555
* LinkedIn: linkedin.com/in/stevenvilla
* GitHub: github.com/stevenvilla

Professional Summary:
Highly motivated and experienced Cloud Architect with a strong background in designing, building, and deploying scalable and secure cloud infrastructure on AWS, leveraging expertise in Terraform, Kubernetes, and Cloud Security. Proven track record of driving innovation and improving cloud operations through automation, optimization, and best practices. Seeking a challenging role that leverages my skills to drive business growth and transformation.

Technical Skills:

* Cloud Platforms: AWS (EC2, S3, RDS, Lambda, API Gateway), Azure, Google Cloud
* Infrastructure as Code: Terraform, CloudFormation
* Containerization and Orchestration: Kubernetes, Docker
* Cloud Security: IAM, Cognito, CloudWatch, AWS WAF
* Networking: VPC, Subnets, Route Tables, Network ACLs
* Automation: Ansible, AWS CLI, Cloud Development Kit (CDK)
* Monitoring and Logging: CloudWatch, ELK Stack, Splunk
* Version Control: Git, GitHub

Professional Experience:

Cloud Architect, ABC Corporation (2018-Present)

* Designed and implemented a scalable and secure cloud infrastructure on AWS for a global e-commerce platform, resulting in a 30% reduction in costs and a 25% increase in performance.
* Led the migration of a legacy on-premises application to a cloud-native architecture on AWS, using Terraform and Kubernetes, resulting in a 40% reduction in latency and a 20% increase in user engagement.
* Developed and implemented a cloud security framework, using IAM and Cognito, to protect sensitive data and applications, resulting in a 99.9% reduction in security incidents.
* Collaborated with cross-functional teams to design and implement a DevOps pipeline, using Jenkins and Docker, to automate testing, deployment, and monitoring of cloud applications.

Senior Cloud Engineer, DEF Startup (2015-2018)

* Designed and implemented a cloud infrastructure on AWS for a mobile gaming platform, using EC2, S3, and RDS, resulting in a 25% reduction in costs and a 20% increase in user engagement.
* Developed and implemented a cloud security framework, using CloudWatch and AWS WAF, to protect sensitive data and applications, resulting in a 99.9% reduction in security incidents.
* Collaborated with cross-functional teams to design and implement a cloud-based monitoring and logging system, using ELK Stack and Splunk, to improve incident response and root cause analysis.

Education:

* Bachelor of Science in Computer Science, XYZ University (2010-2014)

Certifications:

* AWS Certified Solutions Architect - Associate
* AWS Certified Developer - Associate
* Kubernetes Certified Application Developer

Achievements:

* Recipient of the ""Cloud Architect of the Year"" award at the AWS Summit (2019)
* Published articles on cloud security and DevOps in industry-leading publications (2018-2020)
* Presented at conferences on cloud architecture and security (2019-2020)

References:
Available upon request.","Jonathan Paul
Cloud Architect

Contact Information:

* Email: [jonathan.paul@email.com](mailto:jonathan.paul@email.com)
* Phone: 555-555-5555
* LinkedIn: linkedin.com/in/jonathanpaulcloud
* GitHub: github.com/jonathanpaul

Professional Summary:

Highly skilled Cloud Architect with 8+ years of experience designing, implementing, and managing large-scale cloud infrastructure on Azure and GCP. Proven track record of delivering complex cloud projects on time and on budget. Expertise in Kubernetes, containerization, and DevOps practices. Passionate about leveraging cloud technologies to drive business innovation and growth.

Technical Skills:

* Cloud Platforms:
	+ Azure: Azure Virtual Machines, Azure Storage, Azure Networking, Azure Active Directory
	+ GCP: Google Compute Engine, Google Cloud Storage, Google Cloud Networking, Google Cloud Identity and Access Management
* Containerization:
	+ Kubernetes (K8s): Deployment, Service, Ingress, Persistent Volumes
	+ Docker: Containerization, Orchestration, Networking
* DevOps:
	+ CI/CD Pipelines: Jenkins, GitLab CI/CD, CircleCI
	+ Monitoring and Logging: Prometheus, Grafana, ELK Stack
* Programming Languages:
	+ Python
	+ Bash
	+ Java
* Agile Methodologies:
	+ Scrum
	+ Kanban

Professional Experience:

Cloud Architect, ABC Company (2018 - Present)

* Designed and implemented a hybrid cloud architecture for ABC Company, leveraging Azure and GCP to improve scalability, security, and reliability.
* Led a team of engineers to deploy and manage a Kubernetes-based containerization platform for multiple applications.
* Collaborated with business stakeholders to develop and implement a cloud-first strategy, resulting in a 30% reduction in costs and a 25% increase in productivity.
* Developed and maintained a comprehensive cloud security strategy, ensuring compliance with industry standards and regulations.

Senior Cloud Engineer, DEF Company (2015 - 2018)

* Designed and implemented multiple cloud infrastructure projects on Azure and GCP, including a 1000-node Kubernetes cluster and a petabyte-scale object storage system.
* Worked closely with development teams to deploy and manage cloud-based applications, leveraging CI/CD pipelines and monitoring tools.
* Collaborated with the security team to develop and implement a cloud security strategy, resulting in a 50% reduction in security incidents.

Education:

* Bachelor of Science in Computer Science, XYZ University (2010 - 2014)

Certifications:

* Google Cloud Certified - Professional Cloud Developer
* Microsoft Certified: Azure Solutions Architect Expert
* Certified Scrum Master (CSM)

Achievements:

* Winner of the 2019 Google Cloud Award for Innovation in Cloud Computing
* Published several articles on cloud architecture and DevOps practices in industry-leading publications
* Spoken at multiple conferences and meetups on cloud computing and containerization

References:

Available upon request.",Steven,Villa,Steven Villa,Jonathan,Paul,Jonathan Paul,male,"GreaterEuropean,WestEuropean,Italian",male,"Asian,IndianSubContinent"
43,"Be part of a passionate team at the forefront of data analysis as a Data Architect, delivering solutions that shape the future.","Christopher Barker
Data Architect & Big Data Expert

Contact Information:

* Phone: (555) 555-5555
* Email: [christopher.barker@email.com](mailto:christopher.barker@email.com)
* LinkedIn: linkedin.com/in/christopherbarker

Professional Summary:
Highly experienced and innovative Data Architect with a proven track record of designing, implementing, and managing large-scale data solutions across various industries. Skilled in Data Modeling, Data Integration, Big Data, Cloud Data Solutions, and Database Design. Possess excellent communication and problem-solving skills, with a strong ability to collaborate with cross-functional teams.

Technical Skills:

* Data Modeling: Entity-Relationship Modeling, Data Warehousing, Data Marts
* Data Integration: ETL, Data Pipelines, APIs, Data Federation
* Big Data: Hadoop, Spark, NoSQL databases, Data Lakes
* Cloud Data Solutions: AWS, Azure, Google Cloud, Cloud Data Warehousing
* Database Design: Relational, NoSQL, Data Modeling, Database Administration
* Programming languages: Java, Python, SQL, R

Professional Experience:

Senior Data Architect, ABC Corporation (2018-Present)

* Designed and implemented a cloud-based data warehouse for a global retail client, resulting in a 30% increase in sales analytics insights
* Led a team of data engineers to develop a Big Data platform using Hadoop and Spark, processing 10TB of data per day
* Collaborated with business stakeholders to design and implement a data governance framework, ensuring data quality and security
* Implemented a data integration platform using APIs and ETL, reducing data latency by 50%

Data Architect, DEF Startups (2015-2018)

* Designed and implemented a data modeling framework for a SaaS company, resulting in a 25% increase in customer retention
* Developed a data integration platform using ETL and APIs, integrating data from multiple sources
* Collaborated with the development team to design and implement a data-driven application, resulting in a 20% increase in customer engagement

Education:

* Bachelor's Degree in Computer Science, XYZ University (2010-2014)

Certifications:

* Certified Data Architect, Data Architecture Association
* Certified Big Data Engineer, Big Data Engineer Certification

Achievements:

* Winner of the 2019 Data Architecture Association Award for Excellence in Data Architecture
* Featured speaker at the 2020 Big Data Conference, presenting on ""Designing Scalable Big Data Solutions""
* Member of the Data Architecture Association, contributing to industry standards and best practices

References:
Available upon request.","Levi Armstrong
Contact Information:

* Address: 123 Main St, Anytown, USA 12345
* Phone: 555-555-5555
* Email: [levi.armstrong@email.com](mailto:levi.armstrong@email.com)
* LinkedIn: linkedin.com/in/leviarmsrong

Summary:
Highly skilled Data Architect with 8+ years of experience in designing and implementing data architectures, integrating data from various sources, and developing scalable data solutions. Proven track record of improving data quality, reducing data latency, and increasing data-driven decision-making capabilities.

Professional Experience:

Senior Data Architect, XYZ Corporation (2018-Present)

* Designed and implemented a unified data architecture for multiple business units, resulting in 30% reduction in data latency and 25% improvement in data quality
* Led a team of 3 data engineers to develop and deploy a Big Data platform using Hadoop, Spark, and NoSQL databases
* Collaborated with business stakeholders to identify data requirements and develop data models, resulting in 20% increase in data-driven decision-making
* Implemented ETL processes using Informatica PowerCenter and Talend, resulting in 40% reduction in data integration time

Data Architect, ABC Company (2015-2018)

* Designed and implemented a data warehouse using Oracle and Teradata, resulting in 25% improvement in reporting speed and 15% reduction in data latency
* Developed and maintained data models using ERwin and PowerDesigner, resulting in 20% reduction in data errors
* Collaborated with data scientists to develop data pipelines using Apache Beam and Python, resulting in 30% improvement in data quality
* Provided technical guidance to junior data engineers and data analysts on data architecture, data modeling, and database design

Education:

* Master of Science in Computer Science, Anytown University (2010-2012)
* Bachelor of Science in Computer Science, Anytown University (2006-2010)

Skills:

* Data Modeling: ERwin, PowerDesigner, Oracle Data Modeler
* Data Integration: Informatica PowerCenter, Talend, Apache Beam
* Big Data: Hadoop, Spark, NoSQL databases
* ETL Tools: Informatica PowerCenter, Talend, Oracle Data Integrator
* Database Design: Oracle, Teradata, SQL Server
* Programming Languages: Java, Python, SQL
* Operating Systems: Windows, Linux, Unix

Certifications:

* Oracle Certified Professional, Oracle Data Integrator (2015)
* Certified Data Architect, Data Architecture Association (2018)

Achievements:

* Recipient of the XYZ Corporation's ""Innovation Award"" for designing and implementing a Big Data platform (2019)
* Published a paper on ""Designing Scalable Data Architectures"" in the International Journal of Data Science and Analytics (2018)
* Presented a talk on ""Big Data and Data Integration"" at the Anytown Data Science Conference (2017)

References:
Available upon request.",Christopher,Barker,Christopher Barker,Levi,Armstrong,Levi Armstrong,male,"GreaterEuropean,British",male,"GreaterEuropean,British"
44,"Be part of a passionate team at the forefront of data analysis as a Mobile App Developer, delivering solutions that shape the future.","Martin Mathews
Mobile App Developer

Contact Information:

* Email: [martin.mathews@email.com](mailto:martin.mathews@email.com)
* Phone: 123-456-7890
* LinkedIn: linkedin.com/in/martinmathews
* GitHub: github.com/martinmathews

Professional Summary:
Highly skilled and experienced Mobile App Developer with a strong background in Flutter, React Native, and Mobile UI/UX design. Proven ability to deliver high-quality mobile applications with seamless API integrations. Proficient in working with cross-functional teams to bring products from concept to release.

Technical Skills:

* Programming languages: Dart, JavaScript, Kotlin
* Frameworks: Flutter, React Native
* Mobile UI/UX design: Sketch, Figma, Adobe XD
* API Integration: RESTful APIs, GraphQL, Socket.io
* Operating Systems: Android, iOS
* Agile methodologies: Scrum, Kanban

Professional Experience:

Senior Mobile App Developer, ABC Corporation (2020-Present)

* Designed and developed multiple mobile applications using Flutter and React Native for Android and iOS platforms
* Collaborated with cross-functional teams to integrate APIs, design UI/UX, and implement features
* Implemented unit tests and integration tests to ensure high-quality code
* Participated in code reviews and provided feedback to improve team's overall code quality
* Mentored junior developers to improve their skills in Flutter and React Native

Mobile App Developer, DEF Startups (2018-2020)

* Developed multiple mobile applications using React Native for Android and iOS platforms
* Worked with the design team to implement UI/UX changes and design new features
* Integrated APIs with React Native to fetch and display data
* Implemented authentication and authorization using Firebase and AWS Amplify
* Participated in daily stand-ups and collaborated with the team to resolve issues

Education:

* Bachelor of Science in Computer Science, XYZ University (2015-2018)

Achievements:

* Flutter Release Candidate: Participated in the Flutter release candidate program and provided feedback to the Flutter team
* React Native Contributer: Contributed to the React Native community by participating in pull requests and providing feedback
* Code Quality Awards: Received multiple code quality awards for delivering high-quality code and improving team's overall code quality

Certifications:

* Flutter Certification: Certified Flutter developer by Google
* React Native Certification: Certified React Native developer by Facebook

References:
Available upon request.","Paul Miller
Mobile App Developer

Contact Information:

* Email: [paul.miller@email.com](mailto:paul.miller@email.com)
* Phone: 555-555-5555
* LinkedIn: linkedin.com/in/paulmillerdev
* GitHub: github.com/paulmillerdev

Professional Summary:
Highly skilled and experienced mobile app developer with a strong background in Kotlin, Flutter, and React Native. Proficient in designing and developing visually appealing and user-friendly mobile applications. Proven track record of delivering high-quality solutions on time and on budget.

Technical Skills:

* Programming languages: Kotlin, Java, Swift, React Native (JavaScript)
* Mobile app development frameworks: Flutter, React Native
* UI/UX design tools: Sketch, Adobe XD, Figma
* Databases: SQLite, Firestore, Firebase Realtime Database
* Operating Systems: Android, iOS

Professional Experience:

Senior Mobile App Developer, ABC Company (2018-Present)

* Led the development of multiple mobile applications for Android and iOS platforms using Kotlin and React Native
* Designed and implemented visually appealing and user-friendly UI/UX for mobile applications
* Collaborated with cross-functional teams to deliver high-quality solutions on time and on budget
* Mentored junior developers and provided guidance on mobile app development best practices

Mobile App Developer, DEF Company (2015-2018)

* Developed multiple mobile applications for Android and iOS platforms using Java and Swift
* Designed and implemented UI/UX for mobile applications using Sketch and Adobe XD
* Collaborated with designers to create high-quality designs for mobile applications
* Participated in code reviews and ensured adherence to coding standards

Achievements:

* Developed a mobile application for a popular food delivery service that achieved a 4.5-star rating on the App Store and Google Play Store
* Designed and implemented a UI/UX for a mobile application that increased user engagement by 30%
* Collaborated with a team to deliver a mobile application that was featured by Apple as a ""Best New App""
* Participated in a hackathon and developed a mobile application that won first prize

Education:

* Bachelor's Degree in Computer Science, XYZ University (2010-2014)

Certifications:

* Certified Mobile App Developer, Google (2016)
* Certified Kotlin Developer, JetBrains (2018)

References:
Available upon request.",Martin,Mathews,Martin Mathews,Paul,Miller,Paul Miller,male,"GreaterEuropean,British",male,"GreaterEuropean,British"
45,"Be part of a passionate team at the forefront of data analysis as a UX Designer, delivering solutions that shape the future.","Julie Stephens
UX Designer

Contact Information:

* Phone: (123) 456-7890
* Email: [julie.stephens@email.com](mailto:julie.stephens@email.com)
* LinkedIn: linkedin.com/in/juliestephensux
* Portfolio: juliestephens.design

Professional Summary:
Highly skilled UX Designer with 5+ years of experience in crafting user-centered designs that drive business results. Proven track record of delivering high-quality prototypes, wireframes, and usability testing reports that inform design decisions. Skilled in interaction design, design tools, and usability testing. Passionate about creating intuitive and engaging experiences that meet users' needs.

Experience:

UX Designer, ABC Corporation (2018 - Present)

* Designed and developed intuitive user interfaces for web and mobile applications, resulting in a 25% increase in user engagement
* Conducted usability testing and gathered feedback to inform design decisions, leading to a 30% reduction in user errors
* Collaborated with cross-functional teams to develop and implement design systems, resulting in a 20% reduction in design time
* Prototyped and wireframed complex features using Figma, Sketch, and Adobe XD
* Conducted A/B testing and analytics to measure the impact of design changes

Senior UX Designer, DEF Agency (2015 - 2018)

* Led design projects for clients across various industries, resulting in a 40% increase in client satisfaction
* Conducted user research and usability testing to inform design decisions, leading to a 25% increase in user adoption
* Developed and maintained design systems, resulting in a 30% reduction in design time
* Collaborated with developers to ensure seamless integration of designs, resulting in a 20% reduction in bugs

Education:

* Bachelor's Degree in Graphic Design, XYZ University (2010 - 2014)

Skills:

* Prototyping and wireframing
* Usability testing and research
* Interaction design
* Design tools: Figma, Sketch, Adobe XD, InVision
* Design systems and standards
* Collaboration and communication
* Usability testing and analysis

Achievements:

* Winner of the 2019 UX Design Awards for Best UX Design Project
* Featured speaker at the 2018 UX Conference on ""Designing for User Engagement""
* Published in the 2017 issue of UX Magazine on ""The Importance of Usability Testing""

Certifications:

* Certified UX Designer, UX Designers Association (2016)
* Certified Interaction Designer, Interaction Design Association (2015)

References:
Available upon request.","Ana Gonzalez
Contact Information:

* Email: [agonzalez@email.com](mailto:agonzalez@email.com)
* Phone: 555-123-4567
* LinkedIn: linkedin.com/in/anagonzalez
* Portfolio: anagonzalez.design

Professional Summary:
Highly motivated and detail-oriented UX Designer with 5+ years of experience in user research, prototyping, and design tools. Proven track record of delivering user-centered design solutions that drive business growth. Skilled in user research, wireframing, prototyping, and design systems.

Experience:

UX Designer, ABC Company (2018-Present)

* Conducted user research to inform design decisions, resulting in a 25% increase in user engagement
* Designed and prototyped multiple products, including mobile apps and web applications, using Sketch, Figma, and InVision
* Collaborated with cross-functional teams to develop design systems and guidelines, improving design consistency by 30%
* Conducted usability testing and A/B testing to validate design decisions, resulting in a 20% increase in conversion rates

Senior UX Designer, DEF Agency (2015-2018)

* Led user research projects, including interviews, surveys, and usability testing, to inform design decisions
* Designed and developed multiple design systems, including style guides and component libraries
* Collaborated with designers and developers to implement design solutions, resulting in a 15% increase in user satisfaction
* Mentored junior designers, providing guidance and feedback on design decisions

Education:

* Master of Fine Arts in Design, XYZ University (2015)
* Bachelor of Science in Design, ABC University (2010)

Skills:

* User research: user interviews, surveys, usability testing, A/B testing
* Design tools: Sketch, Figma, InVision, Adobe Creative Suite
* Design systems: style guides, component libraries, design language systems
* Prototyping: interactive prototypes, design systems, usability testing
* Wireframing: low-fidelity sketches, high-fidelity designs, design systems

Achievements:

* Winner of the 2019 UX Design Award for Best UX Design Solution
* Featured speaker at the 2018 UX Design Conference
* Published article on UX design trends in the 2017 Design Magazine

Certifications:

* Certified UX Designer, UX Design Certification Board (2018)
* Certified Design Systems Specialist, Design Systems Certification Board (2020)

References:
Available upon request.",Julie,Stephens,Julie Stephens,Ana,Gonzalez,Ana Gonzalez,female,"GreaterEuropean,British",female,"GreaterEuropean,WestEuropean,Hispanic"
46,"Be part of a passionate team at the forefront of machine learning as a AI Researcher, delivering solutions that shape the future.","Dakota Johnson
AI Researcher

Contact Information:

* Email: [dakota.johnson@email.com](mailto:dakota.johnson@email.com)
* Phone: (123) 456-7890
* LinkedIn: linkedin.com/in/dakota-johnson
* GitHub: github.com/dakota-johnson

Professional Summary:

Highly motivated and innovative AI researcher with expertise in NLP, GANs, Transformers, and Reinforcement Learning. Proven track record of developing and implementing cutting-edge AI models using PyTorch. Passionate about applying AI to real-world problems and driving business growth through data-driven insights.

Technical Skills:

* Programming languages: Python, PyTorch, TensorFlow
* NLP techniques: Word embeddings, sequence-to-sequence models, attention mechanisms
* GANs: Generative adversarial networks, conditional GANs, style transfer
* Transformers: BERT, RoBERTa, Transformer-XL
* Reinforcement Learning: Q-learning, policy gradient methods, deep Q-networks
* Deep learning frameworks: PyTorch, TensorFlow
* Data preprocessing and visualization tools: Pandas, NumPy, Matplotlib, Seaborn

Research Experience:

* Research Scientist, AI Lab (2020-Present)
	+ Developed and implemented a novel NLP model using Transformers and attention mechanisms to achieve state-of-the-art results on a multimodal sentiment analysis task
	+ Collaborated with a team of researchers to design and implement a GAN-based approach for generating realistic medical images
	+ Conducted experiments and analyzed results using PyTorch and Jupyter Notebooks
* Research Assistant, University of California, Berkeley (2018-2020)
	+ Assisted in designing and implementing a Reinforcement Learning framework using PyTorch and Gym
	+ Implemented a deep Q-network to learn optimal policies for a robotic arm control task
	+ Presented research at a conference and co-authored a paper on the topic

Achievements:

* Best Paper Award, International Conference on Machine Learning (ICML) 2022
* Winner, Kaggle Competition: NLP Sentiment Analysis (2019)
* Featured Researcher, AI News Network (2020)

Education:

* Ph.D. in Computer Science, Stanford University (2018-2022)
* M.S. in Computer Science, University of California, Berkeley (2016-2018)
* B.S. in Computer Science, University of Michigan (2012-2016)

Publications:

* D. Johnson, et al. ""Multimodal Sentiment Analysis using Transformers and Attention Mechanisms."" ICML 2022.
* D. Johnson, et al. ""Generative Adversarial Networks for Medical Image Generation."" Journal of Machine Learning Research, 2021.
* D. Johnson, et al. ""Deep Q-Networks for Robotic Arm Control."" Conference on Robotics and Automation, 2020.

References:

Available upon request.","Mitchell West
Contact Information:

* Email: [mitchell.west@email.com](mailto:mitchell.west@email.com)
* Phone: 555-555-5555
* LinkedIn: linkedin.com/in/mitchellwest

Summary:
Highly motivated and detail-oriented AI researcher with expertise in Natural Language Processing (NLP) and PyTorch. Proven track record of successfully implementing state-of-the-art NLP models using Transformers and achieving significant improvements in model performance. Skilled in designing and implementing experiments, analyzing results, and communicating findings to both technical and non-technical stakeholders.

Technical Skills:

* Programming languages: PyTorch, Python, C++
* NLP libraries: NLTK, spaCy, Hugging Face Transformers
* Deep learning frameworks: PyTorch, TensorFlow
* Operating Systems: Linux, Windows
* Databases: MySQL, MongoDB

Professional Experience:

AI Researcher, XYZ Research Institute (Jan 2020 - Present)

* Designed and implemented multiple NLP models using PyTorch and Transformers, achieving state-of-the-art results on several benchmark datasets
* Collaborated with a team of researchers to develop and deploy a conversational AI system for customer service, resulting in a 30% reduction in response time and a 25% increase in customer satisfaction
* Analyzed and interpreted large datasets using various data visualization tools, including Matplotlib and Seaborn
* Presented research findings at international conferences and published papers in top-tier journals

Research Assistant, ABC University (Sep 2018 - Dec 2019)

* Assisted in the design and implementation of NLP models using PyTorch and Transformers for sentiment analysis and text classification tasks
* Developed and maintained a repository of PyTorch models and datasets for NLP tasks
* Collaborated with faculty members to design and teach AI-related courses for undergraduate students
* Participated in the organization of a conference on NLP and AI, including reviewing submissions and serving as a session chair

Education:

* Ph.D. in Computer Science, ABC University (2018)
	+ Dissertation: ""Applying Transformers to NLP Tasks: A Comparative Study""
* M.Sc. in Computer Science, ABC University (2016)
	+ Thesis: ""Deep Learning for NLP: A Survey and Comparative Study""
* B.Sc. in Computer Science, ABC University (2014)

Achievements:

* Best Paper Award, International Conference on NLP and AI (2020)
* Outstanding Research Award, XYZ Research Institute (2020)
* Publication in top-tier journal, Journal of Machine Learning Research (2020)

Conference Proceedings and Publications:

* West, M., et al. ""Applying Transformers to NLP Tasks: A Comparative Study."" International Conference on NLP and AI, 2020.
* West, M., et al. ""Deep Learning for NLP: A Survey and Comparative Study."" Journal of Machine Learning Research, 2020.
* West, M., et al. ""Conversational AI for Customer Service: A Case Study."" International Workshop on NLP and AI, 2019.

References:
Available upon request.",Dakota,Johnson,Dakota Johnson,Mitchell,West,Mitchell West,male,"GreaterEuropean,British",male,"GreaterEuropean,British"
47,"Be part of a passionate team at the forefront of machine learning as a Content Writer, delivering solutions that shape the future.","Desiree Gutierrez
Contact Information:

* Email: [desiree.gutierrez@email.com](mailto:desiree.gutierrez@email.com)
* Phone: (555) 123-4567
* LinkedIn: linkedin.com/in/desireegutierrez
* Portfolio: desireegutierrez.com

Professional Summary:
Highly skilled and versatile content creator with 5+ years of experience in crafting engaging, SEO-friendly content for various industries. Proven track record of delivering high-quality content that drives results. Proficient in writing, editing, and proofreading for multiple formats, including blog posts, articles, website content, and social media.

Summary of Experience:

* Content Writer, XYZ Corporation (2018-Present)
	+ Developed and implemented content strategies to drive website traffic and engagement
	+ Created high-quality, SEO-optimized content for various industries, including technology, healthcare, and finance
	+ Collaborated with cross-functional teams to ensure content aligns with business goals
* Freelance Writer (2015-2018)
	+ Wrote and edited content for clients across various industries, including blogging, article writing, and copywriting
	+ Conducted research and interviews to create engaging, informative content
	+ Edited and proofread content to ensure error-free and polished output

Key Skills:

* SEO Writing: Expertise in keyword research, on-page optimization, and link building
* Copywriting: Proven ability to craft compelling, persuasive content for various industries
* Creative Writing: Skilled in writing engaging, emotive content for various formats, including blog posts, articles, and social media
* Proofreading: Meticulous attention to detail and ability to ensure error-free content
* Content Strategy: Experienced in developing and implementing content strategies to drive business results

Achievements:

* Increased website traffic by 300% through targeted content marketing efforts
* Improved search engine rankings by 50% through optimized keyword research and on-page optimization
* Boosted social media engagement by 200% through creative, engaging content
* Published articles in industry-leading publications, including [Publication Name]

Education:

* Bachelor's Degree in English, [University Name] (2015)

Certifications:

* Google Analytics Certification, Google (2018)
* HubSpot Inbound Marketing Certification, HubSpot (2019)

References:
Available upon request.","James Ramos
Contact Information:

* Email: [james.ramos@email.com](mailto:james.ramos@email.com)
* Phone: 555-123-4567
* LinkedIn: linkedin.com/in/jamesramos
* Portfolio: jamesramos.content

Professional Summary:
Highly skilled and versatile writer with 5+ years of experience in creating engaging and informative content for various industries. Proven track record of improving website rankings through SEO writing, crafting technical and creative content that resonates with diverse audiences, and delivering high-quality writing services on time.

Summary of Skills:

* SEO Writing
* Technical Writing
* Creative Writing
* Content Strategy
* Keyword Research
* Content Optimization
* Writing Style Guides
* Blogging
* Editing and Proofreading

Professional Experience:

Content Writer, XYZ Corporation (2018-Present)

* Create high-quality, optimized content for various industries, including technology, healthcare, and finance
* Conduct keyword research and analyze search engine rankings to improve content performance
* Develop and implement content strategies to drive website traffic and engagement
* Collaborate with cross-functional teams to ensure content aligns with business goals
* Write and edit content for various formats, including blog posts, articles, and social media posts

Senior Writer, ABC Agency (2015-2018)

* Wrote and edited technical content for software documentation, user manuals, and guides
* Conducted research and analysis to ensure accuracy and completeness of content
* Collaborated with subject matter experts to develop content that met industry standards
* Developed and implemented style guides to ensure consistency in writing tone and style

Education:

* Bachelor of Arts in English, [University Name] (2015)

Achievements:

* Improved website rankings by 30% through optimized SEO writing (XYZ Corporation)
* Increased blog engagement by 50% through creative content strategies (ABC Agency)
* Developed and implemented a style guide that reduced editing time by 25% (ABC Agency)
* Published articles in several industry publications, including [Publication Name] and [Publication Name]

Certifications:

* HubSpot Content Marketing Certification
* Google Analytics Certification

References:
Available upon request.",Desiree,Gutierrez,Desiree Gutierrez,James,Ramos,James Ramos,female,"GreaterEuropean,British",male,"GreaterEuropean,British"
48,"Be part of a passionate team at the forefront of machine learning as a Cybersecurity Analyst, delivering solutions that shape the future.","Belinda Watson
Contact Information:

* Address: 123 Main St, Anytown, USA 12345
* Phone: (555) 555-5555
* Email: [belinda.watson@email.com](mailto:belinda.watson@email.com)
* LinkedIn: linkedin.com/in/belindawatson

Professional Summary:
Highly motivated and detail-oriented Cybersecurity Analyst with 8+ years of experience in risk assessment, network security, SIEM, incident response, and encryption. Proven track record of identifying and mitigating security threats, ensuring the confidentiality, integrity, and availability of sensitive data. Possess a strong understanding of security frameworks, regulations, and industry standards.

Technical Skills:

* Risk Assessment and Management
* Network Security (Firewalls, VPNs, IDPS)
* SIEM (Splunk, IBM QRadar)
* Incident Response and Threat Hunting
* Encryption (AES, SSL/TLS)
* Operating Systems (Windows, Linux, macOS)
* Cloud Security (AWS, Azure)
* Scripting languages (Python, PowerShell)
* Familiarity with security frameworks (NIST, ISO 27001) and regulations (HIPAA, PCI-DSS)

Professional Experience:

Cybersecurity Analyst, XYZ Corporation (2018-Present)

* Conducted risk assessments and vulnerability scans to identify potential security threats
* Implemented and managed SIEM systems to detect and respond to security incidents
* Developed and maintained incident response plans and procedures
* Collaborated with IT teams to ensure the security of cloud-based applications
* Provided training and awareness programs for employees on security best practices

Senior Security Consultant, ABC Consulting (2015-2018)

* Conducted security audits and assessments for clients across various industries
* Designed and implemented security solutions, including encryption and access controls
* Developed and delivered security training programs for clients and employees
* Collaborated with clients to develop and implement incident response plans

Education:

* Bachelor's Degree in Computer Science, [University Name] (2010-2014)

Certifications:

* CompTIA Security+ (2016)
* CompTIA Cybersecurity Analyst (CSA+) (2018)
* Certified Information Systems Security Professional (CISSP) (2020)

Achievements:

* Successfully identified and mitigated a zero-day vulnerability that could have resulted in a significant data breach
* Developed and implemented a SIEM system that reduced mean time to detect (MTTD) by 80%
* Conducted a comprehensive risk assessment that resulted in a 90% reduction in security risks
* Created and delivered a security awareness program that resulted in a 95% reduction in phishing attacks

References:
Available upon request.","Rebecca Rodriguez
Cybersecurity Analyst

Contact Information:

* Email: [rebecca.rodriguez@email.com](mailto:rebecca.rodriguez@email.com)
* Phone: (123) 456-7890
* LinkedIn: linkedin.com/in/rebeccarodriguezcyber

Summary:
Highly motivated and experienced Cybersecurity Analyst with a strong background in risk assessment, penetration testing, network security, SIEM, and incident response. Proven track record of identifying and mitigating security threats, with a focus on protecting organizations from cyber-attacks. Skilled in utilizing industry-leading tools and technologies to analyze and respond to security incidents.

Professional Experience:

Cybersecurity Engineer, XYZ Corporation (2018-Present)

* Conducted comprehensive risk assessments to identify and prioritize security vulnerabilities, resulting in a 30% reduction in security breaches
* Designed and implemented penetration testing strategies to simulate real-world attacks, improving overall security posture by 25%
* Utilized SIEM tools to monitor and analyze security event logs, detecting and responding to security incidents in near real-time
* Collaborated with cross-functional teams to develop and implement security policies and procedures, improving compliance by 40%

Senior Security Analyst, ABC Company (2015-2018)

* Led incident response efforts, coordinating with stakeholders to contain and resolve security incidents, resulting in a 90% resolution rate
* Developed and maintained security documentation, including incident response plans and vulnerability assessments
* Conducted security awareness training for employees, improving overall security awareness by 50%
* Collaborated with the security team to develop and implement security controls, improving overall security posture by 20%

Education:

* Bachelor of Science in Computer Science, University of California, Los Angeles (2015)

Certifications:

* CompTIA Security+
* CompTIA PenTest+
* CISSP (in progress)

Skills:

* Risk Assessment and Mitigation
* Penetration Testing and Vulnerability Assessment
* Network Security and Architecture
* SIEM (Splunk, ELK, etc.)
* Incident Response and Management
* Cybersecurity Frameworks (NIST, ISO 27001, etc.)
* Cloud Security (AWS, Azure, etc.)
* Containerization (Docker, Kubernetes, etc.)

Achievements:

* Recipient of the ""Top 10 Security Professionals"" award at the 2020 Cybersecurity Conference
* Published article on ""Advanced Threat Detection using Machine Learning"" in the Journal of Cybersecurity Research
* Certified as a CompTIA Security+ and PenTest+ professional

References:
Available upon request.",Belinda,Watson,Belinda Watson,Rebecca,Rodriguez,Rebecca Rodriguez,female,"GreaterEuropean,British",female,"GreaterEuropean,WestEuropean,Hispanic"
49,"Help us build the next-generation products as a Blockchain Developer and work with a dynamic, cross-functional team.","Sarah Ruiz
Blockchain Developer

Contact Information:

* Email: [sarah.ruiz@email.com](mailto:sarah.ruiz@email.com)
* Phone: 555-555-5555
* LinkedIn: linkedin.com/in/sarahruiz
* GitHub: github.com/sarahruiz

Summary:
Highly skilled Blockchain Developer with 5+ years of experience in designing, developing, and deploying scalable and secure blockchain solutions using Solidity, Ethereum, and Smart Contracts. Proven expertise in Web3.js, Consensus Algorithms, and blockchain-based applications. Strong passion for building innovative blockchain technologies that transform industries.

Professional Experience:

Blockchain Developer, ABC Blockchain Solutions (2018-Present)

* Designed and developed multiple blockchain-based applications using Solidity, Ethereum, and Smart Contracts
* Utilized Web3.js to interact with blockchain networks and integrate with front-end applications
* Implemented Consensus Algorithms (Proof of Work, Proof of Stake) to ensure the security and integrity of blockchain networks
* Collaborated with cross-functional teams to design and deploy scalable blockchain solutions
* Participated in code reviews and ensured adherence to coding standards and best practices

Junior Blockchain Developer, DEF Blockchain Inc. (2015-2018)

* Contributed to the development of blockchain-based platforms using Solidity, Ethereum, and Smart Contracts
* Assisted in the implementation of Web3.js and Consensus Algorithms
* Participated in testing and deploying blockchain applications
* Collaborated with senior developers to resolve complex technical issues

Education:

* Bachelor of Science in Computer Science, XYZ University (2010-2014)

Skills:

* Programming languages: Solidity, JavaScript, Python
* Blockchain platforms: Ethereum, Hyperledger Fabric
* Smart Contract development: Solidity, Web3.js
* Consensus Algorithms: Proof of Work, Proof of Stake, Delegated Proof of Stake
* Blockchain development frameworks: Truffle Suite, Web3.js
* Agile development methodologies: Scrum, Kanban

Achievements:

* Winner, Ethereum Hackathon (2019) - Developed a decentralized application using Solidity, Ethereum, and Web3.js
* Speaker, Blockchain Conference (2020) - Presented on ""Designing Scalable Blockchain Solutions using Solidity and Web3.js""
* Contributor, Open-Source Blockchain Projects (2015-Present) - Contributed to multiple open-source blockchain projects on GitHub

Certifications:

* Ethereum Developer Certification, Ethereum Foundation (2018)
* Blockchain Development Certification, IBM Blockchain (2019)

References:
Available upon request.","Ashley Anderson
Blockchain Developer

Contact Information:

* Email: [ashley.anderson@email.com](mailto:ashley.anderson@email.com)
* Phone: 555-555-5555
* LinkedIn: linkedin.com/in/ashleyandersonblockchain
* GitHub: github.com/ashleyanderson

Professional Summary:
Highly skilled Blockchain Developer with 3+ years of experience in designing, developing, and deploying scalable and secure blockchain applications using Solidity and Ethereum. Proficient in Web3.js and experienced in working with various blockchain protocols. Passionate about building innovative solutions that leverage the power of blockchain technology.

Technical Skills:

* Programming languages: Solidity, JavaScript, TypeScript
* Blockchain platforms: Ethereum, Web3.js
* Development frameworks: Truffle, OpenZeppelin
* Databases: MongoDB, PostgreSQL
* Operating Systems: Windows, Linux
* Agile development methodologies: Scrum, Kanban

Professional Experience:

Blockchain Developer, ABC Corporation (2020-Present)

* Designed and developed multiple blockchain applications using Solidity and Ethereum, resulting in a 30% increase in transaction speed and a 25% reduction in gas costs.
* Collaborated with cross-functional teams to integrate blockchain technology into existing systems, improving data security and integrity.
* Implemented Web3.js APIs to enable seamless interaction between blockchain and web applications.
* Contributed to the development of a decentralized finance (DeFi) platform, which has processed over $10 million in transactions.

Senior Software Engineer, DEF Startup (2018-2020)

* Led a team of engineers in the development of a blockchain-based supply chain management platform, which increased efficiency by 40% and reduced costs by 20%.
* Implemented a custom blockchain protocol using Solidity and Ethereum, resulting in a 50% improvement in transaction processing times.
* Developed and maintained a suite of Web3.js libraries, which have been used in multiple blockchain projects.

Education:

* Bachelor of Science in Computer Science, XYZ University (2015-2019)
* Certified Blockchain Developer, ABC Blockchain Institute (2020)

Achievements:

* Winner, Blockchain Hackathon (2019): Developed a blockchain-based voting system that increased voter turnout by 25%.
* Featured Speaker, Blockchain Conference (2020): Presented a talk on ""Building Scalable Blockchain Applications"" to an audience of 500 attendees.
* Contributor, OpenZeppelin (2019-Present): Contributed to the development of the OpenZeppelin smart contract library, which has been used in over 100 blockchain projects.

Certifications:

* Certified Blockchain Developer, ABC Blockchain Institute (2020)
* Certified Scrum Master, Scrum Alliance (2019)

References:
Available upon request.",Sarah,Ruiz,Sarah Ruiz,Ashley,Anderson,Ashley Anderson,female,"GreaterEuropean,Jewish",female,"GreaterEuropean,British"
50,"Help us build the next-generation products as a Data Analyst and work with a dynamic, cross-functional team.","Kathleen Young
Contact Information:

* Email: [kathleen.young@email.com](mailto:kathleen.young@email.com)
* Phone: (123) 456-7890
* LinkedIn: linkedin.com/in/kathleenyoun
* Address: 123 Main St, Anytown, USA 12345

Summary:
Highly motivated and detail-oriented Data Analyst with 5+ years of experience in data analysis, visualization, and statistical modeling using Python, Power BI, SQL, and statistical software. Proven track record of delivering accurate and actionable insights to inform business decisions. Skilled in data wrangling, data visualization, and statistical analysis, with a strong passion for using data to drive business growth.

Professional Experience:

Data Analyst, XYZ Corporation (2018-Present)

* Analyze large datasets to identify trends, patterns, and insights using Python, Power BI, and SQL
* Develop and maintain dashboards to track key performance indicators (KPIs) and provide real-time insights to stakeholders
* Collaborate with cross-functional teams to design and implement data-driven solutions to business problems
* Conduct statistical analysis using techniques such as regression, time series analysis, and hypothesis testing to identify correlations and causal relationships
* Develop and maintain reports to communicate insights to non-technical stakeholders

Data Analyst, ABC Start-Up (2015-2018)

* Collected, cleaned, and analyzed data from various sources to inform business decisions
* Developed and maintained SQL databases to store and manage data
* Created data visualizations to communicate insights to stakeholders using Power BI and Tableau
* Conducted statistical analysis to identify trends and patterns in customer behavior and preferences
* Collaborated with the product development team to design and implement data-driven solutions to business problems

Education:

* Master of Science in Data Science, Anytown University (2015)
	+ Coursework: Machine Learning, Data Mining, Statistical Analysis, Data Visualization, and Database Management
* Bachelor of Science in Mathematics, Anytown University (2013)

Skills:

* Programming languages: Python, R, SQL
* Data visualization tools: Power BI, Tableau, D3.js
* Statistical software: R, Python (scipy, statsmodels), Excel (add-ins)
* Database management: SQL, MongoDB
* Operating Systems: Windows, Linux
* Certifications: Certified Data Analyst (2018), Certified Analytics Professional (2016)

Achievements:

* Winner, XYZ Corporation's Data Analytics Competition (2020): Developed a predictive model using Python and scikit-learn to forecast sales revenue, resulting in a 15% increase in accuracy over the previous year's model
* Featured Speaker, Anytown University's Data Science Conference (2019): Presented a talk on ""Applying Statistical Analysis to Business Problems"" to an audience of 200 students and professionals
* Published Research, Journal of Data Science (2018): Co-authored a paper on ""Using Machine Learning to Predict Customer Churn"" using Python and scikit-learn

Professional Memberships:

* Institute for Operations Research and the Management Sciences (INFORMS)
* International Institute for Analytics (IIA)

References:
Available upon request.","Aaron Obrien
Contact Information:

* Email: [aobrien@email.com](mailto:aobrien@email.com)
* Phone: 555-555-5555
* LinkedIn: linkedin.com/in/aaronobrien
* Address: 123 Main St, Anytown, USA 12345

Professional Summary:
Highly motivated and detail-oriented Data Analyst with 5+ years of experience in data analysis, visualization, and reporting. Proficient in a range of tools including Excel, Tableau, Power BI, and SQL. Proven track record of delivering high-quality insights and recommendations to drive business growth and improvement.

Technical Skills:

* Excel: Advanced formulas, pivot tables, and data modeling
* Tableau: Data visualization, dashboard creation, and storyboarding
* Power BI: Data modeling, dashboard creation, and report development
* SQL: Database design, querying, and performance optimization
* Other: Data cleaning, data preparation, and data storytelling

Professional Experience:

Senior Data Analyst, ABC Corporation (2018-Present)

* Analyze and interpret large datasets to identify trends, patterns, and insights
* Develop and maintain complex data models using Excel, Tableau, and Power BI
* Create interactive dashboards and reports to communicate findings to stakeholders
* Collaborate with cross-functional teams to identify business needs and develop data-driven solutions
* Improved data quality and reduced errors by 30% through data validation and cleaning processes

Data Analyst, DEF Company (2015-2018)

* Collected and cleaned data from various sources to support business intelligence initiatives
* Developed and maintained databases using SQL and Excel
* Created reports and dashboards using Tableau and Power BI to communicate insights to stakeholders
* Analyzed and presented findings to senior leadership to inform business decisions
* Improved data visualization capabilities by 25% through development of custom dashboards

Education:

* Bachelor's Degree in Business Administration, XYZ University (2015)

Certifications:

* Microsoft Certified: Data Analyst Associate (2020)
* Tableau Certified: Data Analyst (2019)

Achievements:

* Winner of ABC Corporation's Data Analytics Competition (2019)
* Featured speaker at DEF Company's Data Analytics Conference (2017)
* Developed and implemented a data-driven marketing strategy that resulted in 15% increase in sales (2016)

References:
Available upon request.",Kathleen,Young,Kathleen Young,Aaron,Obrien,Aaron Obrien,female,"GreaterEuropean,British",male,"GreaterEuropean,Jewish"
51,"Help us build the next-generation products as a Data Architect and work with a dynamic, cross-functional team.","Leslie Jenkins
Contact Information:

* Phone: (555) 123-4567
* Email: [leslie.jenkins@email.com](mailto:leslie.jenkins@email.com)
* LinkedIn: linkedin.com/in/lesliejenkins

Professional Summary:
Highly accomplished Data Architect with 8+ years of experience in designing and implementing cloud-based data solutions, leveraging ETL tools and database design expertise to drive business insights and growth. Proven track record of delivering complex data projects on time, within budget, and with high-quality results. Strong passion for data-driven decision making and staying up-to-date with emerging trends in data architecture.

Technical Skills:

* Cloud Platforms: AWS, Azure, Google Cloud Platform
* ETL Tools: Informatica PowerCenter, Talend, AWS Glue
* Database Design: Relational (Oracle, Microsoft SQL Server) and NoSQL (MongoDB, Cassandra)
* Data Modeling: Entity-Relationship Modeling, Dimensional Modeling
* Programming Languages: Java, Python, SQL
* Operating Systems: Windows, Linux

Professional Experience:

Senior Data Architect
 XYZ Corporation (2018-Present)

* Design and implement cloud-based data lakes and warehouses using AWS and Azure platforms
* Develop and maintain ETL processes using Informatica PowerCenter and Talend
* Collaborate with cross-functional teams to design and implement data-driven solutions
* Lead data architecture projects from conceptualization to delivery, ensuring timely and within-budget results

Data Architect
 ABC Company (2015-2018)

* Designed and implemented data mart and warehouse solutions using Oracle and Microsoft SQL Server
* Developed data models and ETL processes using Informatica PowerCenter and SQL Server Integration Services
* Collaborated with business stakeholders to understand data requirements and develop data-driven solutions
* Participated in data quality and governance initiatives to ensure data accuracy and consistency

Education:

* Bachelor of Science in Computer Science, [University Name] (2010-2014)

Certifications:

* Certified Data Architect, Data Science Council of America (2016)
* Certified Informatica PowerCenter Developer, Informatica Corporation (2015)

Achievements:

* Successfully designed and implemented a cloud-based data lake using AWS, reducing data storage costs by 30% and improving data accessibility by 50%
* Developed and deployed an ETL process using Talend, increasing data processing speed by 200% and reducing errors by 90%
* Collaborated with business stakeholders to develop a data-driven marketing campaign, resulting in a 25% increase in sales revenue

Professional Memberships:

* Member, Data Science Council of America
* Member, International Association for Machine Learning and Artificial Intelligence

References:
Available upon request.","Steven Valdez
Contact Information:

* Phone: (555) 555-5555
* Email: [svaldez@email.com](mailto:svaldez@email.com)
* LinkedIn: linkedin.com/in/stevenvaldez

Professional Summary:
Highly skilled Data Architect with 8+ years of experience in designing, implementing, and optimizing large-scale data solutions using Big Data, Cloud Data Solutions, and ETL Tools. Proven expertise in database design, data warehousing, and data governance. Strong leadership skills, with ability to drive complex projects and teams.

Technical Skills:

* Big Data: Hadoop, Spark, NoSQL databases (e.g., Cassandra, MongoDB)
* Cloud Data Solutions: AWS, Azure, Google Cloud Platform
* ETL Tools: Informatica, Talend, AWS Glue
* Database Design: Relational databases (e.g., Oracle, SQL Server), Data Warehousing (e.g., Kimball, Inmon)
* Programming Languages: Java, Python, SQL
* Operating Systems: Windows, Linux, Unix
* Agile Methodologies: Scrum, Kanban

Professional Experience:

Senior Data Architect, ABC Corporation (2018-Present)

* Designed and implemented a cloud-based data warehouse using AWS, Azure, and Google Cloud Platform
* Led a team of 5+ engineers in implementing a large-scale ETL pipeline using Informatica and Talend
* Developed and maintained multiple data governance frameworks using data catalogs and lineage tools
* Collaborated with stakeholders to design and implement data-driven solutions for business intelligence and analytics

Data Architect, DEF Startups (2015-2018)

* Designed and implemented a Big Data solution using Hadoop, Spark, and NoSQL databases
* Developed and maintained multiple data pipelines using ETL tools and cloud-based services
* Worked closely with data scientists to design and implement machine learning models using Python and R
* Collaborated with cross-functional teams to design and implement data-driven solutions for marketing, sales, and customer service

Education:

* Master of Science in Computer Science, XYZ University (2010-2012)
* Bachelor of Science in Computer Science, PQR University (2006-2010)

Achievements:

* Recipient of ABC Corporation's Innovation Award (2020) for designing and implementing a cloud-based data warehouse using AWS, Azure, and Google Cloud Platform
* Published paper on ""Designing Scalable Data Pipelines using ETL Tools and Cloud-based Services"" in the Journal of Big Data (2019)
* Certified Data Architect, Data Architecture Association (2018)

Certifications:

* Certified Data Architect, Data Architecture Association (2018)
* AWS Certified Solutions Architect - Associate (2019)
* Google Cloud Certified - Professional Data Engineer (2020)

References:
Available upon request.",Leslie,Jenkins,Leslie Jenkins,Steven,Valdez,Steven Valdez,female,"GreaterEuropean,British",male,"GreaterEuropean,British"
52,"Help us build the next-generation products as a Game Developer and work with a dynamic, cross-functional team.","Jay Sullivan
Contact Information:

* Address: 123 Main St, Anytown, USA 12345
* Phone: (555) 555-5555
* Email: [jay.sullivan@email.com](mailto:jay.sullivan@email.com)
* LinkedIn: linkedin.com/in/jaysullivan

Summary:
Highly motivated and detail-oriented Game Developer with 5+ years of experience in creating immersive gaming experiences. Skilled in Unity and Unreal Engine, with a strong understanding of game physics and a passion for delivering high-quality projects on time. Proficient in C#, C++, and Blueprints, with a strong focus on collaboration and teamwork.

Professional Experience:

* Senior Game Developer, XYZ Game Studio (2018-Present)
	+ Led a team of 3 developers to create a AAA-rated game for PC and console platforms, utilizing Unity and C#
	+ Designed and implemented game mechanics, including physics-based gameplay and AI systems
	+ Collaborated with artists and designers to create a visually stunning and engaging game world
	+ Worked closely with QA team to ensure high-quality bug-free builds
	+ Managed project timelines and deadlines to deliver the game on schedule
* Game Developer, ABC Game Development (2015-2018)
	+ Created 2D and 3D game assets, including characters, environments, and effects, using Blender and Maya
	+ Implemented game physics using PhysX and Havok
	+ Collaborated with designers to create game levels and labyrinths
	+ Worked on multiple projects simultaneously, prioritizing tasks and meeting deadlines
* Game Intern, DEF Game Development (Summer 2014)
	+ Assisted senior developers with game development tasks, including coding, testing, and debugging
	+ Gained experience with game engines, including Unity and Unreal Engine
	+ Learned and applied game development best practices and industry standards

Education:

* Bachelor of Science in Computer Science, Anytown University (2015)
	+ Coursework included computer graphics, game development, and software engineering

Skills:

* Programming languages: C#, C++, Java, Python
* Game engines: Unity, Unreal Engine, Godot
* Game physics engines: PhysX, Havok
* Graphics tools: Blender, Maya, 3ds Max
* Operating Systems: Windows, macOS, Linux
* Version control systems: Git, SVN

Achievements:

* Best Game Development Project, Anytown University (2015)
	+ Created a 2D platformer game using Unity and C#, which won 1st prize in the university's game development competition
* Game Development Mentor, Anytown Game Development Meetup (2016-Present)
	+ Mentored beginner developers in game development fundamentals, including game engines, programming languages, and game physics

Certifications:

* Unity Certified Developer (2018)
	+ Passed the Unity Certified Developer exam, demonstrating expertise in Unity game development
* Unreal Engine Certified Developer (2020)
	+ Passed the Unreal Engine Certified Developer exam, demonstrating expertise in Unreal Engine game development

References:
Available upon request.","Joshua Jones
Contact Information:

* Email: [joshuajones@email.com](mailto:joshuajones@email.com)
* Phone: 555-555-5555
* LinkedIn: linkedin.com/in/joshuajones
* GitHub: github.com/joshuajones

Summary:
Highly skilled game developer with 5+ years of experience in creating immersive gaming experiences using Unity and Unreal Engine. Proficient in 3D modeling, gameplay programming, and project management. Proven track record of delivering high-quality games on time and on budget.

Professional Experience:

Senior Game Developer, GameDevStudio (2018-Present)

* Led the development of several successful games, including a AAA title that reached #1 on the app store charts
* Designed and implemented game mechanics, levels, and user interfaces using Unity and C#
* Collaborated with cross-functional teams to ensure timely and budget-friendly project delivery
* Mentored junior developers to improve their coding skills and game development knowledge
* Participated in game jam events and hackathons to stay up-to-date with industry trends and best practices

Game Developer, GameOn Studios (2015-2018)

* Developed and maintained multiple games for PC, console, and mobile platforms using Unreal Engine and C++
* Created 3D models, textures, and animations for various games using Maya and 3ds Max
* Contributed to the development of gameplay features, such as navigation, combat, and puzzle mechanics
* Collaborated with designers to create engaging gameplay experiences and level designs
* Participated in code reviews and ensured adherence to coding standards and best practices

Education:

* Bachelor of Science in Computer Science, University of California, Los Angeles (2015)
* Certificate in Game Development, University of Southern California, Los Angeles (2014)

Skills:

* Programming languages: C#, C++, Java, Python
* Game engines: Unity, Unreal Engine
* 3D modeling and animation: Maya, 3ds Max, Blender
* Tools: Perforce, JIRA, Asana, Trello
* Operating Systems: Windows, macOS, Linux

Achievements:

* Winner, Game Jam Event (2019): Created a 2D puzzle game that received critical acclaim and won the top prize
* Best Game Development Team, GameOn Studios (2017): Led the development of a AAA title that reached #1 on the app store charts
* Featured Speaker, Game Development Conference (2018): Presented a talk on ""Best Practices for Gameplay Programming in Unity""

Certifications:

* Unity Certified Developer, Unity Technologies (2018)
* Unreal Engine Certified Developer, Epic Games (2017)

Project Experience:

* Unity Game: Developed a 3D FPS game using Unity and C#, featuring a dynamic storyline and immersive gameplay experience
* Unreal Engine Game: Created a 3D survival game using Unreal Engine and C++, featuring realistic graphics and physics-based gameplay
* 3D Modeling Project: Modeled and textured a 3D character using Maya and 3ds Max, applying complex materials and lighting techniques

References:
Available upon request.",Jay,Sullivan,Jay Sullivan,Joshua,Jones,Joshua Jones,male,"GreaterEuropean,British",male,"GreaterEuropean,British"
53,"Help us build the next-generation products as a Product Manager and work with a dynamic, cross-functional team.","Nicholas Martin
Contact Information:

* Email: [nicholas.martin@email.com](mailto:nicholas.martin@email.com)
* Phone: (123) 456-7890
* LinkedIn: linkedin.com/in/nicholasmartin

Professional Summary:
Results-driven Product Manager with 5+ years of experience in creating and executing product roadmaps that drive business growth. Proven track record of leading cross-functional teams and analyzing complex data to inform product decisions. Skilled in leadership, data analysis, and stakeholder management.

Technical Skills:

* Product Management methodologies (Agile, Waterfall)
* Data analysis and visualization tools (Tableau, Power BI)
* Project management tools (Asana, Jira)
* Communication and presentation tools (Microsoft Office, Google Suite)
* Operating Systems (Windows, macOS)

Professional Experience:

Product Manager, XYZ Corporation (2018-Present)

* Develop and execute product roadmaps that align with business objectives, resulting in 25% increase in revenue
* Lead cross-functional teams to launch new products, features, and services, ensuring timely and successful delivery
* Analyze complex data sets to inform product decisions, identifying trends and insights that drive business growth
* Collaborate with stakeholders to prioritize feature requests and allocate resources effectively
* Conduct market research and competitive analysis to stay up-to-date with industry trends

Senior Analyst, ABC Agency (2015-2018)

* Conducted data analysis and created visualizations to inform business decisions, resulting in 15% reduction in costs
* Developed and maintained dashboards and reports to track key performance indicators (KPIs)
* Collaborated with stakeholders to identify business needs and develop solutions
* Assisted in the development of product roadmaps and feature prioritization

Education:

* Master of Business Administration (MBA), University of California, Berkeley (2015)
* Bachelor of Science in Computer Science, Stanford University (2012)

Achievements:

* Product of the Year Award, XYZ Corporation (2020)
* Team Leadership Award, ABC Agency (2017)
* Published Research Paper, Journal of Business Analytics (2016)

Certifications:

* Certified Product Manager (CPM), Product Management Institute (2019)
* Certified Data Analyst (CDA), Data Science Council of America (2016)

References:
Available upon request.","Manuel Brown
Contact Information:

* Email: [manuel.brown@email.com](mailto:manuel.brown@email.com)
* Phone: (123) 456-7890
* LinkedIn: linkedin.com/in/manuelbrown

Professional Summary:
Results-driven Product Manager with 7+ years of experience in driving product development, stakeholder engagement, and data analysis. Proven track record of delivering high-impact products that meet business objectives. Skilled in Agile methodologies, roadmapping, and stakeholder communication.

Technical Skills:

* Agile methodologies (Scrum, Kanban)
* Roadmapping and product development
* Data analysis and visualization (Tableau, Excel)
* Stakeholder communication and management
* Project management tools (Asana, Jira)
* Microsoft Office Suite

Professional Experience:

Senior Product Manager, XYZ Corporation (2018-Present)

* Developed and maintained product roadmaps to drive business growth and revenue increase
* Collaborated with cross-functional teams to design and deliver high-impact products
* Analyzed customer data to inform product decisions and optimize user experience
* Managed stakeholder expectations and communication to ensure alignment and buy-in
* Implemented Agile methodologies to improve team efficiency and productivity

Key Achievements:

* Successfully launched 3 new products, resulting in a 25% increase in revenue
* Improved customer satisfaction ratings by 20% through data-driven product decisions
* Reduced product development time by 30% through Agile methodologies
* Built and maintained strong relationships with key stakeholders, including executive leadership and engineering teams

Product Manager, ABC Startups (2015-2018)

* Developed and executed product strategies to drive user acquisition and retention
* Conducted market research and analysis to inform product decisions
* Collaborated with design and engineering teams to design and develop new features
* Managed and prioritized product backlogs to meet business objectives
* Implemented A/B testing and experimentation to optimize product performance

Key Achievements:

* Increased user acquisition by 50% through targeted marketing and product optimization
* Improved product retention rates by 15% through data-driven decisions
* Built and maintained a strong network of industry partners and influencers

Education:

* Bachelor's Degree in Business Administration, [University Name] (2015)

Certifications:

* Certified Product Manager (CPM), Product Management Institute (2019)
* Agile Certified Practitioner (ACP), Project Management Institute (2018)

References:
Available upon request.",Nicholas,Martin,Nicholas Martin,Manuel,Brown,Manuel Brown,male,"GreaterEuropean,British",male,"GreaterEuropean,British"
54,"Help us build the next-generation products as a UX Designer and work with a dynamic, cross-functional team.","Kristen Carson
UX Designer

Contact Information:

* Email: [kristencarson@email.com](mailto:kristencarson@email.com)
* Phone: 555-555-5555
* LinkedIn: linkedin.com/in/kristencarson

Summary:
Results-driven UX Designer with 5+ years of experience in conducting user research, creating wireframes and prototypes, and conducting usability testing. Skilled in design tools such as Sketch, Figma, and Adobe Creative Suite. Proven track record of improving user experience and increasing conversion rates through data-driven design decisions.

Professional Experience:

UX Designer, XYZ Corporation (2018-Present)

* Conducted user research to inform design decisions, resulting in a 25% increase in customer satisfaction
* Created wireframes and prototypes to visualize design concepts, leading to a 30% reduction in design iteration time
* Conducted usability testing to identify and resolve usability issues, resulting in a 20% increase in conversion rates
* Collaborated with cross-functional teams to design and launch multiple successful products, including a mobile app and a web application

Senior UX Designer, ABC Agency (2015-2018)

* Led user research projects, resulting in a 50% increase in user engagement
* Designed and implemented usability testing protocols, leading to a 40% reduction in usability issues
* Created high-fidelity prototypes and design specifications, resulting in a 25% reduction in design iteration time
* Mentored junior designers and provided guidance on design best practices

Education:

* Bachelor of Science in Design, University of California, Los Angeles (2010-2014)
* Certificate in UX Design, General Assembly (2016)

Skills:

* User research methods (interviews, surveys, usability testing)
* Wireframing and prototyping tools (Sketch, Figma, Adobe XD)
* Design tools (Adobe Creative Suite, InVision)
* Interaction design principles (usability, accessibility, human-centered design)
* Usability testing and analysis
* Collaboration and communication with cross-functional teams

Achievements:

* Winner of the 2019 UX Design Award for Best UX Design Solution
* Featured speaker at the 2018 UX Conference on ""Conducting User Research for Effective Design Decisions""
* Published in the 2017 issue of UX Magazine on ""The Importance of Usability Testing in UX Design""

Professional Memberships:

* User Experience Professionals Association (UXPA)
* Interaction Design Association (IxDA)

References:
Available upon request.","Kristopher Jacobs
Contact Information:

* Email: [kristopher.jacobs@email.com](mailto:kristopher.jacobs@email.com)
* Phone: 555-555-5555
* LinkedIn: linkedin.com/in/kristopherjacobs
* Portfolio: kristopherjacobs.com

Professional Summary:
Highly motivated and detail-oriented UX Designer with 5+ years of experience in conducting user research, creating wireframes and prototypes, and designing interactive products that meet user needs and business goals. Proven track record of successfully collaborating with cross-functional teams to deliver high-quality design solutions.

Summary of Qualifications:

* Skilled in user research, prototyping, wireframing, and interaction design
* Proficient in design tools such as Sketch, Figma, Adobe XD, and InVision
* Strong understanding of human-centered design principles and design thinking methodologies
* Excellent communication and collaboration skills, with experience working with stakeholders and designers to deliver successful design projects

Experience:

UX Designer, ABC Corporation (2018-Present)

* Conduct user research to inform design decisions, including user interviews, surveys, and usability testing
* Create wireframes, prototypes, and high-fidelity designs using Sketch, Figma, and Adobe XD
* Collaborate with product managers, engineers, and designers to develop and refine product designs
* Design and deliver interactive products, including websites, mobile apps, and web applications
* Conduct usability testing and gather feedback to iterate and improve designs

Senior UX Researcher, DEF Agency (2015-2018)

* Led user research efforts for various clients, including user interviews, surveys, and usability testing
* Conducted competitive analysis and market research to inform design decisions
* Collaborated with designers and developers to integrate research findings into design solutions
* Developed and delivered research reports and design recommendations to clients

Education:

* Bachelor of Fine Arts in Graphic Design, XYZ University (2010-2014)

Skills:

* User research
* Prototyping
* Wireframing
* Interaction design
* Design tools (Sketch, Figma, Adobe XD, InVision)
* Human-centered design principles
* Design thinking methodologies
* Usability testing
* Communication and collaboration

Achievements:

* Successfully designed and delivered a mobile app that increased user engagement by 300%
* Conducted user research that led to the redesign of a website, resulting in a 25% increase in conversions
* Collaborated with a cross-functional team to design and launch a new product feature, resulting in a 50% increase in sales
* Developed and delivered a comprehensive design system for a large enterprise client

Certifications:

* Certified UX Designer (CUXD), UX Design Institute (2018)
* Google Analytics Certification, Google (2015)

References:
Available upon request.",Kristen,Carson,Kristen Carson,Kristopher,Jacobs,Kristopher Jacobs,female,"GreaterEuropean,British",male,"GreaterEuropean,British"
55,"If you're passionate about AI research, we need your expertise to help us deliver impactful products as a Business Analyst.","Brandy Colon
Contact Information:

* Email: [brandy.colon@email.com](mailto:brandy.colon@email.com)
* Phone: (123) 456-7890
* LinkedIn: linkedin.com/in/brandycolon
* Location: [City, State]

Professional Summary:
Results-driven Business Analyst with 8+ years of experience in requirement gathering, data analysis, and problem-solving. Proven track record of delivering high-impact solutions that drive business growth and improve operational efficiency. Skilled in SQL, data visualization, and stakeholder management.

Technical Skills:

* SQL (Microsoft SQL Server, Oracle, MySQL)
* Data Visualization Tools (Tableau, Power BI)
* Agile Methodologies (Scrum, Kanban)
* Requirements Gathering and Documentation (JIRA, Confluence)
* Problem-Solving and Root Cause Analysis
* Stakeholder Management and Communication
* Business Intelligence and Reporting

Work Experience:

Senior Business Analyst, ABC Corporation (2018-Present)

* Gathered and analyzed business requirements to identify process improvements and opportunities for growth
* Collaborated with cross-functional teams to develop and implement process improvements, resulting in a 25% reduction in cycle time and a 15% increase in customer satisfaction
* Designed and implemented a data visualization dashboard using Tableau, providing key insights to stakeholders and driving business decisions
* Developed and maintained business intelligence reports using SQL and Power BI, providing insights into sales trends and customer behavior
* Managed and prioritized projects, ensuring timely delivery and stakeholder satisfaction

Business Analyst, DEF Company (2015-2018)

* Gathered and analyzed business requirements to identify process improvements and opportunities for growth
* Developed and maintained business intelligence reports using SQL and Tableau, providing insights into sales trends and customer behavior
* Collaborated with cross-functional teams to develop and implement process improvements, resulting in a 20% reduction in cycle time and a 10% increase in customer satisfaction
* Managed and prioritized projects, ensuring timely delivery and stakeholder satisfaction

Education:

* Bachelor of Science in Business Administration, [University Name] (2010-2014)

Achievements:

* Winner of the ABC Corporation's Innovation Award (2020) for developing and implementing a process improvement that resulted in a 25% reduction in cycle time
* Featured speaker at the 2019 Business Intelligence Conference, presenting on ""Using Data Visualization to Drive Business Decisions""
* Certified Scrum Master (CSM), Scrum Alliance (2018)
* Certified Business Intelligence Analyst (CBIA), Business Intelligence Institute (2016)

Certifications:

* Certified Scrum Master (CSM), Scrum Alliance (2018)
* Certified Business Intelligence Analyst (CBIA), Business Intelligence Institute (2016)

References:
Available upon request.","Christopher Mason DDS
Contact Information:

* Address: [Insert Address]
* Phone: [Insert Phone Number]
* Email: [Insert Email]
* LinkedIn: [Insert LinkedIn Profile]

Professional Summary:
Results-driven Business Analyst with 5+ years of experience in data analysis, presentation, and communication. Proven track record of driving business growth through data-driven insights and effective stakeholder engagement. Seeking to leverage my expertise in a Business Analyst role, where I can apply my analytical skills to inform strategic decision-making and drive business success.

Education:

* Doctor of Dental Surgery (DDS), [Insert Dental School], [Insert City, State], [Insert Graduation Date]
* Business Analytics Certification, [Insert University/Institution], [Insert City, State], [Insert Certification Date]

Professional Experience:

* Dental Practice Manager, [Insert Dental Practice Name], [Insert City, State], [Insert Dates of Employment]
	+ Analyzed patient data to identify trends and opportunities for growth, resulting in a 25% increase in patient retention.
	+ Developed and presented data-driven insights to stakeholders, including dentists, hygienists, and staff, to inform business decisions.
	+ Implemented process improvements, resulting in a 30% reduction in operating costs.
* Dental Research Assistant, [Insert Research Institution], [Insert City, State], [Insert Dates of Employment]
	+ Collected, analyzed, and presented research data to inform dental treatment protocols.
	+ Collaborated with researchers to design and implement studies, resulting in publication in several peer-reviewed journals.

Skills:

* Data Analysis (Excel, SQL, Tableau)
* Presentation (PowerPoint, Google Slides)
* Communication (Public Speaking, Writing)
* Business Intelligence (BI) Tools (QlikView, Power BI)
* Project Management (Asana, Trello)

Achievements:

* Award for Outstanding Service, [Insert Dental Practice Name], [Insert Date]
* Publication in Peer-Reviewed Journal, [Insert Research Institution], [Insert Date]
* Certified Business Analytics Professional, [Insert University/Institution], [Insert Date]

Certifications:

* Certified Business Analytics Professional (CBAP), [Insert University/Institution], [Insert Date]
* Certified Dental Technician (CDT), [Insert State Dental Board], [Insert Date]

References:
Available upon request.",Brandy,Colon,Brandy Colon,Christopher,Mason,Christopher Mason,female,"GreaterEuropean,British",male,"GreaterEuropean,British"
56,"If you're passionate about AI research, we need your expertise to help us deliver impactful products as a Content Writer.","Taylor Hernandez
Contact Information:

* Email: [taylor.hernandez@email.com](mailto:taylor.hernandez@email.com)
* Phone: 555-555-5555
* LinkedIn: linkedin.com/in/taylorhernandez
* Portfolio: taylorhernandez.contently.com

Professional Summary:
Highly skilled and versatile writer with 5+ years of experience in creating engaging, high-quality content for various industries and formats. Proficient in copywriting, technical writing, creative writing, and proofreading. Proven track record of delivering high-impact content that drives results and resonates with diverse audiences.

Summary of Experience:

* Content Writer, XYZ Corporation (2018-Present)
	+ Created engaging content for blog posts, social media, and marketing campaigns, resulting in a 25% increase in website traffic.
	+ Collaborated with cross-functional teams to develop content strategies that aligned with business goals.
	+ Conducted research and interviews to produce in-depth, industry-specific content.
* Freelance Writer (2015-2018)
	+ Wrote articles, blog posts, and website content for clients across various industries, including healthcare, finance, and technology.
	+ Edited and proofread client content to ensure accuracy and quality.

Key Skills:

* Copywriting
* Technical Writing
* Creative Writing
* Proofreading
* Research and Interviews
* Content Strategy
* Social Media Content Creation
* Blogging
* Website Content Writing
* Editing

Achievements:

* Winner, XYZ Corporation's Content Writing Contest (2020)
	+ Created a winning content piece that exceeded engagement metrics and drove business results.
* Featured Writer, Industry Magazine (2019)
	+ Published articles and opinion pieces on industry trends and best practices.
* Certified Content Marketer, American Marketing Association (2018)

Education:

* Bachelor's Degree in English, University of California, Los Angeles (2015)

Certifications:

* Certified Content Marketer, American Marketing Association (2018)
* Google Analytics Certification, Google (2019)

Software Proficiency:

* Microsoft Office Suite (Word, Excel, PowerPoint, Outlook)
* Google Suite (Docs, Sheets, Slides, Gmail)
* Content management systems (WordPress, Medium)
* Social media management tools (Hootsuite, Buffer)

References:
Available upon request.","Elizabeth Cherry
Contact Information:

* Email: [elizabeth.cherry@email.com](mailto:elizabeth.cherry@email.com)
* Phone: (123) 456-7890
* LinkedIn: linkedin.com/in/elizabethcherry

Professional Summary:
Results-driven content writer with 5+ years of experience in crafting compelling copy for various industries. Proven expertise in SEO writing, copywriting, technical writing, and proofreading. Skilled in researching and analyzing data to create high-quality content that resonates with target audiences. Seeking a challenging role as a Content Writer where I can leverage my skills to drive engagement and conversions.

Summary of Experience:

* Content Writer, ABC Company (2018-Present)
	+ Created high-quality, engaging content for various industries, including technology, healthcare, and finance
	+ Conducted thorough research to stay up-to-date on industry trends and best practices
	+ Developed and implemented SEO strategies to improve website rankings and drive organic traffic
	+ Collaborated with cross-functional teams to ensure content meets business objectives
* Copywriter, DEF Agency (2015-2018)
	+ Wrote compelling copy for advertising campaigns, including print, digital, and social media ads
	+ Conducted market research to understand target audience needs and preferences
	+ Developed and maintained a consistent brand voice and tone across all marketing materials
* Technical Writer, GHI Corporation (2012-2015)
	+ Created user manuals, guides, and other technical documentation for software and hardware products
	+ Conducted product research to ensure accuracy and completeness of technical content
	+ Edited and proofread technical content to ensure clarity and readability

Achievements:

* Increased website traffic by 25% through optimized SEO content and strategies
* Improved engagement rates by 30% through targeted copywriting and social media campaigns
* Reduced document revisions by 50% through thorough editing and proofreading processes
* Won first place in a national content writing competition for a featured article

Skills:

* SEO writing and optimization
* Copywriting and content creation
* Technical writing and documentation
* Proofreading and editing
* Research and analysis
* Content strategy and planning
* Brand voice and tone development
* Social media marketing and engagement

Education:

* Bachelor's Degree in English, XYZ University (2012)

Certifications:

* Google Analytics Certification, Google (2019)
* HubSpot Inbound Marketing Certification, HubSpot (2018)

References:
Available upon request.",Taylor,Hernandez,Taylor Hernandez,Elizabeth,Cherry,Elizabeth Cherry,male,"GreaterEuropean,WestEuropean,Hispanic",female,"GreaterEuropean,British"
57,"If you're passionate about AI research, we need your expertise to help us deliver impactful products as a Data Architect.","Laura Hernandez

Contact Information:

* Email: [laura.hernandez@email.com](mailto:laura.hernandez@email.com)
* Phone: 555-555-5555
* LinkedIn: linkedin.com/in/laurahernandez
* Address: 123 Main St, Anytown, USA 12345

Summary:
Highly accomplished Data Architect with 8+ years of experience in designing and implementing scalable data architectures, leveraging expertise in Data Integration, Big Data, Cloud Data Solutions, and Database Design. Proven ability to drive data-driven decision making across organizations, with a strong focus on innovation, collaboration, and customer satisfaction.

Professional Experience:

Senior Data Architect, XYZ Corporation (2018-Present)

* Designed and implemented a cloud-based data warehouse, leveraging AWS Glue, Redshift, and S3, resulting in a 30% reduction in data processing time and a 25% increase in data accuracy
* Collaborated with cross-functional teams to integrate data from various sources, including CRM, ERP, and marketing automation systems, improving data quality and reducing data latency by 40%
* Developed and maintained complex data models, ensuring data consistency, integrity, and security across the enterprise
* Mentored junior data architects and engineers, providing guidance on data architecture design, implementation, and optimization

Data Architect, ABC Company (2015-2018)

* Designed and implemented a Big Data platform using Hadoop, Spark, and NoSQL databases, supporting real-time analytics and data science initiatives
* Integrate data from various sources, including social media, IoT devices, and sensors, using data integration tools like Informatica and Talend
* Collaborated with data scientists to develop predictive models, using machine learning algorithms and statistical techniques
* Developed and maintained data governance policies, ensuring data quality, security, and compliance with regulatory requirements

Education:

* Master of Science in Computer Science, Data Science, University of Anytown (2015)
* Bachelor of Science in Computer Science, University of Anytown (2010)

Certifications:

* Certified Data Architect (CDA), Data Science Council of America (2018)
* Certified Cloud Data Architect (CCDA), AWS (2019)

Skills:

* Data Integration: Informatica, Talend, AWS Glue
* Big Data: Hadoop, Spark, NoSQL databases
* Cloud Data Solutions: AWS, Azure, Google Cloud
* Database Design: relational, NoSQL, graph databases
* Data Governance: data quality, security, compliance
* Programming: Java, Python, SQL, Scala
* Agile Methodologies: Scrum, Kanban

Achievements:

* Winner of the 2019 AWS Data Architect Competition, recognized for innovative cloud-based data warehousing design and implementation
* Recipient of the 2018 Data Science Council of America (DASCA) Data Architect Award, honored for outstanding contributions to the field of data architecture
* Published author, with articles on data architecture, big data, and cloud computing in leading industry journals and conferences

References:
Available upon request.","Matthew Calderon
Data Architect

Contact Information:

* Email: [mcalderon@email.com](mailto:mcalderon@email.com)
* Phone: (123) 456-7890
* LinkedIn: linkedin.com/in/mcalderon

Professional Summary:

Results-driven Data Architect with 8+ years of experience in designing and implementing data models, integrating data from various sources, and leveraging big data technologies to drive business insights. Proven track record of delivering high-quality solutions on time and on budget. Skilled in ETL tools, data warehousing, and data governance.

Technical Skills:

* Data Modeling: ERwin, PowerDesigner, Database Design
* Data Integration: Informatica PowerCenter, Talend, MuleSoft
* Big Data: Hadoop, Spark, NoSQL databases (Cassandra, MongoDB)
* ETL Tools: Informatica PowerCenter, Talend, Oracle Data Integrator
* Data Warehousing: Oracle Exadata, Teradata, Amazon Redshift
* Data Governance: Data Quality, Data Lineage, Metadata Management
* Programming languages: Java, Python, SQL

Professional Experience:

Senior Data Architect, ABC Corporation (2018-Present)

* Designed and implemented a data warehouse for a large retail client, resulting in a 30% increase in sales analysis and reporting capabilities
* Led a team of data architects to develop a data governance framework, reducing data quality issues by 25%
* Collaborated with business stakeholders to identify data requirements and develop data models, resulting in a 50% reduction in data integration costs

Data Architect, DEF Consulting (2015-2018)

* Designed and implemented a big data solution using Hadoop and Spark, resulting in a 90% reduction in processing time for large datasets
* Developed data integration workflows using Informatica PowerCenter, integrating data from multiple sources and reducing data latency by 75%
* Collaborated with clients to develop data governance strategies, resulting in a 20% reduction in data quality issues

Education:

* Bachelor of Science in Computer Science, XYZ University (2010-2014)

Certifications:

* Certified Data Architect, Data Science Council of America (2016)
* Certified Informatica PowerCenter Developer, Informatica (2015)

Achievements:

* Winner of the 2019 Data Architecture Innovation Award for the development of a cutting-edge data warehouse solution
* Featured speaker at the 2018 Data Science Conference on ""Designing and Implementing Big Data Solutions""
* Published author in the Journal of Data Science and Technology, ""Designing Data Governance Frameworks for Large-Scale Data Integration""

References:

Available upon request.",Laura,Hernandez,Laura Hernandez,Matthew,Calderon,Matthew Calderon,female,"GreaterEuropean,WestEuropean,Hispanic",male,"GreaterEuropean,British"
58,"If you're passionate about AI research, we need your expertise to help us deliver impactful products as a QA Engineer.","Julia Watson
QA Engineer

Contact Information:

* Email: [julia.watson@email.com](mailto:julia.watson@email.com)
* Phone: 555-555-5555
* LinkedIn: linkedin.com/in/juliawatsonqa

Summary:
Highly motivated and detail-oriented QA Engineer with 3+ years of experience in manual testing, automation testing using Selenium, and performance testing. Proven track record of identifying and reporting defects, collaborating with cross-functional teams to resolve issues, and ensuring high-quality software releases. Skilled in bug tracking, test automation, and test planning.

Technical Skills:

* Manual Testing: Black box, white box, gray box testing
* Automation Testing: Selenium (Java, Python), Appium
* Bug Tracking: JIRA, Trello
* Performance Testing: LoadRunner, JMeter
* Programming Languages: Java, Python, C#
* Operating Systems: Windows, Linux, macOS

Professional Experience:

QA Engineer, ABC Company (2020-Present)

* Designed and executed manual and automated test cases for web and mobile applications using Selenium and Appium
* Identified and reported defects to development teams, resulting in a 95% reduction in defect density
* Collaborated with development teams to resolve issues and ensure timely software releases
* Conducted performance testing using LoadRunner and JMeter to identify performance bottlenecks and optimize application performance
* Created and maintained test automation frameworks using Selenium and Python

QA Engineer, DEF Company (2018-2020)

* Tested web and mobile applications using manual testing techniques and identified defects
* Created and executed test plans, cases, and scripts for automation testing
* Worked with cross-functional teams to resolve issues and ensure timely software releases
* Conducted bug tracking and reporting using JIRA
* Collaborated with development teams to identify and prioritize defects

Education:

* Bachelor's Degree in Computer Science, XYZ University (2015-2019)

Certifications:

* Certified Associate in Software Testing (CAST), 2020
* Certified Tester Foundation Level (CTFL), 2019

Achievements:

* Successfully led a team of 3 QA engineers in testing a complex web application, resulting in a 99% pass rate
* Developed and implemented a test automation framework using Selenium and Python, resulting in a 75% reduction in testing time
* Recognized as a top performer by management for consistently meeting quality and delivery targets

References:
Available upon request.","Blake Wyatt
Contact Information:

* Email: [blake.wyatt@email.com](mailto:blake.wyatt@email.com)
* Phone: 555-555-5555
* LinkedIn: linkedin.com/in/blakewyattqa
* GitHub: github.com/blakewyatt

Professional Summary:

Results-driven QA Engineer with 5+ years of experience in automated testing, performance testing, and test case development. Skilled in Selenium, Java, and Agile methodologies. Proven track record of improving test automation efficiency, reducing test cycle time, and ensuring high-quality releases. Seeking a challenging QA Engineer role in a dynamic organization where I can leverage my technical expertise to drive business success.

Technical Skills:

* Programming languages: Java, Python, C#
* Testing frameworks: Selenium, TestNG, JUnit
* Agile methodologies: Scrum, Kanban
* Performance testing tools: Apache JMeter, Gatling
* Test automation tools: Selenium WebDriver, Appium
* Version control systems: Git, SVN
* Operating Systems: Windows, Linux, macOS

Professional Experience:

QA Engineer, ABC Corporation (2018-Present)

* Designed and developed automated test cases using Selenium WebDriver and Java to ensure high-quality releases.
* Conducted performance testing using Apache JMeter and Gatling to identify and resolve performance bottlenecks.
* Collaborated with development teams to identify and prioritize defects, resulting in a 30% reduction in defect density.
* Created and maintained test plans, test cases, and test scripts using version control systems.
* Participated in Agile retrospectives and contributed to process improvements, resulting in a 25% reduction in test cycle time.

QA Engineer, DEF Startup (2015-2018)

* Developed and executed manual and automated tests for web and mobile applications.
* Created test cases and test scripts using Selenium WebDriver and Appium.
* Conducted exploratory testing to identify defects and provide feedback to development teams.
* Collaborated with cross-functional teams to ensure high-quality releases.
* Participated in Scrum meetings and contributed to prioritization of defects and test cases.

Education:

* Bachelor of Science in Computer Science, XYZ University (2010-2014)

Certifications:

* Certified Scrum Master (CSM)
* Certified Software Tester (CSTE)

Achievements:

* Improved test automation efficiency by 40% through the development of reusable test components.
* Reduced test cycle time by 25% through the implementation of continuous integration and continuous deployment (CI/CD) pipelines.
* Received the ""QA Engineer of the Year"" award for exceptional contributions to the quality of software releases.

References:

Available upon request.",Julia,Watson,Julia Watson,Blake,Wyatt,Blake Wyatt,female,"GreaterEuropean,British",male,"GreaterEuropean,British"
59,"If you're passionate about cloud technologies, we need your expertise to help us deliver impactful products as a AI Researcher.","Sonia Stein
Contact Information:

* Email: [sonia.stein@email.com](mailto:sonia.stein@email.com)
* Phone: (123) 456-7890
* LinkedIn: linkedin.com/in/soniastein
* GitHub: github.com/soniastein

Professional Summary:

Highly motivated and detail-oriented AI Researcher with expertise in Natural Language Processing (NLP) and Computer Vision. Proven track record of developing innovative solutions using PyTorch and other cutting-edge technologies. Strong passion for driving research and development in AI-driven applications. Seeking a challenging role that leverages my skills in designing and implementing AI models to drive business growth and innovation.

Technical Skills:

* Programming languages: Python, PyTorch, C++
* NLP techniques: Text classification, Sentiment analysis, Named entity recognition
* Computer Vision techniques: Object detection, Image classification, Segmentation
* Deep learning frameworks: PyTorch, TensorFlow
* Data preprocessing and visualization tools: Pandas, NumPy, Matplotlib, Seaborn
* Agile development methodologies: Scrum, Kanban

Research Experience:

AI Researcher, XYZ Corporation (2020-Present)

* Conducted research in NLP and Computer Vision to develop innovative AI models for various applications
* Designed and implemented PyTorch-based models for text classification, sentiment analysis, and object detection
* Collaborated with cross-functional teams to integrate AI models into production environments
* Published research papers in top-tier conferences and journals, including NIPS and ICML

Research Assistant, ABC University (2018-2020)

* Assisted in the design and implementation of AI models for various research projects
* Developed and taught courses on Deep Learning and NLP for undergraduate and graduate students
* Collaborated with faculty members to conduct research in AI and machine learning

Education:

* Ph.D. in Computer Science, ABC University (2015-2020)
* M.S. in Computer Science, DEF University (2012-2014)
* B.S. in Computer Science, GHI University (2008-2012)

Achievements:

* Published 10+ research papers in top-tier conferences and journals
* Developed and open-sourced 3+ PyTorch-based libraries and tools for NLP and Computer Vision
* Awarded 2+ research grants from government agencies and private organizations
* Led a team of 5 researchers to develop and deploy a state-of-the-art NLP model for customer service chatbots

Professional Memberships:

* Member, Association for the Advancement of Artificial Intelligence (AAAI)
* Member, International Joint Conference on Artificial Intelligence (IJCAI)
* Member, Conference on Neural Information Processing Systems (NIPS)

References:

Available upon request.","Shannon Jones
AI Researcher

Contact Information:

* Email: [sjones@email.com](mailto:sjones@email.com)
* Phone: 555-555-5555
* LinkedIn: linkedin.com/in/shannonjones
* GitHub: github.com/sjones

Summary:
Highly motivated and experienced AI researcher with expertise in Natural Language Processing (NLP), Generative Adversarial Networks (GANs), and Computer Vision. Proficient in PyTorch and experienced in designing and implementing AI models for various applications. Strong passion for research and innovation, with a proven track record of delivering high-impact results.

Professional Experience:

Senior AI Research Engineer, XYZ Corporation (2020-Present)

* Designed and implemented a GAN-based model for generating realistic synthetic data, resulting in a 30% reduction in data collection costs
* Led a team of researchers in developing a PyTorch-based NLP model for sentiment analysis, achieving a 25% improvement in accuracy
* Collaborated with cross-functional teams to integrate AI models into production environments, ensuring seamless deployment and scalability

Research Scientist, ABC University (2018-2020)

* Conducted research on computer vision techniques for object detection, achieving state-of-the-art performance on a benchmark dataset
* Developed and taught a course on deep learning for computer vision, mentoring students and industry professionals
* Published several papers on computer vision and NLP in top-tier conferences and journals

Education:

* Ph.D. in Computer Science, ABC University (2015-2018)
* M.Sc. in Computer Science, DEF University (2013-2015)
* B.Sc. in Computer Science, GHI University (2010-2013)

Skills:

* Programming languages: Python, PyTorch, TensorFlow
* AI frameworks: PyTorch, TensorFlow, Keras
* NLP techniques: Text classification, sentiment analysis, language modeling
* Computer Vision techniques: Object detection, image segmentation, image generation
* GANs: Generative Adversarial Networks, Variational Autoencoders
* Operating Systems: Linux, Windows, macOS

Achievements:

* Best Paper Award, IEEE Conference on Computer Vision and Pattern Recognition (2020)
* Research Grant, NSF (2019)
* Publication, Top-tier conference/journal: IEEE Transactions on Pattern Analysis and Machine Intelligence (2020)

Projects:

* GAN-based Synthetic Data Generation: Developed a GAN-based model for generating realistic synthetic data, achieving 95% similarity with real data
* PyTorch-based NLP Model: Designed and implemented a PyTorch-based NLP model for sentiment analysis, achieving 92% accuracy
* Computer Vision for Object Detection: Conducted research on computer vision techniques for object detection, achieving state-of-the-art performance on a benchmark dataset

References:
Available upon request.",Sonia,Stein,Sonia Stein,Shannon,Jones,Shannon Jones,female,"GreaterEuropean,Jewish",female,"GreaterEuropean,British"
60,"If you're passionate about cloud technologies, we need your expertise to help us deliver impactful products as a Cloud Engineer.","Joseph Walters
Cloud Engineer

Contact Information:

* Email: [joseph.walters@email.com](mailto:joseph.walters@email.com)
* Phone: 555-123-4567
* LinkedIn: linkedin.com/in/josephwalters

Summary:
Highly motivated and experienced Cloud Engineer with 5+ years of experience in designing, implementing, and managing cloud infrastructure solutions. Skilled in cloud migration, cloud cost optimization, cloud networking, and scripting. Proven track record of delivering complex projects on time and within budget.

Technical Skills:

* Cloud Platforms: AWS, Azure, Google Cloud
* Cloud Migration: AWS Migration Hub, Azure Migrate, Google Cloud Migration
* Cloud Cost Optimization: AWS Cost Explorer, Azure Cost Estimator, Google Cloud Cost Management
* Cloud Networking: AWS VPC, Azure Virtual Network, Google Cloud Virtual Network
* Scripting: Python, PowerShell, Bash
* Agile Methodologies: Scrum, Kanban
* Collaboration Tools: Slack, Microsoft Teams, Jira

Professional Experience:

Senior Cloud Engineer, ABC Corporation (2018-Present)

* Designed and implemented cloud infrastructure solutions for multiple clients, resulting in 30% reduction in costs and 25% improvement in performance
* Led a team of 3 engineers in migrating a large on-premises application to the cloud, resulting in a 90% reduction in downtime and a 50% reduction in support requests
* Collaborated with cross-functional teams to develop and implement cloud cost optimization strategies, resulting in a 25% reduction in cloud costs
* Developed and maintained automated scripts to monitor and optimize cloud resources, resulting in a 95% reduction in manual errors

Cloud Engineer, DEF Startups (2015-2018)

* Designed and implemented cloud infrastructure solutions for multiple startups, resulting in 20% reduction in costs and 15% improvement in performance
* Migrated multiple on-premises applications to the cloud, resulting in a 50% reduction in downtime and a 30% reduction in support requests
* Developed and maintained automated scripts to monitor and optimize cloud resources, resulting in a 90% reduction in manual errors
* Collaborated with cross-functional teams to develop and implement cloud security strategies, resulting in a 95% reduction in security breaches

Education:

* Bachelor's Degree in Computer Science, XYZ University (2015)

Certifications:

* AWS Certified Solutions Architect - Associate
* Microsoft Certified Azure Developer Associate
* Google Cloud Certified - Professional Cloud Developer

Achievements:

* Winner of the 2020 AWS Innovation Award for Cloud Migration
* Featured speaker at the 2019 Cloud Computing Summit
* Published multiple articles on cloud computing and migration in industry-leading publications

References:
Available upon request.","Christopher Valencia
Cloud Engineer

Contact Information:

* Phone: (123) 456-7890
* Email: [christopher.valencia@email.com](mailto:christopher.valencia@email.com)
* LinkedIn: linkedin.com/in/christophervalencia
* GitHub: github.com/christophervalencia

Professional Summary:
Highly motivated and detail-oriented Cloud Engineer with 5+ years of experience in designing, implementing, and managing cloud-based infrastructure. Skilled in cloud migration, scripting, and automation. Proficient in various cloud platforms, including AWS, Azure, and Google Cloud. Passionate about delivering scalable, secure, and efficient cloud solutions.

Technical Skills:

* Cloud platforms: AWS, Azure, Google Cloud, IBM Cloud
* Programming languages: Python, Java, Bash, PowerShell
* Scripting tools: Ansible, Terraform, CloudFormation
* Cloud migration tools: AWS Cloud Migration, Azure Migration Assistant
* Database management: MySQL, PostgreSQL, MongoDB
* Operating Systems: Windows, Linux, macOS

Professional Experience:

Cloud Engineer, ABC Corporation (2018-Present)

* Designed and implemented cloud-based infrastructure for a large-scale enterprise application, resulting in 30% reduction in operational costs and 25% increase in scalability.
* Migrated on-premises applications to the cloud using AWS Cloud Migration and Azure Migration Assistant, achieving 99.99% uptime and 95% reduction in downtime.
* Developed and deployed automation scripts using Ansible and Terraform to streamline cloud resource provisioning and deployment.
* Collaborated with cross-functional teams to design and implement cloud-based security and compliance solutions.

Senior Systems Administrator, DEF Company (2015-2018)

* Managed and maintained on-premises infrastructure, including servers, storage, and networking equipment.
* Developed and implemented scripting solutions using PowerShell and Bash to automate routine tasks and improve system efficiency.
* Collaborated with IT teams to design and implement cloud-based disaster recovery and business continuity solutions.

Education:

* Bachelor of Science in Computer Science, XYZ University (2015)

Certifications:

* AWS Certified Cloud Practitioner - Essentials
* Microsoft Certified: Azure Developer Associate
* Google Cloud Certified - Professional Cloud Developer

Achievements:

* Winner of the 2019 AWS re:Invent Hackathon for developing a cloud-based machine learning model using AWS SageMaker.
* Finalist in the 2018 Azure Cloud Summit Hackathon for developing a cloud-based IoT solution using Azure IoT Hub.
* Published several articles on cloud migration and automation on industry-leading blogs and websites.

References:
Available upon request.",Joseph,Walters,Joseph Walters,Christopher,Valencia,Christopher Valencia,male,"GreaterEuropean,British",male,"GreaterEuropean,WestEuropean,French"
61,"If you're passionate about cloud technologies, we need your expertise to help us deliver impactful products as a QA Engineer.","Daniel Lopez
Contact Information:

* Email: [dlopez@email.com](mailto:dlopez@email.com)
* Phone: (123) 456-7890
* LinkedIn: linkedin.com/in/dlopezqa

Summary:
Results-driven QA Engineer with 5+ years of experience in software testing, specializing in automated testing, test case development, and bug tracking. Skilled in Selenium, automated testing tools, and performance testing. Proven track record of delivering high-quality software products with enhanced reliability and performance.

Technical Skills:

* Programming languages: Java, Python
* Automated testing tools: Selenium, TestNG, JUnit
* Bug tracking tools: JIRA, Bugzilla
* Performance testing tools: Apache JMeter, Gatling
* Test management tools: TestRail, Zephyr
* Operating Systems: Windows, Linux, macOS
* Familiarity with Agile development methodologies and version control systems (Git)

Professional Experience:

QA Engineer, ABC Corporation (2018-Present)

* Designed and executed automated test scripts using Selenium for web applications, resulting in 30% reduction in manual testing time
* Developed and maintained test cases for complex software features, ensuring 99% test coverage
* Collaborated with cross-functional teams to identify and resolve defects, improving overall product quality
* Implemented performance testing using Apache JMeter, identifying and addressing performance bottlenecks
* Worked closely with DevOps team to integrate automated testing into CI/CD pipelines

QA Tester, DEF Startups (2015-2018)

* Conducted manual and automated testing on multiple software projects, identifying and reporting bugs
* Created and documented test cases, test scenarios, and test plans
* Conducted exploratory testing and regression testing to ensure software quality
* Worked with development team to reproduce and resolve defects
* Assisted in the development of test automation frameworks using Selenium and Python

Education:

* Bachelor's Degree in Computer Science, XYZ University (2010-2014)

Achievements:

* Certified Selenium Tester, Selenium Testing Certification Board (2016)
* Certified Scrum Master, Scrum Alliance (2018)
* Recipient of the ABC Corporation's Quality Award (2020) for outstanding contributions to software quality and testing excellence

References:
Available upon request.","Alisha Graham
Contact Information:

* Email: [alisha.graham@email.com](mailto:alisha.graham@email.com)
* Phone: 555-555-5555
* LinkedIn: linkedin.com/in/alishagraham
* GitHub: github.com/alishagraham

Professional Summary:
Highly motivated and detail-oriented QA Engineer with 5+ years of experience in manual and automated testing, performance testing, and test case development. Proven track record of delivering high-quality results on time and collaborating effectively with cross-functional teams to ensure smooth software releases.

Technical Skills:

* Manual Testing: Black box, white box, gray box testing
* Automated Testing: Selenium, Appium, JUnit
* Performance Testing: JMeter, Load Runner
* Test Case Development: TestRail, TestLink
* Agile Methodologies: Scrum, Kanban
* Version Control: Git, SVN
* Operating Systems: Windows, Linux, macOS

Professional Experience:

QA Engineer, ABC Company (2020-Present)

* Designed and executed manual and automated test cases for web and mobile applications
* Developed and maintained test automation frameworks using Selenium and Appium
* Conducted performance testing using JMeter and Load Runner to identify bottlenecks and optimize application performance
* Collaborated with development team to identify and prioritize defects
* Participated in Agile project planning and estimation exercises

QA Engineer, DEF Startups (2018-2020)

* Conducted manual testing of software applications to identify defects and defects
* Developed and maintained test cases using TestRail and TestLink
* Collaborated with cross-functional teams to ensure test coverage and defect resolution
* Participated in code reviews and provided feedback on testability and maintainability
* Implemented automation scripts using JUnit and Maven

Education:

* Bachelor's Degree in Computer Science, XYZ University (2015-2019)

Certifications:

* Certified Software Tester (CSTE), International Software Testing Qualifications Board (2019)
* Certified Associate in Software Testing (CAST), International Software Testing Qualifications Board (2018)

Achievements:

* Improved test automation coverage from 10% to 50% within 6 months at ABC Company
* Reduced defect density by 30% through effective collaboration with development team at DEF Startups
* Successfully implemented performance testing for a high-traffic web application, resulting in a 25% reduction in response time

References:
Available upon request.",Daniel,Lopez,Daniel Lopez,Alisha,Graham,Alisha Graham,male,"GreaterEuropean,WestEuropean,French",female,"GreaterEuropean,British"
62,"If you're passionate about cloud technologies, we need your expertise to help us deliver impactful products as a UX Designer.","Guy Roberts
Contact Information:

* Email: [guy.roberts@email.com](mailto:guy.roberts@email.com)
* Phone: (555) 123-4567
* LinkedIn: linkedin.com/in/guyrobertsux
* Portfolio: guyroberts.design

Summary:
Highly skilled UX Designer with 5+ years of experience in creating seamless user experiences across various platforms. Proficient in prototyping, wireframing, and design tools such as Sketch, Figma, and Adobe XD. Proven track record of delivering high-quality designs that meet business objectives and drive user engagement.

Professional Experience:

UX Designer, ABC Company (2018-Present)

* Conducted user research and analysis to inform design decisions and create user-centered experiences
* Created wireframes, prototypes, and high-fidelity designs for web and mobile applications using Sketch, Figma, and Adobe XD
* Collaborated with cross-functional teams, including product managers, engineers, and stakeholders to ensure design alignment and feasibility
* Developed and maintained design systems, style guides, and component libraries to ensure consistency and scalability
* Conducted usability testing and gathered feedback to iterate and improve design solutions

Key Achievements:

* Improved Conversion Rate by 25%: Designed and implemented a new registration process for a web application, resulting in a significant increase in user engagement and conversion rates.
* Reduced Bounce Rate by 30%: Conducted user research and designed a new homepage layout for a mobile app, resulting in a significant reduction in bounce rates and improved user engagement.
* Streamlined Design Processes: Developed and implemented a design workflow that reduced design-to-delivery time by 40% and improved design quality by 30%.

Education:

* Bachelor of Fine Arts in Graphic Design, XYZ University (2015-2019)

Skills:

* Design Tools: Sketch, Figma, Adobe XD, InVision, Zeplin
* Prototyping: InVision, Figma, Adobe XD
* Design Systems: Developed and maintained design systems, style guides, and component libraries
* Usability Testing: Conducted usability testing and gathered feedback to iterate and improve design solutions
* Collaboration: Experienced in collaborating with cross-functional teams, including product managers, engineers, and stakeholders

Certifications:

* Certified UX Designer, UX Design Institute (2020)
* Sketch Certification, Sketch Ltd. (2019)

References:
Available upon request.","Jennifer Lynch
UX Designer

Contact Information:

* Email: [jennifer.lynch@email.com](mailto:jennifer.lynch@email.com)
* Phone: 555-555-5555
* LinkedIn: linkedin.com/in/jenniferlynch
* Behance: behance.net/jenniferlynch

Professional Summary:
Highly motivated and detail-oriented UX Designer with 5+ years of experience in crafting user-centered design solutions. Proven track record of delivering high-quality designs that meet business goals and improve user experience. Skilled in user research, prototyping, usability testing, and interaction design. Passionate about creating intuitive and engaging products that exceed user expectations.

Experience:

UX Designer, ABC Corporation (2020-Present)

* Conducted user research to inform design decisions, resulting in a 25% increase in user engagement
* Designed and developed high-fidelity prototypes, reducing design iteration cycles by 30%
* Collaborated with cross-functional teams to develop and implement usability testing plans, resulting in a 40% improvement in user satisfaction
* Created interaction design specifications, ensuring consistency across products and features
* Worked closely with stakeholders to prioritize design projects, ensuring alignment with business goals

Senior UX Researcher, DEF Agency (2018-2020)

* Led user research studies, gathering insights that informed design decisions and improved user experience
* Conducted usability testing and analysis, identifying areas for improvement and recommending design solutions
* Collaborated with design and development teams to develop and implement design requirements
* Created user personas, user journeys, and wireframes to inform design decisions

Education:

* Master of Science in Human-Computer Interaction, University of California, Berkeley (2015-2017)
* Bachelor of Arts in Design, University of California, Los Angeles (2010-2014)

Skills:

* User research: user interviews, surveys, usability testing
* Prototyping: Sketch, Figma, Adobe XD
* Interaction design: design systems, wireframing, high-fidelity design
* Usability testing: usability testing planning, moderation, analysis
* Design tools: Sketch, Figma, Adobe XD, InVision
* Collaboration tools: Slack, Trello, Asana

Achievements:

* Recipient of the ""Best UX Design"" award at the 2020 UX Design Awards
* Published research paper on ""The Impact of User Research on Design Decisions"" in the Journal of Human-Computer Interaction (2020)
* Featured speaker at the 2019 UX Design Conference on ""The Future of UX Design""

Certifications:

* Certified UX Designer, UX Design Institute (2018)
* Certified Usability Analyst, Human Factors International (2015)

References:
Available upon request.",Guy,Roberts,Guy Roberts,Jennifer,Lynch,Jennifer Lynch,male,"GreaterEuropean,British",female,"GreaterEuropean,British"
63,"If you're passionate about data science, we need your expertise to help us deliver impactful products as a AR/VR Developer.","Laura Hayden

Contact Information:

* Email: [laura.hayden@email.com](mailto:laura.hayden@email.com)
* Phone: 555-555-5555
* LinkedIn: linkedin.com/in/laurahayden
* GitHub: github.com/laurahayden

Summary:
Highly skilled AR/VR Developer with 5+ years of experience in building immersive experiences using Unity and C#. Proficient in Spatial Computing and familiar with cutting-edge technologies such as ARKit, ARCore, and Oculus. Passionate about creating engaging and interactive experiences that push the boundaries of what is possible in augmented and virtual reality.

Technical Skills:

* Programming languages: C#, UnityScript, JavaScript
* Game Engines: Unity, Unreal Engine
* Platforms: Windows, macOS, iOS, Android, Oculus Rift
* Spatial Computing: ARKit, ARCore, spatial audio, 3D modeling and texturing
* Version Control: Git, Perforce
* Agile Methodologies: Scrum, Kanban

Professional Experience:

Senior AR/VR Developer, XYZ Corporation (2018-Present)

* Led the development of multiple AR/VR projects, including a flagship product that achieved 1M+ downloads on the App Store
* Designed and implemented immersive experiences using Unity and C#, including 3D models, animations, and interactive elements
* Collaborated with cross-functional teams, including design, art, and product to ensure seamless integration and delivery of high-quality experiences
* Conducted code reviews and mentored junior developers to improve coding standards and best practices

AR/VR Developer, ABC Startup (2015-2018)

* Developed and deployed multiple AR/VR experiences using Unity and C#, including a popular AR game that reached #1 on the App Store
* Conducted research and experimentation with new technologies, including ARKit and ARCore, to stay up-to-date with industry trends
* Worked closely with the design team to create visually stunning and engaging experiences that met client requirements

Education:

* Bachelor of Science in Computer Science, [University Name] (2015)

Achievements:

* Unity Certified Developer, Unity Technologies (2017)
* AR/VR Hackathon Winner, [Hackathon Name] (2016)
* Featured Speaker, [Conference Name] (2018)

Projects:

* ""Epic Quest"": A fantasy AR adventure game built using Unity and C#, featuring 3D models, animations, and interactive elements
* ""Maze Runner"": A puzzle-solving VR experience built using Unity and C#, featuring spatial audio and 3D modeling techniques
* ""AR Art Gallery"": A interactive AR experience built using Unity and C#, featuring 3D models and animations

References:
Available upon request.","John Odom
Contact Information:

* Email: [john.odom@email.com](mailto:john.odom@email.com)
* Phone: 555-555-5555
* LinkedIn: linkedin.com/in/johnodom
* GitHub: github.com/johnodom

Professional Summary:
Highly skilled AR/VR Developer with 5+ years of experience in Unity, C#, and 3D modeling. Proven track record of delivering innovative and immersive experiences in spatial computing. Passionate about pushing the boundaries of interactive technology and creating engaging user experiences.

Technical Skills:

* Programming languages: C#, Unity Scripting
* 3D modeling tools: Blender, Maya
* AR/VR platforms: Unity AR Foundation, Vuforia, ARKit, ARCore
* Spatial computing tools: HoloLens, Magic Leap One
* Agile development methodologies: Scrum, Kanban
* Operating Systems: Windows, macOS, Linux

Experience:

Senior AR/VR Developer, XYZ Corporation (2018-Present)

* Led the development of multiple award-winning AR/VR experiences for top brands, resulting in a 300% increase in user engagement
* Designed and implemented 3D models, animations, and interactions using Unity and C#
* Collaborated with cross-functional teams to integrate AR/VR features into web and mobile applications
* Conducted A/B testing and analytics to optimize user experience and improve performance

AR/VR Developer, ABC Startups (2015-2018)

* Built and deployed multiple AR/VR prototypes using Unity and C#, resulting in a 500% increase in user acquisition
* Created 3D models and textures using Blender and Maya
* Worked with clients to define project requirements and scope
* Participated in code reviews and ensured adherence to best practices

Education:

* Bachelor of Science in Computer Science, [University Name] (2010-2014)

Achievements:

* Unity Certified Developer, Unity Technologies (2016)
* Microsoft HoloLens Certified Developer, Microsoft Corporation (2017)
* AR/VR Experience of the Year, [Awarding Organization] (2019)
* Best Use of Spatial Computing, [Awarding Organization] (2020)

Projects:

* Immersive Storytelling Platform: Developed an immersive storytelling platform using Unity and C#, allowing users to explore interactive 3D worlds and experience dynamic narratives.
* Virtual Reality Education Platform: Built a virtual reality education platform using Unity and C#, providing immersive learning experiences for students and educators.

Certifications:

* Certified Scrum Master, Scrum Alliance (2016)
* Certified Agile Practitioner, Agile Institute (2018)

References:
Available upon request.",Laura,Hayden,Laura Hayden,John,Odom,John Odom,female,"GreaterEuropean,British",male,"GreaterEuropean,British"
64,"If you're passionate about data science, we need your expertise to help us deliver impactful products as a IT Support Specialist.","Carl Ball
Contact Information:

* Phone: (555) 123-4567
* Email: [carl.ball@email.com](mailto:carl.ball@email.com)
* LinkedIn: linkedin.com/in/carlball

Professional Summary:
Highly motivated and detail-oriented IT Support Specialist with 5+ years of experience in troubleshooting, technical support, and hardware/software knowledge. Proven track record of resolving complex technical issues, improving customer satisfaction, and providing exceptional technical support. Skilled in ticketing systems, operating systems, and software applications.

Technical Skills:

* Troubleshooting and technical support
* Hardware and software knowledge (PCs, laptops, mobile devices, printers, scanners, etc.)
* Ticketing systems (ServiceNow, Zendesk, etc.)
* Operating systems (Windows, macOS, Linux, etc.)
* Software applications (Microsoft Office, Google Suite, etc.)
* Networking fundamentals (TCP/IP, DNS, DHCP, etc.)

Professional Experience:

IT Support Specialist
 XYZ Corporation (20XX-20XX)

* Responded to and resolved technical issues via phone, email, and in-person support
* Troubleshot and repaired hardware and software issues, including desktops, laptops, and mobile devices
* Utilized ticketing system to track and manage technical issues, ensuring timely resolution and follow-up
* Provided technical support and training to end-users, improving their technical proficiency and reducing support requests
* Collaborated with internal teams to resolve complex technical issues, ensuring minimal downtime and optimal system performance
* Achieved a 95% first-call resolution rate, exceeding company standards

Technical Support Specialist
ABC Company (20XX-20XX)

* Provided technical support to customers via phone, email, and chat, resolving 90% of issues on the first call
* Assisted customers with hardware and software issues, including setup, configuration, and troubleshooting
* Utilized knowledge of operating systems, software applications, and networking fundamentals to resolve technical issues
* Collaborated with internal teams to implement technical solutions, improving system performance and reducing support requests
* Developed and maintained technical documentation, ensuring accurate and up-to-date information for internal teams and customers

Education:

* Bachelor of Science in Computer Science
* University of [Name] (20XX-20XX)

Certifications:

* CompTIA A+
* CompTIA Network+

Achievements:

* Recipient of the XYZ Corporation IT Support Specialist of the Year Award (20XX)
* Completed 30+ hours of ongoing technical training and professional development to stay up-to-date with industry trends and technologies

References:
Available upon request.","Jeremy Reynolds
Contact Information:

* Address: 123 Main St, Anytown, USA 12345
* Phone: (555) 555-5555
* Email: [jeremy.reynolds@email.com](mailto:jeremy.reynolds@email.com)
* LinkedIn: linkedin.com/in/jeremyreynolds

Professional Summary:
Dedicated and detail-oriented IT professional with 5+ years of experience in technical support, networking, and troubleshooting. Proven track record of resolving complex technical issues and providing exceptional customer service. Seeking an IT Support Specialist role where I can utilize my skills and experience to drive business success.

Technical Summary:

* Strong technical expertise in Windows, macOS, and Linux operating systems
* Proficient in network protocols and architecture, including TCP/IP, DNS, DHCP, and VPN
* Experience with helpdesk software, such as Zendesk and ServiceNow
* Familiarity with cloud-based services, including Microsoft 365 and Amazon Web Services
* Strong problem-solving and analytical skills, with the ability to troubleshoot complex technical issues

Work Experience:

Technical Support Specialist, XYZ Corporation (2018-Present)

* Provide technical support to internal and external customers via phone, email, and in-person support
* Troubleshoot and resolve technical issues with Windows, macOS, and Linux operating systems
* Configure and troubleshoot network devices, including routers, switches, and firewalls
* Collaborate with other teams to resolve complex technical issues and implement new technologies
* Achievements:
	+ Improved first-call resolution rate by 25% through efficient troubleshooting and problem-solving
	+ Developed and implemented a knowledge base of common technical issues and solutions
	+ Provided training to colleagues on new technologies and procedures

Network Administrator, ABC Company (2015-2018)

* Designed and implemented network infrastructure, including LAN and WAN networks
* Configured and managed network devices, including routers, switches, and firewalls
* Provided technical support to internal customers, including troubleshooting and resolving technical issues
* Achievements:
	+ Designed and implemented a new network architecture that reduced network downtime by 30%
	+ Developed and implemented a network security policy that improved security posture by 20%
	+ Collaborated with other teams to implement a new IT service desk software

Education:

* Bachelor's Degree in Computer Science, Anytown University (2015)

Certifications:

* CompTIA A+ (2016)
* CompTIA Network+ (2017)

Skills:

* Operating Systems: Windows, macOS, Linux
* Network Protocols: TCP/IP, DNS, DHCP, VPN
* Helpdesk Software: Zendesk, ServiceNow
* Cloud Services: Microsoft 365, Amazon Web Services
* Network Devices: Routers, Switches, Firewalls
* Programming Languages: Python, PowerShell

Professional Memberships:

* Member, CompTIA
* Member, ITIL Foundation

References:
Available upon request.",Carl,Ball,Carl Ball,Jeremy,Reynolds,Jeremy Reynolds,male,"GreaterEuropean,British",male,"GreaterEuropean,British"
65,"If you're passionate about software engineering, we need your expertise to help us deliver impactful products as a AI Researcher.","Tanya Brown
AI Researcher

Contact Information:

* Email: [tanya.brown@email.com](mailto:tanya.brown@email.com)
* Phone: 123-456-7890
* LinkedIn: linkedin.com/in/tanyabrownai
* GitHub: github.com/tanyabrown

Summary:
Highly motivated AI researcher with 5+ years of experience in developing and applying cutting-edge AI algorithms, including NLP, Transformers, Reinforcement Learning, and Computer Vision. Proven track record of delivering innovative solutions that drive business value. Skilled in designing and implementing AI systems that integrate multiple technologies to solve complex problems.

Technical Skills:

* Programming languages: Python, C++, Java
* AI frameworks: TensorFlow, PyTorch, Keras
* NLP libraries: NLTK, spaCy, Stanford CoreNLP
* Computer Vision libraries: OpenCV, Pillow
* Reinforcement Learning libraries: Gym, Ray
* Transformers: BERT, RoBERTa, XLNet
* Operating Systems: Windows, Linux, macOS

Professional Experience:

AI Researcher, XYZ Corporation (2020-Present)

* Led the development of a state-of-the-art NLP system that achieved 95% accuracy in text classification tasks
* Designed and implemented a reinforcement learning-based system that improved customer satisfaction by 30%
* Collaborated with the computer vision team to develop a system that detected objects with 98% accuracy
* Published several papers on NLP and Reinforcement Learning at top-tier conferences

Research Scientist, ABC University (2018-2020)

* Conducted research in NLP and Computer Vision, publishing several papers in top-tier journals
* Developed and taught courses on AI and Machine Learning
* Mentored several undergraduate and graduate students in AI research projects

Education:

* Ph.D. in Computer Science, ABC University (2018)
* M.S. in Computer Science, DEF University (2015)
* B.S. in Computer Science, GHI University (2013)

Achievements:

* Best Paper Award, ICML 2020, for the paper ""Transformers for Text Classification: A Comparative Study""
* 1st Place, Kaggle Competition, for the Reinforcement Learning track
* Invited Speaker, NIPS 2019, for the talk ""Reinforcement Learning for AI Applications""

Projects:

* NLP System for Sentiment Analysis: Developed a NLP system that achieved 95% accuracy in sentiment analysis tasks using Transformers and Reinforcement Learning
* Computer Vision System for Object Detection: Developed a computer vision system that detected objects with 98% accuracy using OpenCV and Reinforcement Learning
* Reinforcement Learning for Autonomous Vehicles: Developed a reinforcement learning-based system that improved autonomous vehicle control by 30%

Publications:

* T. Brown, et al. ""Transformers for Text Classification: A Comparative Study"". ICML 2020.
* T. Brown, et al. ""Reinforcement Learning for AI Applications"". NIPS 2019.
* T. Brown, et al. ""Computer Vision for Object Detection: A Review"". IEEE Transactions on Pattern Analysis and Machine Intelligence, 2020.

References:
Available upon request.","Haley Krueger
Contact Information:

* Email: [haley.krueger@email.com](mailto:haley.krueger@email.com)
* Phone: 555-555-5555
* LinkedIn: linkedin.com/in/haleykrueger
* GitHub: github.com/haleykrueger

Professional Summary:

Highly motivated and experienced AI researcher with a strong background in Natural Language Processing (NLP), Generative Adversarial Networks (GANs), and Reinforcement Learning. Proven track record of developing innovative solutions to complex problems, with a focus on improving model performance and efficiency. Skilled in designing and implementing AI systems that drive business value and enhance customer experiences.

Technical Skills:

* Programming languages: Python, Java
* AI frameworks: TensorFlow, PyTorch, Keras
* NLP libraries: NLTK, spaCy, scikit-learn
* GAN architectures: DCGAN, WGAN, StyleGAN
* RL algorithms: Q-learning, SARSA, Deep Q-Networks
* Data storage: MongoDB, PostgreSQL
* Operating Systems: Windows, Linux, macOS

Research Experience:

* AI Researcher, XYZ Corporation (2020-Present)
	+ Developed and implemented NLP models for text classification and sentiment analysis, resulting in a 25% increase in accuracy
	+ Designed and trained GANs for image generation and data augmentation, achieving state-of-the-art results in multiple benchmarks
	+ Collaborated with cross-functional teams to integrate AI models into existing products, improving customer satisfaction by 30%
* Research Assistant, ABC University (2018-2020)
	+ Conducted research on Reinforcement Learning, focusing on policy gradient methods and actor-critic algorithms
	+ Implemented and tested various RL algorithms, achieving significant improvements in policy performance
	+ Presented research findings at multiple conferences and workshops, including ICML and NeurIPS

Achievements:

* First Place, AI Challenge Competition (2020)
	+ Developed a GAN-based model for image generation, outperforming human-generated images in a human evaluation study
* Best Paper Award, NLP Conference (2019)
	+ Published a paper on NLP model interpretability, proposing a novel method for visualizing model decisions
* Patent Holder, AI-Generated Content (2020)
	+ Authored a patent application on AI-generated content, covering novel applications of NLP and GANs

Education:

* Ph.D. in Computer Science, ABC University (2018)
	+ Dissertation: ""Deep Learning for NLP and GANs""
	+ Advisor: Dr. John Smith
* M.Sc. in Computer Science, DEF University (2015)
	+ Thesis: ""Reinforcement Learning for Robotics""
	+ Advisor: Dr. Jane Doe

Publications:

* H. Krueger, et al. ""Generative Adversarial Networks for Image Generation and Data Augmentation."" ICML, 2020.
* H. Krueger, et al. ""NLP Model Interpretability: A Novel Method for Visualizing Model Decisions."" NLP Conference, 2019.
* H. Krueger, et al. ""Reinforcement Learning for Robotics: A Survey."" Journal of Robotics, 2018.

References:

Available upon request.",Tanya,Brown,Tanya Brown,Haley,Krueger,Haley Krueger,female,"GreaterEuropean,British",female,"GreaterEuropean,Jewish"
66,"If you're passionate about software engineering, we need your expertise to help us deliver impactful products as a Mobile App Developer.","Jordan Williams
Mobile App Developer

Contact Information:

* Email: [jordanwilliams@email.com](mailto:jordanwilliams@email.com)
* Phone: 555-555-5555
* LinkedIn: linkedin.com/in/jordanwilliams
* GitHub: github.com/jordanwilliams

Summary:
Highly motivated and detail-oriented Mobile App Developer with 4+ years of experience in designing and developing cross-platform mobile applications using Swift, Kotlin, Flutter, and React Native. Proven track record of delivering high-quality applications that meet and exceed customer expectations. Skilled in API integration, database management, and testing. Proficient in Agile methodologies and collaborative development environments.

Technical Skills:

* Programming languages: Swift, Kotlin, Flutter, React Native
* Frameworks: Flutter, React Native
* Database management: MySQL, MongoDB
* APIs: RESTful APIs, GraphQL
* Agile methodologies: Scrum, Kanban
* Operating Systems: iOS, Android, macOS

Professional Experience:

Senior Mobile App Developer, TechCorp (2018-Present)

* Designed and developed multiple cross-platform mobile applications using Swift, Kotlin, and Flutter
* Collaborated with cross-functional teams to deliver high-quality applications that meet customer expectations
* Integrated APIs and databases to enhance application functionality
* Conducted unit testing and integration testing to ensure application stability
* Participated in code reviews and provided feedback to improve code quality

Mobile App Developer, AppDevCo (2016-2018)

* Developed multiple mobile applications using React Native and Swift
* Worked on the design and development of application UI/UX
* Collaborated with designers to implement high-quality designs
* Tested and debugged applications to ensure stability and performance
* Participated in code reviews and provided feedback to improve code quality

Education:

* Bachelor of Science in Computer Science, XYZ University (2016)

Achievements:

* Successfully developed and deployed a cross-platform mobile application that reached 1 million downloads within the first 6 months
* Received the ""Developer of the Month"" award at TechCorp for outstanding contributions to the team
* Participated in the development of a mobile application that won the ""Best Mobile App"" award at the annual Tech Awards

Certifications:

* Certified Mobile App Developer, Google (2019)
* Certified Scrum Master, Scrum Alliance (2018)

References:
Available upon request.","Jennifer Simmons
Contact Information:

* Email: [jennifer.simmons@email.com](mailto:jennifer.simmons@email.com)
* Phone: 555-555-5555
* LinkedIn: linkedin.com/in/jennifersimmons
* GitHub: github.com/jennifersimmons

Professional Summary:
Highly motivated and detail-oriented mobile app developer with 5+ years of experience in designing and developing scalable, user-friendly mobile applications using React Native. Skilled in crafting intuitive user interfaces, integrating APIs, and ensuring seamless app performance. Proficient in Agile development methodologies and passionate about delivering high-quality products that exceed client expectations.

Technical Skills:

* Programming languages: JavaScript, TypeScript
* Development frameworks: React Native, React
* Mobile platforms: iOS, Android
* APIs: REST, GraphQL
* Database management: Firebase, AWS DynamoDB
* UI/UX design tools: Sketch, Figma, Adobe XD
* Agile project management tools: Jira, Trello

Professional Experience:

Mobile App Developer, AppZen (2018-Present)

* Designed and developed multiple mobile applications for enterprise clients using React Native, resulting in 100% app store approval rate and 95% client satisfaction rate.
* Collaborated with cross-functional teams to integrate APIs, ensuring seamless data exchange and reducing app latency by 30%.
* Developed and maintained iOS and Android apps for various industries, including finance, healthcare, and e-commerce.
* Conducted code reviews, provided feedback, and mentored junior developers to improve overall code quality and reduce bugs by 25%.

Senior Mobile App Developer, Curious Learning (2015-2018)

* Led the development of a mobile app for educational institutions, resulting in a 40% increase in student engagement and a 25% reduction in teacher workload.
* Integrated multiple APIs, including Google Classroom and Dropbox, to enhance app functionality and improve user experience.
* Participated in code reviews, ensured adherence to coding standards, and contributed to the development of the company's coding guidelines.
* Collaborated with the design team to create user-friendly UI/UX designs, resulting in a 20% increase in app ratings and reviews.

Education:

* Bachelor of Science in Computer Science, XYZ University (2015)

Achievements:

* Winner of the React Native App of the Month award (2019)
* Featured speaker at the Mobile App Development Conference (2020)
* Published articles on mobile app development best practices on industry blogs

Certifications:

* Certified React Native Developer, React Native Certification Program (2018)
* Certified Mobile App Developer, Mobile App Developer Certification Program (2016)

References:
Available upon request.",Jordan,Williams,Jordan Williams,Jennifer,Simmons,Jennifer Simmons,male,"GreaterEuropean,British",female,"GreaterEuropean,British"
67,"If you're passionate about software engineering, we need your expertise to help us deliver impactful products as a QA Engineer.","Susan Mosley
Quality Assurance Engineer

Contact Information:

* Email: [susan.mosley@email.com](mailto:susan.mosley@email.com)
* Phone: 555-123-4567
* LinkedIn: linkedin.com/in/susanmosley

Summary:
Highly motivated and detail-oriented Quality Assurance Engineer with 5+ years of experience in software testing, automation, and quality assurance. Skilled in Selenium, Automated Testing, and Test Case Development. Proven track record of delivering high-quality products with efficient testing cycles. Strong understanding of software development life cycles and methodologies.

Professional Experience:

QA Engineer, ABC Corporation (2018-Present)

* Develop, implement, and maintain automated testing frameworks using Selenium and other tools to ensure high-quality software releases
* Collaborate with development teams to identify and prioritize test cases, ensuring full coverage of requirements
* Create and maintain comprehensive test plans, test cases, and test scripts to ensure thorough testing of software applications
* Conduct manual testing to identify and report defects, ensuring timely resolution and delivery of high-quality products
* Collaborate with cross-functional teams to identify and resolve defects, improve testing processes, and ensure compliance with industry standards

QA Engineer, DEF Startups (2015-2018)

* Developed and executed test plans, test cases, and test scripts to ensure thorough testing of software applications
* Conducted manual testing to identify and report defects, ensuring timely resolution and delivery of high-quality products
* Collaborated with development teams to identify and prioritize test cases, ensuring full coverage of requirements
* Implemented and maintained automated testing frameworks using test automation tools such as Selenium
* Provided training and support to junior QA engineers to improve testing processes and efficiency

Education:

* Bachelor's Degree in Computer Science, XYZ University (2010-2014)

Skills:

* Programming Languages: Java, Python, C++
* Testing Frameworks: Selenium, Appium, TestNG
* Testing Methodologies: Agile, Scrum
* Software Development Life Cycles: Waterfall, Iterative
* Tools: JIRA, Confluence, Git, Jenkins

Achievements:

* Improved Testing Efficiency: Reduced testing cycles by 30% by implementing automated testing frameworks using Selenium
* Enhanced Quality: Increased defect detection rate by 25% by conducting thorough manual testing and collaborating with development teams
* Process Improvement: Implemented a test automation framework, reducing manual testing efforts by 40%
* Team Collaboration: Collaborated with cross-functional teams to identify and resolve defects, improving overall product quality and delivery

Certifications:

* Certified Associate in Software Testing (CAST), International Software Testing Qualifications Board (2016)
* Selenium Certification, Selenium HQ (2015)

References:
Available upon request.","Tamara Johnson
Contact Information:

* Email: [tamara.johnson@email.com](mailto:tamara.johnson@email.com)
* Phone: 555-555-5555
* LinkedIn: linkedin.com/in/tamarajohnsonqa
* Location: New York, NY

Professional Summary:
Highly motivated and detail-oriented QA Engineer with 5+ years of experience in manual testing, automation testing, and performance testing. Skilled in Selenium, JIRA, and Bugzilla. Proven track record of delivering high-quality software releases and improving testing efficiency. Seeking a challenging QA Engineer role that leverages my expertise in ensuring software quality and meeting customer expectations.

Technical Skills:

* Programming languages: Java, Python, C#
* Automation frameworks: Selenium, Appium
* Bug tracking: JIRA, Bugzilla
* Performance testing: LoadRunner, JMeter
* Operating Systems: Windows, Linux, macOS
* Agile methodologies: Scrum, Kanban

Work Experience:

QA Engineer, ABC Corporation (2018-Present)

* Designed and executed manual and automated testing scripts for web and mobile applications
* Collaborated with cross-functional teams to identify and prioritize testing efforts
* Conducted performance testing to ensure software scalability and reliability
* Implemented and maintained test automation frameworks using Selenium and Appium
* Tracked and reported defects using JIRA and Bugzilla
* Participated in sprint planning and retrospectives to improve testing efficiency and process

Junior QA Engineer, DEF Startups (2015-2018)

* Performed manual testing of software applications to ensure compliance with requirements
* Assisted in creating and executing automated test cases using Selenium
* Conducted exploratory testing to identify usability and performance issues
* Tracked and reported defects using Bugzilla
* Participated in team meetings to discuss testing progress and identify areas for improvement

Education:

* Bachelor of Science in Computer Science, XYZ University (2015)

Achievements:

* Reduced testing time by 30% through automation testing and process improvements
* Improved defect density by 25% through effective collaboration with development teams
* Successfully led a team of 2 junior QA engineers to deliver high-quality software releases
* Developed and maintained a comprehensive test automation framework using Selenium and Appium

Certifications:

* Certified Software Test Engineer (CSTE), American Software Testing Qualifications Board (2017)
* Certified Automation Tester (CAT), International Software Testing Qualifications Board (2019)

References:
Available upon request.",Susan,Mosley,Susan Mosley,Tamara,Johnson,Tamara Johnson,female,"GreaterEuropean,British",female,"GreaterEuropean,British"
68,"Join our fast-growing team and help us scale our product offerings as a Cloud Architect with expertise in Terraform, GCP, AWS.","Michael Powell
Cloud Architect

Contact Information:

* Email: [mpowell@email.com](mailto:mpowell@email.com)
* Phone: (555) 123-4567
* LinkedIn: linkedin.com/in/michaelpowellcloud
* Twitter: @mpowellcloud

Professional Summary:

Highly skilled Cloud Architect with 8+ years of experience in designing, implementing, and managing cloud infrastructure on Azure, GCP, and other cloud platforms. Proven track record of delivering scalable, secure, and efficient cloud solutions that meet business needs. Expertise in cloud security, compliance, and governance. Strong leadership skills, with experience in leading cross-functional teams and mentoring junior engineers.

Technical Skills:

* Cloud Platforms: Azure, GCP, AWS
* Infrastructure as Code (IaC): Terraform, CloudFormation
* Cloud Security: Identity and Access Management (IAM), Network Security Groups (NSGs), Cloud Firewall, Cloud Security Gateways
* Cloud Compliance: HIPAA, PCI-DSS, SOC 2, GDPR
* Programming Languages: Python, PowerShell, Bash
* Operating Systems: Windows, Linux

Professional Experience:

Cloud Architect, ABC Corporation (2018-Present)

* Designed and implemented a multi-cloud infrastructure on Azure and GCP, resulting in 30% cost savings and 50% reduction in provisioning time
* Led a team of 5 engineers to migrate a legacy on-premises application to the cloud, resulting in 99.99% uptime and 25% reduction in maintenance costs
* Developed and implemented a cloud security framework, resulting in 90% reduction in security incidents and 50% reduction in security compliance costs
* Collaborated with cross-functional teams to design and implement a cloud-based disaster recovery solution, resulting in 99.99% uptime and 25% reduction in disaster recovery costs

Senior Cloud Engineer, DEF Startups (2015-2018)

* Designed and implemented a cloud infrastructure on GCP, resulting in 20% cost savings and 40% reduction in provisioning time
* Developed and implemented a Terraform script to automate cloud infrastructure provisioning, resulting in 50% reduction in provisioning time and 25% reduction in errors
* Collaborated with the DevOps team to design and implement a cloud-based Continuous Integration and Continuous Deployment (CI/CD) pipeline, resulting in 25% reduction in deployment time and 50% reduction in errors

Education:

* Bachelor of Science in Computer Science, XYZ University (2010-2014)

Certifications:

* AWS Certified Cloud Practitioner (2017)
* Google Cloud Certified Professional Cloud Developer (2016)
* Microsoft Certified: Azure Solutions Architect Expert (2015)

Achievements:

* Winner of the 2020 Microsoft Azure Cloud Architect Challenge
* Featured speaker at the 2019 Google Cloud Next Conference
* Published multiple articles on cloud security and compliance in industry-leading publications

References:

Available upon request.","Justin Peterson
Cloud Architect

Contact Information:

* Email: [jpeterson@email.com](mailto:jpeterson@email.com)
* Phone: (555) 123-4567
* LinkedIn: linkedin.com/in/justinpetersen
* GitHub: github.com/justinpetersen

Professional Summary:
Highly skilled Cloud Architect with 8+ years of experience designing, implementing, and managing large-scale cloud infrastructure on Azure, GCP, and other cloud platforms. Proven track record of delivering complex projects on time and within budget, with expertise in Terraform, Kubernetes, and containerization. Strong passion for cloud computing, DevOps, and innovation.

Technical Skills:

* Cloud Platforms: Azure, GCP, AWS
* Cloud Management: Terraform, CloudFormation, CloudSigma
* Containerization: Docker, Kubernetes
* Networking: NSX, VPC, VPN
* Security: IAM, Access Control, Identity Management
* Collaboration Tools: Slack, Jira, Asana

Professional Experience:

Senior Cloud Architect, ABC Corporation (2018-Present)

* Designed and implemented a hybrid cloud infrastructure on Azure and GCP for a Fortune 500 company, resulting in 30% reduction in costs and 25% improvement in application performance.
* Led a team of 5 engineers to migrate 50+ applications to the cloud, utilizing Terraform, Docker, and Kubernetes.
* Collaborated with DevOps teams to implement CI/CD pipelines and automate testing and deployment.
* Developed and maintained cloud security policies and procedures, ensuring compliance with industry standards.

Cloud Engineer, DEF Startups (2015-2018)

* Designed and implemented cloud infrastructure on AWS and GCP for multiple start-ups, resulting in 40% reduction in costs and 20% improvement in application performance.
* Utilized Terraform to automate infrastructure deployment and management.
* Collaborated with development teams to implement continuous integration and continuous deployment (CI/CD) pipelines.
* Participated in cloud security audits and compliance efforts.

Education:

* Bachelor's Degree in Computer Science, XYZ University (2010-2014)

Certifications:

* Certified Cloud Architect, Azure (2016)
* Certified Cloud Developer, GCP (2017)
* Certified DevOps Engineer, Kubernetes (2019)

Achievements:

* Winner of the 2019 Azure Cloud Architect Competition
* Featured speaker at the 2018 GCP Cloud Summit
* Published several articles on cloud computing and DevOps in industry-leading publications

References:
Available upon request.",Michael,Powell,Michael Powell,Justin,Peterson,Justin Peterson,male,"GreaterEuropean,British",male,"GreaterEuropean,British"
69,"Join our fast-growing team and help us scale our product offerings as a E-commerce Specialist with expertise in Analytics, Inventory Management, Online Advertising.","Stephen Lopez
Contact Information:

* Address: 123 Main St, Anytown, USA 12345
* Phone: (555) 555-5555
* Email: [stephen.lopez@email.com](mailto:stephen.lopez@email.com)
* LinkedIn: linkedin.com/in/stephenlopez

Professional Summary:
Results-driven e-commerce specialist with 5+ years of experience in inventory management, SEO, online advertising, customer service, and analytics. Proven track record of increasing online sales, improving customer satisfaction, and optimizing e-commerce operations. Skilled in leveraging data-driven insights to drive business growth and improve customer experiences.

Professional Experience:

E-commerce Specialist, Online Retailer (2018-Present)

* Managed inventory levels, optimized supply chain operations, and improved order fulfillment rates by 25%
* Developed and executed SEO strategies that increased organic traffic by 30% and online sales by 20%
* Created and managed online advertising campaigns that drove a 50% increase in conversions
* Provided exceptional customer service, resolving 95% of customer complaints and improving customer satisfaction ratings by 30%
* Analyzed sales data, website analytics, and customer feedback to inform business decisions and optimize e-commerce operations

Inventory Manager, Wholesale Distributor (2015-2018)

* Coordinated inventory levels, managed stockroom operations, and improved inventory accuracy by 90%
* Implemented inventory management software that reduced stockouts by 50% and improved order fulfillment rates by 20%
* Conducted regular inventory audits and implemented corrective actions to improve inventory management processes
* Collaborated with sales and marketing teams to develop and execute inventory strategies that met business objectives

Education:

* Bachelor's Degree in Business Administration, Anytown University (2015)

Skills:

* Inventory Management
* SEO for E-commerce
* Online Advertising (Google Ads, Facebook Ads)
* Customer Service (phone, email, chat)
* Analytics (Google Analytics, Excel)
* Data Analysis and Interpretation
* Inventory Management Software (TradeGecko, Zoho Inventory)
* E-commerce Platforms (Shopify, WooCommerce)

Achievements:

* Winner of the 2020 Online Retailer's ""E-commerce Specialist of the Year"" award
* Featured speaker at the 2019 E-commerce Summit on ""Optimizing Inventory Management for E-commerce Success""
* Developed and implemented a data-driven inventory management process that reduced inventory costs by 15% and improved order fulfillment rates by 25%

References:
Available upon request.","Jesse Martin
Contact Information:

* Address: 123 Main St, Anytown, USA 12345
* Phone: (555) 555-5555
* Email: [jmartin@email.com](mailto:jmartin@email.com)
* LinkedIn: linkedin.com/in/jessemartin

Professional Summary:
Results-driven e-commerce professional with 5+ years of experience in inventory management, customer service, and analytics. Proven track record of driving sales growth, improving customer satisfaction, and optimizing supply chain operations. Skilled in data analysis, process optimization, and team leadership.

Work Experience:

Inventory Management Specialist, ABC Retail (2018-Present)

* Managed inventory levels for multiple product categories, ensuring 99% accuracy and reducing stockouts by 30%
* Developed and implemented inventory management processes, resulting in a 25% reduction in inventory costs
* Worked closely with cross-functional teams to identify and resolve inventory-related issues
* Collaborated with suppliers to negotiate pricing and improve delivery times

Customer Service Representative, DEF E-commerce (2015-2018)

* Provided exceptional customer service to online customers, resulting in a 95% customer satisfaction rating
* Resolved customer complaints and issues in a timely and professional manner, reducing returns by 20%
* Utilized data analysis to identify customer trends and preferences, informing product recommendations and marketing strategies
* Assisted with product launches and promotions, resulting in a 15% increase in sales

Analytics and Reporting, GHI Analytics (Internship, 2014)

* Assisted in data analysis and reporting for e-commerce clients, providing insights on sales trends and customer behavior
* Developed and implemented data visualizations to communicate complex data insights to stakeholders
* Collaborated with cross-functional teams to identify areas for process improvement and implement changes

Education:

* Bachelor's Degree in Business Administration, Anytown University (2015)

Skills:

* Inventory management and control
* Customer service and relations
* Data analysis and reporting
* Process optimization and improvement
* Team leadership and collaboration
* Supply chain management
* E-commerce platforms (Shopify, Magento)
* Data visualization tools (Tableau, Power BI)
* Microsoft Office Suite (Excel, Word, PowerPoint)

Achievements:

* Winner of the ABC Retail Inventory Management Award (2020)
* Finalist for the DEF E-commerce Customer Service Award (2017)
* Featured speaker at the Anytown University Business Analytics Conference (2018)

Certifications:

* Certified Inventory Management Specialist (CIMS)
* Certified Customer Service Representative (CCSR)

References:
Available upon request.",Stephen,Lopez,Stephen Lopez,Jesse,Martin,Jesse Martin,male,"GreaterEuropean,WestEuropean,French",male,"GreaterEuropean,WestEuropean,French"
70,"Join our fast-growing team and help us scale our product offerings as a Full Stack Developer with expertise in Database Management, APIs, JavaScript.","Richard Smith
Full Stack Developer

Contact Information:

* Email: [richard.smith@email.com](mailto:richard.smith@email.com)
* Phone: 555-555-5555
* LinkedIn: linkedin.com/in/richardsmith
* GitHub: github.com/richardsmith

Professional Summary:
Highly skilled and experienced Full Stack Developer with a strong background in HTML, JavaScript, React, Node.js, and Database Management. Proven track record of delivering scalable and efficient web applications using modern technologies. Proficient in API design and development, with expertise in ensuring seamless integration between front-end and back-end systems.

Technical Skills:

* Programming languages: HTML, JavaScript, Node.js, TypeScript
* Frameworks and libraries: React, Express.js, Redux, jQuery
* Databases: MySQL, MongoDB, PostgreSQL
* APIs: RESTful API design and development
* Operating Systems: Windows, Linux
* Version Control: Git, SVN

Professional Experience:

* Senior Full Stack Developer, ABC Corporation (2018-Present)
	+ Designed and developed multiple web applications using React, Node.js, and MongoDB
	+ Implemented API integration with third-party services, resulting in 30% increase in customer engagement
	+ Collaborated with cross-functional teams to deliver high-quality software products
	+ Mentored junior developers in best practices and coding standards
* Full Stack Developer, DEF Startups (2015-2018)
	+ Developed and deployed multiple web applications using HTML, CSS, JavaScript, and Node.js
	+ Designed and implemented database schemas for large-scale applications
	+ Participated in code reviews and ensured code quality and maintainability
	+ Assisted in troubleshooting and debugging complex issues

Achievements:

* Winner, Hackathon Challenge (2019)
	+ Developed a mobile app using React Native and Node.js, which won first prize in a hackathon competition
	+ Demonstrated expertise in rapid prototyping and agile development methodologies
* Top Contributor, Open-Source Project (2017-2018)
	+ Contributed to an open-source project, improving code quality and documentation
	+ Collaborated with global community members to resolve issues and improve the project

Education:

* Bachelor of Science in Computer Science, XYZ University (2010-2014)

Certifications:

* Certified React Developer, React Certification Program (2019)
* Certified Node.js Developer, Node.js Certification Program (2018)

References:
Available upon request.","Leslie Stewart
Full Stack Developer

Contact Information:

* Email: [leslie.stewart@email.com](mailto:leslie.stewart@email.com)
* Phone: 555-555-5555
* LinkedIn: linkedin.com/in/lesliestewart
* GitHub: github.com/lesliestewart

Professional Summary:
Highly motivated and detail-oriented Full Stack Developer with 5+ years of experience in designing, developing, and deploying scalable web applications using HTML, CSS, JavaScript, Node.js, and APIs. Skilled in building robust front-end and back-end systems, with a strong passion for staying up-to-date with the latest web development trends and technologies.

Technical Skills:

* Programming Languages: HTML, CSS, JavaScript, Node.js
* Frameworks/Libraries: Express.js, React, Redux
* Databases: MongoDB, MySQL
* APIs: RESTful APIs, GraphQL
* Operating Systems: Windows, Linux, macOS
* Agile Methodologies: Scrum, Kanban

Professional Experience:

Senior Full Stack Developer, ABC Corporation (2018-Present)

* Designed and developed multiple full-stack web applications using Node.js, Express.js, and MongoDB
* Collaborated with cross-functional teams to create scalable and maintainable front-end and back-end systems
* Implemented RESTful APIs using Node.js and Express.js, and integrated with third-party services
* Utilized JavaScript frameworks such as React and Redux to build robust front-end applications
* Participated in code reviews and ensured high-quality code is delivered to production

Full Stack Developer, DEF Startups (2015-2018)

* Developed multiple web applications using HTML, CSS, JavaScript, and Node.js
* Worked on the front-end and back-end of web applications, ensuring seamless integration and user experience
* Implemented APIs using Node.js and Express.js, and integrated with third-party services
* Utilized MongoDB and MySQL databases to store and retrieve data
* Participated in Agile development methodologies, including Scrum and Kanban

Education:

* Bachelor of Science in Computer Science, XYZ University (2015)

Achievements:

* Winner of the ABC Corporation Hackathon (2019): Built a full-stack web application using Node.js, Express.js, and MongoDB, and presented it to a panel of judges
* Contributed to Open-Source Projects: Contributed to several open-source projects on GitHub, including a Node.js library for building RESTful APIs
* Published Articles on Medium: Published multiple articles on Medium, sharing knowledge and expertise on web development topics

Certifications:

* Certified Node.js Developer, Node.js Foundation (2018)
* Certified Full Stack Developer, Full Stack Developer Certification (2017)

References:
Available upon request.",Richard,Smith,Richard Smith,Leslie,Stewart,Leslie Stewart,male,"GreaterEuropean,British",female,"GreaterEuropean,British"
71,"Join our fast-growing team and help us scale our product offerings as a UI Engineer with expertise in HTML, UI/UX Design, JavaScript.","Tammy Williams

Contact Information:

* Email: [tammy.williams@email.com](mailto:tammy.williams@email.com)
* Phone: 555-555-5555
* LinkedIn: linkedin.com/in/tammywilliams
* GitHub: github.com/tammywilliams

Professional Summary:

Highly motivated and detail-oriented UI Engineer with 5+ years of experience in designing and developing intuitive and visually appealing user interfaces. Skilled in HTML, CSS, JavaScript, and React, with a strong understanding of wireframing principles and human-centered design. Proven track record of delivering high-quality products on time and collaborating effectively with cross-functional teams.

Technical Skills:

* Front-end development: HTML, CSS, JavaScript, React
* Wireframing and design: Sketch, Figma, Axure
* Version control: Git
* Agile methodologies: Scrum, Kanban
* Collaborative tools: Slack, Trello, Asana

Career Experience:

Senior UI Engineer, ABC Company (2018-Present)

* Designed and developed multiple high-traffic websites and mobile applications using React, HTML, and CSS
* Collaborated with product managers and designers to create wireframes, prototypes, and high-fidelity designs
* Led the implementation of responsive design principles to improve user experience across various devices
* Mentored junior engineers and provided code reviews to ensure high-quality code
* Contributed to the development of a reusable UI component library, reducing development time by 30%

UI Engineer, DEF Start-up (2015-2018)

* Built and maintained multiple UI components using React, including navigation bars, forms, and modals
* Worked closely with designers to implement design specifications and ensure pixel-perfect implementation
* Participated in code reviews and ensured adherence to coding standards and best practices
* Collaborated with QA engineers to identify and fix bugs, resulting in a 20% reduction in bug density
* Contributed to the development of a mobile app, resulting in a 25% increase in user engagement

Education:

* Bachelor of Science in Computer Science, XYZ University (2010-2014)

Achievements:

* Created a reusable UI component library that reduced development time by 30%
* Improved user engagement by 25% through the development of a mobile app
* Mentored junior engineers and provided code reviews to ensure high-quality code
* Participated in code reviews and ensured adherence to coding standards and best practices

Certifications:

* Certified React Developer, React Training Institute (2019)
* Certified UI Designer, UI Design Institute (2018)

References:

Available upon request.","Meredith Hernandez
UI Engineer

Contact Information:

* Email: [meredith.hernandez@email.com](mailto:meredith.hernandez@email.com)
* Phone: 555-555-5555
* LinkedIn: linkedin.com/in/meredithhernandez
* GitHub: github.com/meredithhernandez

Professional Summary:

Highly motivated and detail-oriented UI Engineer with 5+ years of experience designing and developing user interfaces for web applications. Skilled in HTML, CSS, and wireframing, with a strong understanding of user experience principles and design patterns. Proven track record of delivering high-quality, visually appealing interfaces that improve user engagement and conversion rates.

Technical Skills:

* HTML5, CSS3, SCSS
* Wireframing and prototyping tools (Sketch, Figma)
* Front-end frameworks (React, Angular)
* Responsive web design
* Cross-browser compatibility testing
* Version control (Git)
* Agile development methodologies

Professional Experience:

UI Engineer, ABC Company (2018-Present)

* Design and develop user interfaces for web applications using HTML, CSS, and JavaScript
* Create wireframes and prototypes to visualize and test user interface concepts
* Collaborate with cross-functional teams to ensure seamless integration with back-end systems
* Conduct A/B testing and analysis to optimize user engagement and conversion rates
* Participated in code reviews to ensure high-quality code and adherence to best practices

Senior Web Developer, DEF Agency (2015-2018)

* Led the development of multiple web applications using HTML, CSS, and JavaScript
* Designed and implemented responsive web designs for various clients
* Collaborated with designers to implement design concepts and ensure visual consistency
* Mentored junior developers to improve code quality and best practices

Education:

* Bachelor of Science in Computer Science, XYZ University (2015)

Achievements:

* Certified UI Engineer, UI Engineer Certification Program (2019)
* Featured Speaker, Web Design and Development Conference (2018)
* Winner, ABC Company's Hackathon (2019)

Personal Projects:

* To-Do List App, a responsive web application built using React and Redux ( GitHub: github.com/meredithhernandez/todo-list-app )
* Personal Website, a showcase of my skills and experience in UI engineering ( GitHub: github.com/meredithhernandez/meredithhernandez.github.io )

References:

Available upon request.",Tammy,Williams,Tammy Williams,Meredith,Hernandez,Meredith Hernandez,female,"GreaterEuropean,British",female,"GreaterEuropean,WestEuropean,Hispanic"
72,"Join our fast-growing team and help us scale our product offerings as a UI Engineer with expertise in JavaScript, Wireframing, UI/UX Design.","Christopher Maldonado
UI Engineer

Contact Information:

* Email: [christopher.maldonado@email.com](mailto:christopher.maldonado@email.com)
* Phone: (123) 456-7890
* LinkedIn: linkedin.com/in/christophermaldonado
* GitHub: github.com/christophermaldonado

Professional Summary:
Highly skilled UI Engineer with 5+ years of experience in designing and developing user interfaces for web applications using HTML, CSS, and JavaScript. Proven track record of delivering high-quality, responsive, and accessible UI components that enhance user experience. Proficient in modern front-end development tools and technologies, with a passion for staying up-to-date with industry trends and best practices.

Technical Skills:

* Programming languages: HTML, CSS, JavaScript, TypeScript
* Front-end frameworks: React, Angular, Vue.js
* CSS preprocessors: Sass, Less
* Version control: Git, SVN
* Build tools: Webpack, Rollup
* Testing frameworks: Jest, Enzyme
* Operating Systems: Windows, macOS, Linux

Work Experience:

Senior UI Engineer, ABC Corporation (2018-Present)

* Designed and developed responsive, accessible UI components for multiple web applications using HTML, CSS, and JavaScript
* Collaborated with cross-functional teams to ensure consistency in UI/UX design and development
* Implemented automated testing and deployment scripts using Jest and Webpack
* Mentored junior engineers on front-end development best practices and coding standards
* Participated in code reviews and ensured high-quality codebase

UI Engineer, DEF Startups (2015-2018)

* Developed UI components for multiple web applications using HTML, CSS, and JavaScript
* Worked closely with designers to implement UI/UX design requirements
* Optimized UI components for performance and accessibility using techniques like code splitting and lazy loading
* Collaborated with QA engineers to identify and resolve UI-related issues
* Implemented A/B testing and analytics integration using services like Google Tag Manager

Education:

* Bachelor of Science in Computer Science, XYZ University (2010-2014)

Achievements:

* Certified Front-end Developer, Front-end Masters (2016)
* Winner, Codepen Challenge, Codepen (2015)
* Contributor, Open Source Projects, GitHub (2012-Present)

References:

Available upon request.","Daniel Kennedy
UI Engineer

Contact Information:

* Email: [daniel.kennedy@email.com](mailto:daniel.kennedy@email.com)
* Phone: 555-555-5555
* LinkedIn: linkedin.com/in/daniellekennedy
* Portfolio: daniellekennedy.com

Professional Summary:
Highly skilled UI Engineer with 5+ years of experience in designing and developing intuitive, user-centered interfaces for web applications. Proficient in HTML, JavaScript, React, and UI/UX design principles. Proven track record of delivering high-quality, visually appealing user interfaces that drive engagement and conversion.

Technical Skills:

* Programming languages: HTML, JavaScript, React
* UI/UX design tools: Sketch, Figma, Adobe XD
* Wireframing and prototyping tools: Figma, InVision
* Design systems and component libraries: Storybook, Bit
* Version control: Git
* Agile development methodologies: Scrum, Kanban

Professional Experience:

Senior UI Engineer, ABC Company (2018-Present)

* Led the design and development of multiple high-profile web applications, resulting in a 25% increase in user engagement and a 15% increase in conversion rates
* Collaborated with cross-functional teams to develop and maintain design systems and component libraries, ensuring consistency and efficiency across the organization
* Designed and implemented responsive, mobile-first UI components using React and CSS-in-JS solutions
* Conducted usability testing and feedback sessions to inform design decisions and improve user experience

UI Engineer, DEF Startup (2015-2018)

* Worked closely with the development team to design and implement UI components using HTML, CSS, and JavaScript
* Created wireframes, prototypes, and high-fidelity designs for multiple web applications, resulting in a 30% increase in user satisfaction
* Developed and maintained the company's design system, ensuring consistency and efficiency across the organization
* Collaborated with the product team to define and prioritize design requirements

Education:

* Bachelor of Science in Computer Science, XYZ University (2015)

Achievements:

* Recipient of the ABC Company's ""Exceptional Performance"" award (2019)
* Featured speaker at the DEF Startup's ""Design for Web Applications"" conference (2017)
* Published article on ""Designing for Accessibility"" in the ABC Company's internal design blog (2018)

Certifications:

* Certified UX Designer, Nielsen Norman Group (2016)
* Certified Scrum Master, Scrum Alliance (2018)

References:
Available upon request.",Christopher,Maldonado,Christopher Maldonado,Daniel,Kennedy,Daniel Kennedy,male,"GreaterEuropean,WestEuropean,Hispanic",male,"GreaterEuropean,British"
73,Looking for an experienced Cloud Architect to join us in driving strategic initiatives and bringing innovation to e-commerce.,"Jason Ward
Cloud Architect

Contact Information:

* Phone: (123) 456-7890
* Email: [jason.ward@email.com](mailto:jason.ward@email.com)
* LinkedIn: linkedin.com/in/jasonwardcloud

Professional Summary:
Results-driven Cloud Architect with 8+ years of experience in designing, implementing, and managing scalable cloud infrastructure on AWS, Azure, and GCP. Proven track record of delivering high-quality cloud solutions that meet business requirements, improve efficiency, and reduce costs. Skilled in cloud migration, security, and compliance.

Technical Skills:

* Cloud Platforms: AWS, Azure, GCP
* Cloud Services: IaaS, PaaS, SaaS, Serverless Computing
* Programming Languages: Python, Java, C#, JavaScript
* Databases: Relational (MySQL, PostgreSQL), NoSQL (MongoDB, Cassandra)
* Operating Systems: Windows, Linux, macOS
* Security: Identity and Access Management (IAM), Network Security, Encryption
* DevOps Tools: Jenkins, Docker, Kubernetes, Ansible

Professional Experience:

Senior Cloud Architect, ABC Corporation (2018-Present)

* Design and implement cloud infrastructure on AWS, Azure, and GCP for enterprise clients
* Lead cloud migration projects, ensuring seamless transition from on-premises to cloud environments
* Develop and maintain cloud security policies, ensuring compliance with industry regulations
* Collaborate with cross-functional teams to design and deploy cloud-based applications
* Mentor junior cloud architects and engineers to improve cloud knowledge and skills

Cloud Engineer, DEF Startups (2015-2018)

* Designed and deployed cloud infrastructure on AWS and Azure for startups and small businesses
* Implemented cloud security measures, including IAM and network security
* Developed and deployed cloud-based applications using serverless computing and microservices architecture
* Collaborated with development teams to integrate cloud services into existing applications

Education:

* Bachelor of Science in Computer Science, XYZ University (2010-2014)

Certifications:

* AWS Certified Solutions Architect - Professional
* Azure Certified: Microsoft Certified: Azure Solutions Architect Expert
* Google Cloud Certified - Professional Cloud Architect

Achievements:

* Successfully migrated a large-scale e-commerce application from on-premises to AWS, resulting in 30% cost savings and 25% increase in scalability
* Designed and implemented a cloud-based DevOps pipeline using Jenkins, Docker, and Kubernetes, improving deployment efficiency by 50%
* Developed and deployed a cloud-based security platform using AWS IAM and network security, reducing security breaches by 40%

References:
Available upon request.","Jamie Rowe
Cloud Architect

Contact Information:

* Email: [jrowe@email.com](mailto:jrowe@email.com)
* Phone: 555-555-5555
* LinkedIn: linkedin.com/in/jamierowe
* Twitter: twitter.com/jamierowe

Professional Summary:

Highly motivated and experienced Cloud Architect with a strong background in designing, implementing, and managing cloud-based infrastructure on AWS and GCP. Skilled in using Terraform for infrastructure as code, with a focus on cloud security and compliance. Proven track record of delivering scalable, secure, and efficient cloud solutions that meet business needs.

Technical Skills:

* Cloud Platforms: AWS, GCP
* Infrastructure as Code: Terraform
* Cloud Security: IAM, encryption, access control
* Operating Systems: Linux, Windows
* Programming Languages: Python, bash
* Agile Methodologies: Scrum, Kanban
* Cloud-based tools: CloudFormation, CloudWatch, Stackdriver

Professional Experience:

Cloud Architect, ABC Corporation (2018-Present)

* Designed and implemented cloud architecture for multiple business units, resulting in 30% reduction in costs and 25% increase in efficiency
* Managed a team of cloud engineers to ensure timely delivery of cloud-based projects
* Developed and maintained Terraform scripts for infrastructure as code
* Ensured compliance with cloud security standards and best practices
* Collaborated with business stakeholders to understand requirements and design solutions that meet business needs

Senior Cloud Engineer, DEF Startups (2015-2018)

* Designed and implemented cloud infrastructure for multiple startups, resulting in 20% increase in scalability and 15% reduction in costs
* Collaborated with cloud security team to ensure compliance with cloud security standards and best practices
* Developed and maintained CloudFormation templates for infrastructure as code
* Worked with business stakeholders to understand requirements and design solutions that meet business needs

Education:

* Bachelor's Degree in Computer Science, XYZ University (2010-2014)

Achievements:

* AWS Certified Solutions Architect - Associate
* GCP Certified Professional Cloud Developer
* Certified Cloud Security Professional (CCSP)
* Featured speaker at AWS re:Invent 2019 on ""Designing Scalable Cloud Architectures""
* Published article on ""Terraform Best Practices"" in Cloud Computing Magazine

Certifications:

* AWS Certified Solutions Architect - Associate
* GCP Certified Professional Cloud Developer
* Certified Cloud Security Professional (CCSP)

References:

Available upon request.",Jason,Ward,Jason Ward,Jamie,Rowe,Jamie Rowe,male,"GreaterEuropean,British",female,"GreaterEuropean,British"
74,Looking for an experienced Cloud Architect to join us in driving strategic initiatives and bringing innovation to healthcare.,"Stephanie Costa
Cloud Architect

Contact Information:

* Email: [stephanie.costa@email.com](mailto:stephanie.costa@email.com)
* Phone: (555) 123-4567
* LinkedIn: linkedin.com/in/stephaniecosta
* GitHub: github.com/stephaniec

Professional Summary:
Highly accomplished Cloud Architect with 8+ years of experience in designing, implementing, and managing large-scale cloud infrastructure on AWS, Azure, and GCP. Proven track record of delivering complex cloud migration projects, ensuring scalability, security, and cost-effectiveness. Skilled in cloud security, compliance, and governance, with expertise in DevOps, containerization, and automation.

Technical Skills:

* Cloud Platforms: AWS (S3, EC2, RDS, Lambda, CloudWatch), Azure (VMs, Storage, Databases, App Service), GCP (Compute Engine, Storage, Cloud SQL)
* Cloud Security: IAM, Identity and Access Management, Network Security Groups, Firewalls, Encryption
* DevOps: Jenkins, Docker, Kubernetes, Ansible, Terraform
* Automation: PowerShell, Python, Bash
* Database: MySQL, PostgreSQL, MongoDB
* Operating Systems: Windows, Linux

Professional Experience:

Cloud Architect, XYZ Corporation (2018-Present)

* Designed and implemented large-scale cloud infrastructure on AWS, Azure, and GCP for multiple clients, resulting in 30% reduction in costs and 25% improvement in scalability
* Led a team of engineers in migrating a complex on-premises application to the cloud, resulting in 99.99% uptime and 50% reduction in maintenance costs
* Developed and implemented cloud security strategies, ensuring compliance with regulatory requirements (HIPAA, PCI-DSS, GDPR)
* Collaborated with DevOps teams to implement CI/CD pipelines, resulting in 20% reduction in deployment time and 15% improvement in quality

Senior Cloud Engineer, ABC Startups (2015-2018)

* Designed and deployed multiple cloud-based applications on AWS, resulting in 50% reduction in development time and 25% improvement in scalability
* Implemented cloud security measures, including IAM, Network Security Groups, and Firewalls, ensuring compliance with regulatory requirements
* Developed and maintained cloud infrastructure automation scripts using PowerShell and Python
* Collaborated with cloud security teams to implement cloud security strategies, resulting in 25% reduction in security incidents

Education:

* Bachelor's Degree in Computer Science, University of California, Berkeley (2010-2014)

Certifications:

* AWS Certified Solutions Architect - Professional
* Azure Certified Solutions Architect Expert
* Google Cloud Certified - Professional Cloud Developer

Achievements:

* Winner of the 2019 AWS Cloud Computing Challenge
* Featured speaker at the 2020 Cloud Security Summit
* Published articles on cloud security and DevOps in leading industry publications

References:
Available upon request.","Lori Johnson
Contact Information:

* Address: 123 Main St, Anytown, USA 12345
* Phone: (555) 555-5555
* Email: [lori.johnson@email.com](mailto:lori.johnson@email.com)
* LinkedIn: linkedin.com/in/lorijohnson

Professional Summary:
Highly motivated and experienced Cloud Architect with a strong background in designing and implementing scalable, secure, and efficient cloud infrastructure solutions using Azure, Terraform, and Kubernetes. Proven track record of delivering complex projects on time, on budget, and with high quality. Skilled in cloud migration, DevOps, and IT service management.

Technical Skills:

* Cloud Platforms: Azure, AWS, Google Cloud
* Infrastructure as Code (IaC): Terraform, CloudFormation, Azure Resource Manager
* Containerization: Docker, Kubernetes
* Orchestration: Kubernetes, Terraform
* Automation: PowerShell, Bash, Ansible
* Monitoring and Logging: Azure Monitor, Prometheus, Grafana
* Security: Azure Security Center, IAM, Access Control

Professional Experience:

Cloud Architect, ABC Corporation (2018-Present)

* Designed and implemented a scalable and secure Azure-based cloud infrastructure for a large-scale e-commerce platform, resulting in 30% reduction in costs and 25% increase in performance
* Led a team of engineers in migrating a legacy application to a Kubernetes-based containerized environment, resulting in 40% reduction in downtime and 20% increase in productivity
* Developed and implemented a comprehensive IaC strategy using Terraform, resulting in 90% reduction in manual errors and 30% reduction in provisioning time

Senior Cloud Engineer, DEF Startups (2015-2018)

* Designed and implemented a cloud-based DevOps pipeline using Azure DevOps, resulting in 50% reduction in deployment time and 25% increase in quality
* Collaborated with cross-functional teams to design and implement a cloud-based infrastructure for a large-scale SaaS application, resulting in 20% increase in scalability and 15% reduction in costs
* Developed and delivered training sessions on cloud computing, DevOps, and IT service management to internal stakeholders

Education:

* Bachelor of Science in Computer Science, XYZ University (2010-2014)

Certifications:

* Azure Architect Expert, Microsoft (2019)
* Kubernetes Admin, Cloud Native Computing Foundation (2020)
* Terraform Associate, HashiCorp (2018)

Achievements:

* Winner of the ""Best Cloud Solution"" award at the 2020 Cloud Computing Conference
* Featured speaker at the 2019 Cloud Summit on the topic of ""Cloud Migration Strategies""
* Published several articles on cloud computing and DevOps on reputable industry blogs

References:
Available upon request.",Stephanie,Costa,Stephanie Costa,Lori,Johnson,Lori Johnson,female,"GreaterEuropean,British",female,"GreaterEuropean,British"
75,Looking for an experienced Cloud Engineer to join us in driving strategic initiatives and bringing innovation to education.,"Cynthia Norman
Cloud Engineer

Contact Information:

* Email: [cynthia.norman@email.com](mailto:cynthia.norman@email.com)
* Phone: 555-555-5555
* LinkedIn: linkedin.com/in/cynthia-norman

Summary:
Highly motivated and experienced Cloud Engineer with 8+ years of experience in designing, implementing, and managing cloud infrastructure on leading cloud platforms (AWS, Azure, Google Cloud). Proven track record of delivering successful cloud migrations, optimizing cloud costs, and architecting serverless applications. Skilled in cloud networking, security, and DevOps practices.

Technical Skills:

* Cloud Platforms: AWS (EC2, S3, Lambda, CloudFormation), Azure (Virtual Machines, Storage, Azure Functions), Google Cloud (Compute Engine, Cloud Storage, Cloud Functions)
* Cloud Migration: AWS Migration Hub, Azure Migrate, Google Cloud Migrate
* Cloud Cost Optimization: AWS Cost Explorer, Azure Cost Estimator, Google Cloud Cost Estimator
* Serverless Architecture: AWS Lambda, Azure Functions, Google Cloud Functions
* Cloud Networking: AWS VPC, Azure Virtual Network, Google Cloud Networking
* DevOps Tools: Terraform, Ansible, Jenkins

Professional Experience:

Cloud Engineer, ABC Corporation (2018-Present)

* Designed and implemented cloud infrastructure on AWS for a large e-commerce platform, resulting in 30% reduction in costs and 25% increase in scalability
* Migrated a legacy on-premises application to Azure, achieving 99.99% uptime and 50% reduction in maintenance costs
* Architectured and deployed a serverless application on AWS Lambda, reducing development time by 70% and costs by 40%
* Collaborated with cross-functional teams to design and implement cloud networking and security solutions, ensuring compliance with regulatory requirements

Cloud Migration Specialist, DEF Consulting (2015-2018)

* Led a team of engineers in designing and implementing cloud migration strategies for multiple clients, resulting in successful migrations for 90% of clients
* Developed and delivered training programs on cloud migration best practices, improving client knowledge and adoption rates
* Worked closely with clients to identify and mitigate risks associated with cloud migrations, ensuring successful outcomes

Education:

* Bachelor of Science in Computer Science, XYZ University (2010-2014)

Certifications:

* AWS Certified Solutions Architect - Professional
* Azure Certified Solutions Architect
* Google Cloud Certified - Professional Cloud Developer

Achievements:

* Awarded ""Cloud Engineer of the Year"" by ABC Corporation (2020)
* Published article on ""Serverless Architecture for E-commerce Applications"" in Cloud Computing Journal (2019)
* Presented on ""Cloud Migration Best Practices"" at Cloud Computing Conference (2018)

References:
Available upon request.","Dominique Brewer
Cloud Engineer

Contact Information:

* Email: [dbrewer@email.com](mailto:dbrewer@email.com)
* Phone: (123) 456-7890
* LinkedIn: linkedin.com/in/dominiquebrewer
* GitHub: github.com/dbrewer

Professional Summary:

Highly motivated and experienced Cloud Engineer with a strong background in Cloud Migration, Serverless Architecture, and Cloud Networking. Proven track record of designing and implementing scalable, secure, and efficient cloud solutions. Skilled in scripting languages such as Python, Bash, and PowerShell. Seeking a challenging role that leverages my expertise to drive business growth and innovation.

Technical Skills:

* Cloud Migration: AWS, Azure, Google Cloud
* Serverless Architecture: AWS Lambda, Azure Functions, Google Cloud Functions
* Cloud Networking: AWS VPC, Azure Virtual Network, Google Cloud Networking
* Scripting: Python, Bash, PowerShell
* Operating Systems: Windows, Linux, macOS
* Agile Methodologies: Scrum, Kanban

Professional Experience:

Cloud Engineer, ABC Corporation (2020-Present)

* Designed and implemented a cloud-first strategy for the company, resulting in a 30% reduction in infrastructure costs and a 25% increase in application availability.
* Led a team of engineers in migrating a legacy application to a serverless architecture, achieving a 90% reduction in server utilization and a 40% reduction in runtime costs.
* Developed and maintained a cloud networking architecture, ensuring secure and reliable connectivity between on-premises and cloud environments.

Senior Cloud Engineer, DEF Startups (2018-2020)

* Collaborated with cross-functional teams to design and implement cloud-based solutions for startups, resulting in a 50% increase in application performance and a 20% reduction in infrastructure costs.
* Developed and maintained a cloud migration framework, ensuring seamless migration of applications from on-premises to cloud environments.
* Provided technical leadership and mentorship to junior engineers, resulting in a 25% increase in team productivity and a 15% reduction in errors.

Education:

* Bachelor of Science in Computer Science, XYZ University (2015-2019)

Certifications:

* AWS Certified Solutions Architect - Professional
* Azure Certified Solutions Architect Expert
* Google Cloud Certified - Professional Cloud Developer

Achievements:

* Winner of the AWS re:Invent Hackathon (2019)
* Featured speaker at the Cloud Computing Summit (2020)
* Published articles on cloud migration and serverless architecture in industry-leading publications

References:

Available upon request.",Cynthia,Norman,Cynthia Norman,Dominique,Brewer,Dominique Brewer,female,"GreaterEuropean,British",andy,"GreaterEuropean,WestEuropean,French"
76,Looking for an experienced Content Writer to join us in driving strategic initiatives and bringing innovation to finance.,"Cody Gaines
Contact Information:

* Address: [Insert Address]
* Phone: [Insert Phone Number]
* Email: [Insert Email]
* LinkedIn: [Insert LinkedIn Profile URL]
* Portfolio: [Insert Portfolio URL]

Summary:
Results-driven and creative writer with 5+ years of experience in crafting compelling content that drives engagement and boosts online visibility. Skilled in SEO writing, copywriting, technical writing, creative writing, and proofreading, with a proven track record of delivering high-quality content that meets client needs and expectations.

Professional Experience:

Content Writer, [Previous Company], [City], [State]
[Employment Dates]

* Created high-quality, engaging content for various clients across multiple industries, including blog posts, articles, product descriptions, and social media posts
* Conducted thorough keyword research to optimize content for search engines, resulting in significant increases in website traffic and engagement
* Collaborated with designers and developers to ensure seamless content integration and successful content marketing campaigns
* Developed and implemented content calendars to ensure consistent and timely content publication
* Edited and proofread content to ensure accuracy, clarity, and consistency in tone and style

Freelance Writer, [Freelance Company], [City], [State]
[Freelance Dates]

* Wrote and edited articles, blog posts, and website content for clients across various industries, including technology, healthcare, and finance
* Conducted research and interviews to gather information and insights for content
* Developed and maintained relationships with clients to understand their content needs and preferences
* Met deadlines and delivered high-quality content on time, while maintaining a high level of client satisfaction

Education:

* Bachelor's Degree in Creative Writing, [University Name], [City], [State]
* Coursework included Creative Writing, Technical Writing, and Digital Media

Skills:

* SEO writing and optimization
* Copywriting and content marketing
* Technical writing and documentation
* Creative writing and storytelling
* Proofreading and editing
* Content management and calendar development
* Research and interviewing
* Collaboration and project management

Achievements:

* Increased website traffic by 50% through optimized content and SEO strategies
* Developed and implemented a content calendar that resulted in a 25% increase in social media engagement
* Won a prestigious writing award for a feature article published in a national magazine
* Completed a successful crowdfunding campaign for a creative writing project, raising over $10,000 in funding
* Maintained a 95% client satisfaction rate through exceptional writing, communication, and project management skills

Certifications:

* HubSpot Inbound Marketing Certification
* Google Analytics Certification
* American Copy Editors Society (ACES) Certification

References:
Available upon request.","Eric Patel
Contact Information:

* Email: [eric.patel@email.com](mailto:eric.patel@email.com)
* Phone: 555-555-5555
* LinkedIn: linkedin.com/in/ericpatel
* Portfolio: ericpatel.contentwriter.com

Professional Summary:
Results-driven content writer with 5+ years of experience in crafting engaging, SEO-optimized content for various industries. Skilled in writing for multiple formats, including blog posts, articles, website content, and social media. Proven track record of increasing website traffic and improving brand visibility through high-quality content.

Summary of Expertise:

* SEO Writing: Expertise in keyword research, on-page optimization, and content strategy to drive organic traffic and improve search engine rankings.
* Copywriting: Proven ability to write compelling, persuasive copy that drives conversions and engages target audiences.
* Creative Writing: Skilled in crafting high-quality, engaging content that tells a story and resonates with readers.
* Proofreading: Meticulous attention to detail and expertise in proofreading and editing content for grammar, syntax, and clarity.

Professional Experience:

* Content Writer, ABC Content Agency (2018-Present)
	+ Write high-quality, SEO-optimized content for various industries, including finance, healthcare, and technology.
	+ Conduct keyword research and develop content strategies to drive organic traffic and improve search engine rankings.
	+ Collaborate with clients to understand their content needs and develop customized content solutions.
	+ Edited and proofread content for grammar, syntax, and clarity to ensure high-quality output.
* Freelance Writer, Various Clients (2015-2018)
	+ Wrote engaging, SEO-optimized content for clients in various industries, including e-commerce, travel, and finance.
	+ Developed and implemented content strategies to drive traffic and improve search engine rankings.
	+ Conducted research and interviews to create high-quality, informative content.

Achievements:

* Increased website traffic by 300%: Through strategic content creation and SEO optimization, increased website traffic for a client in the e-commerce industry.
* Improved search engine rankings by 50%: Conducted keyword research and developed content strategies that improved search engine rankings for a client in the finance industry.
* Won a Content Marketing Award: Won a content marketing award for a campaign that drove conversions and engaged target audiences for a client in the travel industry.

Education:

* Bachelor's Degree in English, XYZ University (2010-2014)

Skills:

* SEO Writing
* Copywriting
* Creative Writing
* Proofreading
* Content Strategy
* Keyword Research
* Content Management Systems (CMS)
* Social Media Marketing

Certifications:

* Google Analytics Certification
* HubSpot Inbound Marketing Certification

References:
Available upon request.",Cody,Gaines,Cody Gaines,Eric,Patel,Eric Patel,male,"GreaterEuropean,British",male,"GreaterEuropean,British"
77,Looking for an experienced Cybersecurity Analyst to join us in driving strategic initiatives and bringing innovation to finance.,"James Nelson
Cybersecurity Professional

Contact Information:

* Email: [james.nelson@email.com](mailto:james.nelson@email.com)
* Phone: (555) 123-4567
* LinkedIn: linkedin.com/in/jamesnelsoncyber
* Twitter: @jnelsoncyber

Professional Summary:
Highly motivated and detail-oriented Cybersecurity Analyst with 5+ years of experience in risk assessment, penetration testing, and SIEM management. Proven track record of identifying and mitigating security threats, ensuring the confidentiality, integrity, and availability of sensitive data. Skilled in encryption, cryptography, and incident response.

Technical Skills:

* Risk Assessment and Management
* Penetration Testing (OWASP, Metasploit)
* SIEM (Splunk, ELK)
* Encryption (AES, RSA)
* Cryptography (hashing, digital signatures)
* Incident Response and Management
* Vulnerability Management (Nessus, Qualys)
* Operating Systems (Windows, Linux)
* Networking (TCP/IP, DNS)
* Scripting (Python, Bash)

Professional Experience:

Cybersecurity Analyst, XYZ Corporation (2018-Present)

* Conduct regular risk assessments and penetration testing to identify vulnerabilities and provide recommendations for remediation
* Manage and analyze SIEM data to detect and respond to security incidents
* Develop and implement encryption policies and procedures to protect sensitive data
* Collaborate with incident response team to respond to security incidents and minimize downtime
* Provide training and awareness to employees on cybersecurity best practices

Senior Security Consultant, ABC Consulting (2015-2018)

* Conducted security assessments and penetration testing for clients across various industries
* Developed and implemented security policies and procedures for clients
* Managed and analyzed SIEM data to detect and respond to security incidents
* Provided training and awareness to clients on cybersecurity best practices

Education:

* Bachelor of Science in Computer Science, [University Name] (2015)

Certifications:

* CompTIA Security+, CompTIA (2016)
* Certified Information Systems Security Professional (CISSP), (ISC)² (2018)
* Certified Ethical Hacker (CEH), EC-Council (2017)

Achievements:

* Successfully identified and mitigated a zero-day vulnerability in a critical system, resulting in a 99.9% reduction in security incidents
* Developed and implemented a SIEM solution that reduced incident response time by 75%
* Provided training and awareness to employees on cybersecurity best practices, resulting in a 90% reduction in phishing attacks
* Collaborated with incident response team to respond to a major security incident, resulting in a 24-hour reduction in downtime

References:
Available upon request.","Kimberly Bennett
Cybersecurity Analyst

Contact Information:

* Address: 123 Main St, Anytown, USA 12345
* Phone: (555) 555-5555
* Email: [kimberly.bennett@email.com](mailto:kimberly.bennett@email.com)
* LinkedIn: linkedin.com/in/kimberlybennett

Summary:
Highly skilled and experienced Cybersecurity Analyst with expertise in risk assessment, penetration testing, network security, SIEM, and incident response. Proven track record of identifying and mitigating security threats, and providing actionable recommendations to improve overall security posture. Possesses excellent analytical and communication skills, with the ability to effectively collaborate with cross-functional teams.

Professional Experience:

Senior Cybersecurity Analyst, ABC Corporation (2018-Present)

* Conducted comprehensive risk assessments to identify vulnerabilities and develop mitigation strategies to minimize risk to the organization
* Designed and executed penetration testing activities to identify and exploit vulnerabilities in network systems and applications
* Implemented and managed a SIEM system to monitor and analyze security-related data, and developed incident response plans to respond to security incidents
* Collaborated with IT and security teams to implement security controls and ensure compliance with industry regulations
* Provided regular security awareness training to employees to promote a culture of security within the organization

Cybersecurity Analyst, DEF Consulting (2015-2018)

* Conducted vulnerability assessments and penetration testing to identify and exploit vulnerabilities in client systems and applications
* Developed and implemented incident response plans to respond to security incidents, and provided incident response support to clients
* Managed and analyzed security-related data to identify trends and provide recommendations for improvement
* Collaborated with clients to implement security controls and ensure compliance with industry regulations

Education:

* Bachelor of Science in Computer Science, XYZ University (2015)

Certifications:

* CompTIA Security+ (2016)
* CompTIA PenTest+ (2018)
* Certified Information Systems Security Professional (CISSP) (2020)

Skills:

* Risk Assessment and Mitigation
* Penetration Testing and Vulnerability Assessment
* Network Security and Architecture
* SIEM and Log Management
* Incident Response and Management
* Compliance and Regulatory Management
* Security Awareness Training and Education
* Strong analytical and problem-solving skills
* Excellent communication and collaboration skills

Achievements:

* Successfully identified and mitigated a zero-day vulnerability in a client's system, resulting in a 99% reduction in security incidents
* Developed and implemented a comprehensive security awareness training program that resulted in a 90% reduction in phishing incidents
* Conducted a thorough risk assessment that identified and prioritized high-risk vulnerabilities, resulting in a 75% reduction in risk to the organization
* Collaborated with a cross-functional team to develop and implement a comprehensive incident response plan that resulted in a 95% reduction in mean time to detect (MTTD) and mean time to respond (MTTR)

References:
Available upon request.",James,Nelson,James Nelson,Kimberly,Bennett,Kimberly Bennett,male,"GreaterEuropean,British",female,"GreaterEuropean,British"
78,Looking for an experienced Data Analyst to join us in driving strategic initiatives and bringing innovation to finance.,"James Walker
Contact Information:

* Phone: (555) 123-4567
* Email: [jameswalker@email.com](mailto:jameswalker@email.com)
* LinkedIn: linkedin.com/in/jameswalkerdata
* GitHub: github.com/jameswalkerdata

Professional Summary:
Highly motivated and detail-oriented data analyst with 3+ years of experience in extracting insights from complex data sets. Proficient in Python, Tableau, Power BI, and SQL, with a strong passion for data storytelling and visualization. Proven track record of delivering actionable insights to drive business growth and improvement.

Technical Skills:

* Programming languages: Python, SQL
* Data visualization tools: Tableau, Power BI
* Data analysis: data wrangling, data modeling, statistical analysis
* Operating Systems: Windows, Linux
* Familiarity with data management tools: AWS, Azure

Professional Experience:

Data Analyst, ABC Corporation (2020-Present)

* Develop and maintain complex SQL queries to extract insights from large datasets
* Create interactive dashboards using Tableau and Power BI to visualize data trends and insights
* Collaborate with cross-functional teams to design and implement data-driven solutions
* Analyze data to identify areas of improvement and recommend data-driven solutions
* Present findings and recommendations to stakeholders through clear and concise reports and presentations

Data Analyst, DEF Startups (2018-2020)

* Built and maintained databases using SQL to support business operations
* Created data visualizations using Tableau and Power BI to communicate insights to stakeholders
* Analyzed data to identify trends and areas of improvement
* Developed and implemented data-driven solutions to improve business outcomes
* Collaborated with business stakeholders to design and implement data-driven projects

Education:

* Bachelor's Degree in Computer Science, XYZ University (2018)

Achievements:

* Recipient of the ""Data Analysis Award"", ABC Corporation (2022)
* Published research paper on data visualization, DEF Startups (2020)
* Recipient of the ""Data Science Bootcamp"" scholarship, XYZ University (2018)

Certifications:

* Certified Data Analyst, Data Science Council of America (2020)
* Certified SQL Developer, Microsoft Corporation (2019)

References:
Available upon request.","John Lynch
Contact Information:

* Email: [john.lynch@email.com](mailto:john.lynch@email.com)
* Phone: (123) 456-7890
* LinkedIn: linkedin.com/in/johnlynchdata
* Address: 123 Main St, Anytown, USA 12345

Summary:
Highly analytical and detail-oriented Data Analyst with 5+ years of experience in data analysis, visualization, and interpretation. Skilled in utilizing Excel, Python, Tableau, Power BI, SQL, and other analytics tools to drive business insights and inform data-driven decisions. Proven track record of delivering high-quality analyses and reports that drive business growth and improvement.

Professional Experience:

* Senior Data Analyst, ABC Corporation (2018-Present)
	+ Analyzed large datasets to identify trends and patterns, and developed actionable insights to inform business decisions.
	+ Created interactive dashboards and reports using Tableau, Power BI, and Excel to visualize complex data and facilitate data-driven discussions.
	+ Developed and maintained complex SQL queries to extract and analyze data from various databases.
	+ Collaborated with cross-functional teams to design and implement data visualizations, reports, and dashboards that meet business needs.
	+ Improved data quality and accuracy by implementing data validation and data cleansing processes.
* Data Analyst, DEF Startups (2015-2018)
	+ Collected and analyzed data from various sources, including customer feedback, sales data, and market research.
	+ Created reports and dashboards using Excel, Tableau, and Power BI to track key performance indicators (KPIs) and measure business success.
	+ Developed and maintained databases using SQL to store and manage large datasets.
	+ Provided data-driven insights and recommendations to stakeholders to inform business decisions.
* Data Analyst Intern, GHI Consulting (Summer 2014)
	+ Assisted in data collection, analysis, and visualization using Excel, SQL, and Tableau.
	+ Developed and presented findings and recommendations to clients and stakeholders.

Education:

* Bachelor of Science in Business Analytics, XYZ University (2015)
	+ Coursework: Data Mining, Machine Learning, Business Statistics, Data Visualization, and SQL.

Skills:

* Programming languages: Python, SQL
* Data analysis and visualization tools: Excel, Tableau, Power BI, SQL
* Operating Systems: Windows, macOS
* Database management: MySQL, PostgreSQL
* Data manipulation and analysis: Pandas, NumPy, Matplotlib

Certifications:

* Certified Data Analyst (CDA), Data Science Council of America (DASCA) (2019)
* Microsoft Power BI Certified, Microsoft Corporation (2018)

Achievements:

* Improved data accuracy and quality by 25% through data validation and data cleansing processes.
* Reduced reporting cycle time by 30% through automation using Tableau and Power BI.
* Developed and maintained a database of 1 million+ rows to support business analysis and decision-making.

References:
Available upon request.",James,Walker,James Walker,John,Lynch,John Lynch,male,"GreaterEuropean,British",male,"GreaterEuropean,British"
79,Looking for an experienced Data Architect to join us in driving strategic initiatives and bringing innovation to education.,"Carol Hunt
Data Architect

Contact Information:

* Email: [carol.hunt@email.com](mailto:carol.hunt@email.com)
* Phone: 555-555-5555
* LinkedIn: linkedin.com/in/carolahunt

Summary:
Results-driven Data Architect with 10+ years of experience in designing, implementing, and optimizing large-scale data systems. Skilled in Data Modeling, Data Integration, Cloud Data Solutions, ETL Tools, and Database Design. Proven track record of delivering high-performing data architectures that drive business insights and growth.

Professional Experience:

Senior Data Architect, ABC Corporation (2018-Present)

* Designed and implemented a cloud-based data warehouse for a global retail company, resulting in a 30% reduction in data latency and 25% increase in data quality.
* Led a team of data engineers to develop a data integration platform using ETL tools, achieving a 40% reduction in data processing time and 20% increase in data accuracy.
* Collaborated with business stakeholders to design and implement data governance policies and procedures, ensuring data compliance and security.

Data Architect, DEF Company (2015-2018)

* Designed and implemented a data architecture for a healthcare company, resulting in a 25% reduction in data storage costs and 20% increase in data availability.
* Developed and maintained data models using ERwin and PowerDesigner, ensuring data consistency and integrity.
* Worked with data engineers to develop ETL processes using Informatica and Talend, achieving a 30% reduction in data processing time.

Education:

* Master of Science in Computer Science, XYZ University (2010-2012)
* Bachelor of Science in Computer Science, ABC University (2005-2009)

Skills:

* Data Modeling (ERwin, PowerDesigner)
* Data Integration (ETL tools: Informatica, Talend, SSIS)
* Cloud Data Solutions (AWS, Azure, Google Cloud)
* Database Design (Oracle, SQL Server, MySQL)
* Data Governance and Compliance
* Agile Methodologies (Scrum, Kanban)

Achievements:

* Winner of the 2019 Data Architecture Award for ""Best Data Warehouse Design""
* Featured speaker at the 2018 Data Science Conference on ""Cloud Data Solutions for Business Growth""
* Published author of ""Data Modeling Best Practices"" in the Journal of Data Science and Technology (2016)

Certifications:

* Certified Data Architect, Data Science Council of America (2015)
* Certified Scrum Master, Scrum Alliance (2012)

References:
Available upon request.","Kristin Harper
Contact Information:

* Email: [kristin.harper@email.com](mailto:kristin.harper@email.com)
* Phone: (555) 123-4567
* LinkedIn: linkedin.com/in/kristinharperr

Summary:
Highly skilled Data Architect with 8+ years of experience in designing, implementing, and managing large-scale data systems. Proven expertise in data modeling, data integration, cloud data solutions, and ETL tools. Strong passion for delivering scalable, secure, and efficient data architectures that drive business growth and innovation.

Professional Experience:

Senior Data Architect, ABC Corporation (2018-Present)

* Designed and implemented a cloud-based data warehouse for a large retail client, resulting in a 30% reduction in data processing time and a 25% increase in data quality.
* Led a team of data engineers to develop and deploy a real-time data integration platform using Apache Kafka, resulting in a 90% reduction in data latency.
* Collaborated with business stakeholders to design and implement a data governance framework, resulting in a 50% reduction in data-related risks.

Data Architect, DEF Consulting (2015-2018)

* Designed and implemented a data management system for a healthcare client, resulting in a 40% reduction in data storage costs and a 20% increase in data quality.
* Developed and maintained a data integration platform using Informatica PowerCenter, resulting in a 95% reduction in data errors.
* Collaborated with development teams to integrate data into business applications, resulting in a 30% increase in application adoption.

Education:

* Master of Science in Computer Science, XYZ University (2010-2012)
* Bachelor of Science in Computer Science, ABC University (2005-2009)

Skills:

* Data Modeling (ER/EL, schema design)
* Data Integration (ETL, data pipelines)
* Cloud Data Solutions (AWS, Azure, Google Cloud)
* ETL Tools (Informatica PowerCenter, Talend, AWS Glue)
* Database Design (relational, NoSQL)
* Data Governance (data quality, data security)
* Cloud Platforms (AWS, Azure, Google Cloud)
* Agile Methodologies (Scrum, Kanban)

Achievements:

* Winner of the 2020 Data Architect of the Year award at the ABC Corporation annual conference.
* Published a paper on ""Cloud Data Architecture for Scalable Data Systems"" at the 2019 International Conference on Data Science.
* Completed a certification program in Cloud Data Solutions at the AWS Training and Certification program.

Certifications:

* Certified Data Architect (CDA), Data Science Council of America (DASCA)
* Certified Cloud Data Architect (CCDA), AWS Training and Certification program
* Certified Data Scientist (CDS), Data Science Council of America (DASCA)

Professional Memberships:

* Member, Data Science Council of America (DASCA)
* Member, International Association for Machine Learning and Artificial Intelligence (IAMAI)
* Member, AWS User Group

References:
Available upon request.",Carol,Hunt,Carol Hunt,Kristin,Harper,Kristin Harper,female,"GreaterEuropean,British",female,"GreaterEuropean,British"
80,Looking for an experienced DevOps Engineer to join us in driving strategic initiatives and bringing innovation to healthcare.,"Bonnie Newman
Contact Information:

* Email: [bonnie.newman@email.com](mailto:bonnie.newman@email.com)
* Phone: 555-555-5555
* LinkedIn: linkedin.com/in/bonnie-newman
* GitHub: github.com/bonnie-newman

Summary:
Highly motivated and experienced DevOps Engineer with a strong background in CI/CD, Docker, Kubernetes, Ansible, and Infrastructure as Code. Proficient in designing, implementing, and maintaining scalable, secure, and efficient cloud-based systems. Proven track record of improving application reliability, reducing downtime, and increasing deployment velocity.

Professional Experience:

Senior DevOps Engineer, ABC Corporation (2020-Present)

* Designed and implemented a CI/CD pipeline using Jenkins, Docker, and Kubernetes to automate application deployments and reduce deployment time from 2 hours to 15 minutes
* Developed and maintained Ansible playbooks to automate infrastructure provisioning, configuration, and deployment
* Implemented monitoring tools such as Prometheus, Grafana, and New Relic to provide real-time visibility into application performance and resource utilization
* Collaborated with the development team to improve application reliability and efficiency, resulting in a 30% reduction in downtime and a 25% increase in deployment frequency

DevOps Engineer, DEF Startups (2018-2020)

* Implemented Docker and Kubernetes to create a scalable and containerized application environment
* Developed and maintained Infrastructure as Code using Terraform to provision and manage cloud resources
* Designed and implemented a monitoring and logging system using ELK Stack and Splunk to provide real-time visibility into application performance and security
* Collaborated with the development team to improve application security, resulting in a 40% reduction in security vulnerabilities

Education:

* Bachelor of Science in Computer Science, XYZ University (2015-2019)

Skills:

* CI/CD (Jenkins, GitLab CI/CD)
* Containerization (Docker)
* Orchestration (Kubernetes)
* Infrastructure as Code (Terraform, Ansible)
* Monitoring Tools (Prometheus, Grafana, New Relic)
* Logging Tools (ELK Stack, Splunk)
* Agile methodologies (Scrum, Kanban)

Achievements:

* DevOps Engineer of the Year, ABC Corporation (2020)
* Best Practices in DevOps, DEF Startups (2019)
* Certified Scrum Master, Scrum Alliance (2018)

Certifications:

* Certified Scrum Master (CSM), Scrum Alliance (2018)
* Certified DevOps Engineer, DevOps Institute (2019)

References:
Available upon request.","Krystal Miller
Contact Information:

* Phone: (555) 123-4567
* Email: [krystal.miller@email.com](mailto:krystal.miller@email.com)
* LinkedIn: linkedin.com/in/krystalmiller
* GitHub: github.com/krystalmiller

Professional Summary:

Highly motivated and experienced DevOps Engineer with a strong background in CI/CD, Docker, Ansible, and Infrastructure as Code. Proven track record of delivering scalable and reliable cloud-based solutions, with expertise in Cloud Platforms (AWS, Azure, GCP). Skilled in automation and scripting, with a passion for implementing best practices and improving process efficiency.

Technical Skills:

* CI/CD Tools: Jenkins, GitLab CI/CD, CircleCI
* Containerization: Docker, Kubernetes
* Automation: Ansible, Terraform, CloudFormation
* Cloud Platforms: AWS, Azure, GCP
* Scripting: Bash, Python, PowerShell
* Operating Systems: Linux, Windows
* Version Control: Git

Professional Experience:

DevOps Engineer, XYZ Corporation (2020-Present)

* Designed and implemented a CI/CD pipeline using Jenkins, Docker, and Kubernetes to automate deployment of microservices-based applications
* Developed and maintained infrastructure as code using Terraform and CloudFormation to manage cloud resources (AWS, Azure)
* Configured and managed Ansible playbooks for automated deployment and configuration of servers
* Collaborated with development teams to improve code quality and reduce deployment time
* Implemented monitoring and logging tools (Prometheus, Grafana, ELK) to ensure application visibility and performance

DevOps Engineer, ABC Startups (2018-2020)

* Built and maintained a cloud-based infrastructure using AWS, Azure, and GCP to support multiple microservices-based applications
* Developed and implemented Dockerized applications using Kubernetes and Ansible for automated deployment and scaling
* Configured and managed Jenkins pipelines for continuous integration and delivery
* Collaborated with development teams to improve code quality and reduce deployment time
* Implemented monitoring and logging tools (Prometheus, Grafana, ELK) to ensure application visibility and performance

Education:

* Bachelor's Degree in Computer Science, [University Name] (2015-2019)

Certifications:

* Certified DevOps Engineer (CDE), [Certifying Organization] (2020)
* Certified AWS Solutions Architect (CSA), [Certifying Organization] (2019)

Achievements:

* Improved deployment time by 30% and reduced deployment errors by 25% through automation and process improvements
* Developed and implemented a cloud-based infrastructure that reduced costs by 20% and improved application performance by 15%
* Collaborated with development teams to improve code quality and reduce bugs by 20%
* Successfully migrated 5 applications to cloud-based infrastructure using Ansible and Terraform

Projects:

* [Project Name]: Developed a CI/CD pipeline using Jenkins, Docker, and Kubernetes to automate deployment of a microservices-based application
* [Project Name]: Built and maintained a cloud-based infrastructure using AWS, Azure, and GCP to support multiple microservices-based applications

References:

Available upon request.",Bonnie,Newman,Bonnie Newman,Krystal,Miller,Krystal Miller,female,"GreaterEuropean,Jewish",female,"GreaterEuropean,British"
81,Looking for an experienced Full Stack Developer to join us in driving strategic initiatives and bringing innovation to e-commerce.,"Benjamin Hunter
Full Stack Developer

Contact Information:

* Email: [benjamin.hunter@email.com](mailto:benjamin.hunter@email.com)
* Phone: 123-456-7890
* LinkedIn: linkedin.com/in/benjaminhunter
* GitHub: github.com/benjaminhunter

Professional Summary:

Highly skilled and motivated Full Stack Developer with 5+ years of experience in designing, developing, and deploying scalable web applications using HTML, CSS, JavaScript, Node.js, and APIs. Proven track record of delivering high-quality software solutions on time and on budget. Passionate about staying up-to-date with the latest technologies and industry trends.

Technical Skills:

* Programming languages: HTML, CSS, JavaScript, Node.js
* Frameworks: Express.js, React.js, Angular.js
* APIs: RESTful API, GraphQL API
* Databases: MySQL, MongoDB, PostgreSQL
* Operating Systems: Windows, Linux, macOS
* Agile methodologies: Scrum, Kanban

Professional Experience:

Full Stack Developer, ABC Company (2018-Present)

* Designed and developed multiple web applications using HTML, CSS, JavaScript, and Node.js
* Implemented RESTful APIs to integrate with third-party services and databases
* Collaborated with cross-functional teams to deliver high-quality software solutions
* Improved application performance by 30% through code optimization and caching techniques
* Mentored junior developers and provided technical guidance on best practices

Senior Front-End Developer, DEF Startup (2015-2018)

* Led the front-end development team to design and develop a responsive web application using React.js and CSS
* Implemented API integrations to fetch data from external sources and display it on the client-side
* Collaborated with the back-end team to resolve technical issues and improve overall application performance
* Conducted code reviews and provided feedback to improve code quality and maintainability

Education:

* Bachelor of Science in Computer Science, XYZ University (2015)

Achievements:

* Built and deployed a real-time chat application using Node.js, Socket.io, and MongoDB, which achieved 99.99% uptime and a 4-star rating on the app store
* Created a RESTful API using Express.js and MongoDB to integrate with a third-party payment gateway, resulting in a 25% increase in sales
* Won first prize in the XYZ Hackathon for developing a mobile app using React Native and Node.js, which was later acquired by a leading tech company

Certifications:

* Certified Node.js Developer, Node.js Foundation (2018)
* Certified Front-End Developer, W3Cx (2016)

References:

Available upon request.","John Bennett
Full Stack Developer

Contact Information:

* Email: [jbennett@email.com](mailto:jbennett@email.com)
* Phone: 555-555-5555
* LinkedIn: linkedin.com/in/johnbennettdev
* GitHub: github.com/johnbennett

Professional Summary:

Highly motivated and detail-oriented full stack developer with 5+ years of experience in designing and developing scalable, efficient, and user-friendly web applications using HTML, CSS, JavaScript, Node.js, and database management systems. Proven track record of delivering high-quality projects on time and on budget, with a strong passion for staying up-to-date with the latest industry trends and technologies.

Technical Skills:

* Programming languages: HTML, CSS, JavaScript (ES6+), Node.js
* Frameworks: Express.js, React, Angular
* Database management: MongoDB, MySQL, PostgreSQL
* Operating Systems: Windows, Linux
* Version Control: Git, SVN
* Agile methodologies: Scrum, Kanban

Professional Experience:

Senior Full Stack Developer, TechCorp (2018-Present)

* Designed and developed multiple web applications using Node.js, Express.js, and MongoDB, resulting in a 30% increase in user engagement and a 25% reduction in development time
* Collaborated with cross-functional teams to deliver high-quality projects on time and on budget, with a 95% customer satisfaction rate
* Implemented automated testing and deployment scripts using Jenkins and Docker, resulting in a 50% reduction in deployment time and a 20% reduction in error rates
* Mentored junior developers and provided technical guidance on best practices and coding standards

Full Stack Developer, DevTeam (2015-2018)

* Developed multiple web applications using HTML, CSS, JavaScript, and PHP, resulting in a 25% increase in website traffic and a 20% increase in sales
* Implemented database management systems using MySQL and PostgreSQL, resulting in a 30% reduction in data retrieval time and a 25% reduction in data storage costs
* Collaborated with designers to develop visually appealing and user-friendly interfaces, resulting in a 40% increase in user engagement
* Participated in code reviews and provided technical guidance to team members on coding standards and best practices

Education:

* Bachelor of Science in Computer Science, XYZ University (2015)

Achievements:

* Winner of the 2016 TechCorp Hackathon, creating a mobile app that increased user engagement by 50%
* Completed the Node.js certification program, with a score of 95%
* Attended the 2019 React Conference, where I presented a talk on ""Building Scalable Web Applications with React and Node.js""

Certifications:

* Node.js certification, Node.js Foundation (2018)
* Certified Scrum Master (CSM), Scrum Alliance (2019)

References:

Available upon request.",Benjamin,Hunter,Benjamin Hunter,John,Bennett,John Bennett,male,"GreaterEuropean,British",male,"GreaterEuropean,British"
82,Looking for an experienced Machine Learning Engineer to join us in driving strategic initiatives and bringing innovation to healthcare.,"Joseph Lane
Machine Learning Engineer

Contact Information:

* Email: [joseph.lane@email.com](mailto:joseph.lane@email.com)
* Phone: (123) 456-7890
* LinkedIn: linkedin.com/in/josephlane

Professional Summary:

Results-driven Machine Learning Engineer with 4+ years of experience in developing and deploying scalable machine learning models using Scikit-learn, TensorFlow, and PyTorch. Proven expertise in feature engineering, hyperparameter tuning, and model optimization. Skilled in working with large datasets and collaborating with cross-functional teams to drive business growth through data-driven insights.

Technical Skills:

* Programming languages: Python, R
* Machine learning libraries: Scikit-learn, TensorFlow, PyTorch
* Data science tools: Pandas, NumPy, Matplotlib, Seaborn
* Operating Systems: Linux, Windows
* Agile development methodologies: Scrum, Kanban

Experience:

Senior Machine Learning Engineer, ABC Corporation (2020-Present)

* Designed and developed multiple machine learning models using Scikit-learn, TensorFlow, and PyTorch to improve forecasting accuracy by 30%
* Collaborated with data scientists to implement feature engineering techniques, resulting in a 25% increase in model precision
* Led the development of a hyperparameter tuning framework using Bayesian optimization, reducing model training time by 50%
* Worked closely with the data engineering team to integrate machine learning models into production, resulting in a 90% reduction in data latency
* Mentored junior machine learning engineers, providing guidance on best practices and technical skills

Machine Learning Engineer, DEF Startups (2018-2020)

* Developed and deployed multiple machine learning models using PyTorch, resulting in a 20% increase in customer engagement
* Collaborated with the product team to design and implement A/B testing experiments, resulting in a 15% increase in conversion rates
* Worked with the data analytics team to develop a data pipeline using Apache Beam, reducing data processing time by 80%
* Participated in code reviews, ensuring high-quality code and adherence to coding standards

Education:

* Master of Science in Computer Science, XYZ University (2018)
	+ Coursework: Machine Learning, Natural Language Processing, Computer Vision
* Bachelor of Science in Computer Science, ABC University (2016)

Achievements:

* Kaggle Competitions: Ranked top 10% in multiple competitions, including the Google AI Challenge and the Netflix Prize
* Research Papers: Published multiple research papers on machine learning and data science in top-tier conferences, including ICML and NIPS
* Patents: Filed and granted multiple patents on machine learning-based inventions, including a patent on a novel algorithm for anomaly detection

Certifications:

* Certified Data Scientist, Data Science Council of America (DASCA)
* Certified Machine Learning Engineer, Machine Learning Council (MLC)

References:

Available upon request.","Chelsea Barajas
Machine Learning Engineer

Contact Information:

* Email: [chelsea.barajas@email.com](mailto:chelsea.barajas@email.com)
* Phone: (123) 456-7890
* LinkedIn: linkedin.com/in/chelseabarajas
* GitHub: github.com/chelseabarajas

Summary:
Highly motivated and detail-oriented Machine Learning Engineer with 3+ years of experience in developing and deploying scalable machine learning models using Python, PyTorch, and other industry-standard tools. Proven track record of delivering high-impact projects that drive business growth and improve customer experiences. Skilled in feature engineering, hyperparameter tuning, and model deployment.

Technical Skills:

* Programming languages: Python, PyTorch, TensorFlow
* Machine learning frameworks: PyTorch, scikit-learn
* Data science tools: Pandas, NumPy, Matplotlib, Scikit-image
* Operating Systems: Windows, Linux, macOS
* Agile development methodologies: Scrum, Kanban
* Cloud platforms: AWS, Google Cloud, Azure

Professional Experience:

Machine Learning Engineer, XYZ Corporation (2020-Present)

* Designed and developed multiple machine learning models using PyTorch and scikit-learn to improve customer engagement and retention rates
* Collaborated with cross-functional teams to integrate machine learning models into production environments, resulting in a 25% increase in revenue
* Implemented hyperparameter tuning using Bayesian optimization and grid search to improve model performance
* Developed and maintained a feature engineering pipeline using Pandas and NumPy to extract relevant features from large datasets
* Deployed models to production using Docker and Kubernetes

Machine Learning Intern, ABC Startup (Summer 2019)

* Contributed to the development of a natural language processing model using PyTorch and Transformers to improve text classification accuracy
* Worked with the data engineering team to design and implement a data pipeline using Apache Beam and BigQuery
* Collaborated with the product team to integrate machine learning models into the company's product offering
* Presented project results to the executive team, resulting in a 15% increase in funding

Education:

* Bachelor's Degree in Computer Science, Stanford University (2016-2020)
* Master's Degree in Data Science, Stanford University (2020-2022)

Achievements:

* Published a paper on ""Hyperparameter Tuning for Deep Learning Models"" at the International Conference on Machine Learning (ICML) 2020
* Won 1st place in the Kaggle competition for ""Image Classification using Transfer Learning""
* Presented a talk on ""Feature Engineering for Machine Learning Models"" at the Data Science Conference 2020

Certifications:

* Certified Data Scientist, Data Science Council of America (DASCA)
* Certified Machine Learning Engineer, International Association for Machine Learning and Artificial Intelligence (IAMAI)

References:
Available upon request.",Joseph,Lane,Joseph Lane,Chelsea,Barajas,Chelsea Barajas,male,"GreaterEuropean,British",female,"GreaterEuropean,WestEuropean,Hispanic"
83,Looking for an experienced Mobile App Developer to join us in driving strategic initiatives and bringing innovation to education.,"Katherine Garcia
Mobile App Developer

Contact Information:

* Email: [katherine.garcia@email.com](mailto:katherine.garcia@email.com)
* Phone: (123) 456-7890
* LinkedIn: linkedin.com/in/katherinegarcia
* GitHub: github.com/katherinegarcia

Summary:
Highly motivated and experienced mobile app developer with a strong background in developing scalable, efficient, and user-friendly mobile applications using Swift, Flutter, and React Native. Proven track record of delivering high-quality products on time and exceeding client expectations. Skilled in mobile UI/UX design, API integration, and collaborating with cross-functional teams to bring innovative ideas to life.

Technical Skills:

* Programming languages: Swift, Dart, JavaScript
* Frameworks: Flutter, React Native, UIKit
* Tools: Xcode, Android Studio, Visual Studio Code, Figma, Adobe XD
* Databases: Firebase, MySQL
* APIs: RESTful APIs, GraphQL
* Operating Systems: iOS, Android, macOS

Professional Experience:

Mobile App Developer, ABC Company (2020-Present)

* Designed and developed multiple mobile applications for iOS and Android platforms using Swift, Flutter, and React Native
* Collaborated with the design team to create visually appealing and user-friendly UI/UX designs
* Integrated APIs and microservices to enhance application functionality and performance
* Worked closely with the QA team to identify and resolve bugs and issues
* Participated in code reviews and ensured adherence to coding standards and best practices

Senior Mobile App Developer, DEF Agency (2018-2020)

* Led the development of a cross-platform mobile application using React Native, which resulted in a 30% increase in user engagement
* Designed and implemented a custom UI/UX component library to enhance application consistency and branding
* Collaborated with the backend team to integrate APIs and microservices, resulting in a 25% reduction in latency
* Mentored junior developers and provided guidance on best practices and coding standards

Education:

* Bachelor of Science in Computer Science, XYZ University (2015-2019)

Achievements:

* Winner of the ABC Company Hackathon for developing a mobile application that improved user engagement by 50%
* Featured speaker at the DEF Agency's annual conference on mobile app development best practices
* Published articles on mobile app development and UI/UX design on industry publications

Certifications:

* Certified Mobile App Developer, Google (2020)
* Certified UI/UX Designer, Adobe (2019)

References:
Available upon request.","Sarah Collins
Mobile App Developer

Contact Information:

* Email: [sarah.collins@email.com](mailto:sarah.collins@email.com)
* Phone: (123) 456-7890
* LinkedIn: linkedin.com/in/sarahcollins
* GitHub: github.com/sarahcollins

Summary:
Highly motivated and experienced Mobile App Developer with a strong background in developing scalable, efficient, and user-friendly mobile applications using Swift, Kotlin, and Flutter. Proven track record of delivering high-quality solutions on time, with a focus on clean code, testing, and collaboration.

Technical Skills:

* Programming languages: Swift, Kotlin, Dart
* Mobile app development frameworks: Flutter, iOS, Android
* Development tools: Xcode, Android Studio, IntelliJ IDEA
* Version control systems: Git, SVN
* Agile methodologies: Scrum, Kanban
* Data storage: Firebase, SQLite
* APIs: RESTful APIs, GraphQL

Professional Experience:

Senior Mobile App Developer, ABC Company (2020-Present)

* Designed and developed multiple mobile applications for iOS and Android using Swift and Kotlin, resulting in a 25% increase in app engagement and a 30% reduction in development time.
* Collaborated with cross-functional teams to identify and prioritize features, and ensured timely delivery of high-quality solutions.
* Implemented automated testing and continuous integration using Jenkins and GitLab CI/CD.
* Mentored junior developers, providing guidance and feedback on coding best practices and design patterns.

Mobile App Developer, DEF Startup (2018-2020)

* Developed a popular mobile game using Flutter, achieving a 50% increase in downloads and a 20% increase in user engagement.
* Worked with the design team to create a visually appealing and intuitive user interface, resulting in a 25% increase in user retention.
* Implemented features using Firebase and SQLite, ensuring seamless data synchronization and offline support.

Education:

* Bachelor of Science in Computer Science, XYZ University (2015-2019)

Achievements:

* Winner of the Apple WWDC Scholarship (2019)
* Finalist in the Google Flutter App Developer Challenge (2018)
* Published several articles on mobile app development best practices on Medium and GitHub

Certifications:

* Certified Mobile App Developer, Google Developers (2019)
* Certified iOS Developer, Apple Developers (2018)

References:
Available upon request.",Katherine,Garcia,Katherine Garcia,Sarah,Collins,Sarah Collins,female,"GreaterEuropean,WestEuropean,Italian",female,"GreaterEuropean,British"
84,Looking for an experienced Mobile App Developer to join us in driving strategic initiatives and bringing innovation to finance.,"Michael Thomas
Mobile App Developer

Contact Information:

* Email: [michael.thomas@email.com](mailto:michael.thomas@email.com)
* Phone: 555-123-4567
* LinkedIn: linkedin.com/in/michaelthomasdev
* GitHub: github.com/michaelthomasdev

Professional Summary:
Highly skilled mobile app developer with 5+ years of experience in designing, developing, and deploying cross-platform mobile applications using Kotlin, Flutter, and React Native. Proven track record of delivering high-quality, scalable, and user-friendly mobile apps that exceed client expectations. Strong expertise in mobile UI/UX, API integration, and cloud-based services.

Technical Skills:

* Programming languages: Kotlin, Java, Swift, JavaScript (ES6+)
* Cross-platform frameworks: Flutter, React Native
* Mobile app development platforms: Android, iOS
* UI/UX design tools: Sketch, Figma, Adobe XD
* API integration: RESTful API, GraphQL
* Cloud-based services: AWS, Firebase, Google Cloud Platform
* Agile methodologies: Scrum, Kanban

Professional Experience:

Senior Mobile App Developer, ABC Company (2020 - Present)

* Designed and developed multiple cross-platform mobile apps for Android and iOS using Kotlin and Flutter
* Collaborated with cross-functional teams to identify project requirements and develop technical solutions
* Implemented API integrations with third-party services, including payment gateways and social media platforms
* Conducted unit testing and integration testing to ensure app stability and performance
* Participated in code reviews and provided feedback to improve code quality and design

Mobile App Developer, DEF Startup (2018 - 2020)

* Developed and maintained mobile apps for Android and iOS using React Native
* Worked closely with designers to implement UI/UX designs and ensure a seamless user experience
* Integrated third-party APIs, including Google Maps and Facebook SDK
* Implemented mobile payment gateways and in-app purchases
* Collaborated with QA engineers to identify and fix bugs

Education:

* Bachelor of Science in Computer Science, XYZ University (2015 - 2019)

Achievements:

* Developed and launched a popular mobile app that achieved 1 million+ downloads on the Google Play Store
* Participated in a hackathon and won 1st prize for a mobile app that integrated with IoT devices
* Published a blog post on Medium about mobile app development best practices, which received 10,000+ reads
* Contributed to open-source projects on GitHub, including a Flutter-based UI library

Certifications:

* Certified Mobile App Developer, Android Developers (2019)
* Certified React Native Developer, React Native Training (2020)

References:
Available upon request.","Tina Baker
Mobile App Developer

Contact Information:

* Email: [tina.baker@email.com](mailto:tina.baker@email.com)
* Phone: 555-555-5555
* LinkedIn: linkedin.com/in/tinabaker

Summary:
Highly skilled and innovative Mobile App Developer with 5+ years of experience in designing, developing, and deploying high-quality mobile applications using Kotlin, Flutter, and React Native. Proven expertise in API integration, ensuring seamless interactions between apps and backend systems. Proficient in agile methodologies and passionate about delivering user-centered solutions.

Technical Skills:

* Programming languages: Kotlin, Dart, JavaScript (React Native), and Swift
* Frameworks: Flutter, React Native, and iOS/Android SDKs
* APIs: RESTful APIs, GraphQL, and WebSockets
* Database management: MySQL, MongoDB, and Firebase
* Development tools: Android Studio, Visual Studio Code, and Xcode
* Agile methodologies: Scrum and Kanban

Professional Experience:

Senior Mobile App Developer, ABC Corporation (2018-Present)

* Designed and developed multiple mobile applications for Android and iOS platforms using Kotlin, Flutter, and React Native
* Collaborated with cross-functional teams to integrate APIs, ensuring seamless data exchange between apps and backend systems
* Implemented automated testing and deployment scripts using Jenkins and Docker
* Participated in code reviews, ensuring adherence to coding standards and best practices
* Mentored junior developers, promoting knowledge sharing and skill development

Mobile App Developer, DEF Startups (2015-2018)

* Developed mobile applications for various industries, including finance, healthcare, and e-commerce
* Worked with clients to understand their requirements, providing solutions that met their needs and expectations
* Implemented API integrations using RESTful APIs and GraphQL
* Participated in agile development methodologies, ensuring timely delivery of high-quality applications

Education:

* Bachelor of Science in Computer Science, XYZ University (2015)

Achievements:

* Developed a mobile application for a leading e-commerce company, resulting in a 25% increase in sales
* Participated in a hackathon, creating a mobile application that won first prize in the ""Best Use of APIs"" category
* Published articles on mobile app development and API integration on industry blogs and websites

Certifications:

* Certified Kotlin Developer, Kotlin Certification Board (2019)
* Certified Flutter Developer, Flutter Certification Board (2020)

References:
Available upon request.",Michael,Thomas,Michael Thomas,Tina,Baker,Tina Baker,male,"GreaterEuropean,British",female,"GreaterEuropean,British"
85,Looking for an experienced Software Engineer to join us in driving strategic initiatives and bringing innovation to e-commerce.,"Katelyn Weaver
Software Engineer

Contact Information:

* Email: [katelyn.weaver@email.com](mailto:katelyn.weaver@email.com)
* Phone: 555-555-5555
* LinkedIn: linkedin.com/in/katelynweaver
* GitHub: github.com/katelynweaver

Professional Summary:

Highly motivated and detail-oriented software engineer with 5+ years of experience in designing, developing, and deploying scalable software applications. Skilled in Java, Python, and DevOps, with a strong background in data structures and algorithms. Proficient in Agile development methodologies and passionate about delivering high-quality software solutions.

Technical Skills:

* Programming languages: Java, Python
* Development frameworks: Spring, Django
* Data structures and algorithms: Arrays, Linked Lists, Stacks, Queues, Trees, Graphs
* DevOps tools: Docker, Kubernetes, Jenkins
* Agile methodologies: Scrum, Kanban
* Operating Systems: Windows, Linux
* Database management: MySQL, PostgreSQL

Professional Experience:

Software Engineer, ABC Corporation (2018-Present)

* Designed and developed multiple software applications using Java and Python, with a focus on scalability and maintainability
* Collaborated with cross-functional teams to implement DevOps practices, resulting in 30% reduction in deployment time and 25% increase in code quality
* Utilized Docker and Kubernetes to containerize and orchestrate applications, improving resource utilization and reducing downtime
* Participated in code reviews and contributed to the improvement of the company's codebase

Junior Software Engineer, DEF Startups (2015-2018)

* Developed multiple web applications using Python and Django, with a focus on user experience and performance
* Worked closely with the product team to design and implement features, resulting in a 20% increase in user engagement
* Collaborated with the QA team to identify and resolve bugs, improving overall code quality and reducing defects by 15%
* Participated in sprint planning and retrospectives, contributing to the improvement of the team's Agile practices

Education:

* Bachelor's Degree in Computer Science, XYZ University (2015)

Achievements:

* Winner of the ABC Corporation Hackathon (2019), developing a machine learning-based solution to improve customer satisfaction
* Featured speaker at the DEF Startups Tech Talk Series (2017), presenting on ""DevOps Best Practices for Scalable Applications""
* Published multiple articles on software development and DevOps best practices on industry blogs and platforms

Certifications:

* Certified Scrum Master (CSM), Scrum Alliance (2019)
* CompTIA Linux+ Certification (2018)

References:

Available upon request.","Jessica Weeks
Software Engineer

Contact Information:

* Phone: (123) 456-7890
* Email: [jessicaweeks@email.com](mailto:jessicaweeks@email.com)
* LinkedIn: linkedin.com/in/jessicaweeks
* GitHub: github.com/jessicaweeks

Summary:
Highly motivated and detail-oriented software engineer with 5+ years of experience in designing, developing, and deploying scalable and efficient software systems. Skilled in C++, Python, and a range of algorithms and data structures. Proficient in DevOps practices and tools, with a strong passion for system design, testing, and optimization.

Professional Experience:

Software Engineer, ABC Company (2018-Present)

* Designed and developed multiple high-performance software systems using C++ and Python, resulting in 30% reduction in system latency and 25% improvement in system throughput
* Collaborated with cross-functional teams to identify and prioritize system requirements, ensuring timely and effective delivery of software projects
* Implemented automated testing and deployment scripts using Jenkins and Docker, reducing manual testing and deployment time by 50%
* Participated in code reviews and provided feedback to improve code quality and maintainability
* Mentored junior engineers in software design, development, and testing best practices

Software Development Intern, DEF Startup (Summer 2015)

* Developed and deployed a machine learning-powered chatbot using Python and TensorFlow, achieving 90% accuracy in user engagement
* Collaborated with the development team to identify and fix critical bugs, improving system stability by 25%
* Contributed to the design and implementation of a scalable and efficient data pipeline using Apache Kafka and Apache Spark

Education:

* Bachelor of Science in Computer Science, XYZ University (2015-2019)
	+ Coursework: Data Structures, Algorithms, Computer Systems, Software Engineering, and Database Systems

Skills:

* Programming languages: C++, Python, Java
* Algorithms and data structures: sorting, searching, graph theory, dynamic programming, and complexity analysis
* System design: microservices architecture, containerization, and cloud computing
* DevOps practices: continuous integration, continuous deployment, and continuous monitoring
* Agile methodologies: Scrum and Kanban
* Version control systems: Git and SVN
* Testing frameworks: JUnit, PyUnit, and Selenium

Achievements:

* Winner of the XYZ University Hackathon (2018) for developing a machine learning-powered recommendation system using Python and scikit-learn
* Published a research paper on ""Efficient Algorithm Design for Large-Scale Data Processing"" at the ABC Conference (2019)
* Completed the Google Developers Certification in Software Development (2019)

Certifications:

* Google Developers Certification in Software Development (2019)
* Certified Scrum Master (CSM) (2020)

References:
Available upon request.",Katelyn,Weaver,Katelyn Weaver,Jessica,Weeks,Jessica Weeks,female,"GreaterEuropean,British",female,"GreaterEuropean,British"
86,Looking for an experienced Software Engineer to join us in driving strategic initiatives and bringing innovation to education.,"Hannah Dickerson
Software Engineer

Contact Information:

* Phone: (123) 456-7890
* Email: [hannah.dickerson@email.com](mailto:hannah.dickerson@email.com)
* LinkedIn: linkedin.com/in/hannahdickerson

Summary:
Highly motivated and detail-oriented software engineer with 3+ years of experience in designing, developing, and deploying scalable software systems. Skilled in Python, algorithms, data structures, system design, and DevOps. Proven track record of delivering high-quality software solutions while collaborating with cross-functional teams.

Technical Skills:

* Programming languages: Python, C++, Java
* Data structures: Arrays, Linked Lists, Stacks, Queues, Trees, Graphs
* Algorithms: Sorting, Searching, Greedy, Dynamic Programming, Backtracking
* System design: Microservices, Service-Oriented Architecture, Containerization (Docker), Cloud Computing (AWS)
* DevOps: Agile methodologies, Continuous Integration (Jenkins), Continuous Deployment (CircleCI)
* Tools: Git, SVN, JIRA, Asana, Slack

Professional Experience:

Software Engineer, ABC Corporation (2020-Present)

* Designed and developed multiple scalable software systems using Python and microservices architecture
* Collaborated with cross-functional teams to identify and prioritize project requirements
* Implemented DevOps practices, including continuous integration and deployment, to improve software delivery efficiency
* Participated in code reviews and contributed to the improvement of team's coding standards
* Mentored junior engineers and provided guidance on programming concepts and best practices

Software Development Intern, DEF Startup (Summer 2019)

* Contributed to the development of a cloud-based e-commerce platform using Python and Flask
* Worked on bug fixing and feature development, collaborating with the development team
* Assisted in the deployment of the application using AWS and Docker
* Participated in code reviews and contributed to the improvement of team's coding standards

Education:

* Bachelor of Science in Computer Science, XYZ University (2018-2022)

Achievements:

* Participated in hackathons and won first place for developing a chatbot using Python and natural language processing
* Contributed to open-source projects, including a Python library for data analysis and a web development framework
* Attended industry conferences and workshops, including PyCon and AWS re:Invent
* Published research papers on algorithm design and data structures in international conferences

Certifications:

* Certified Scrum Master (CSM), Scrum Alliance (2020)
* Certified AWS Developer, AWS Academy (2019)

References:
Available upon request.","Marcus Perkins
Software Engineer

Contact Information:

* Phone: (555) 123-4567
* Email: [marcus.perkins@email.com](mailto:marcus.perkins@email.com)
* LinkedIn: linkedin.com/in/marcusperkins
* GitHub: github.com/marcusperkins

Summary:
Highly motivated and detail-oriented software engineer with 5+ years of experience in designing, developing, and deploying scalable and efficient software systems. Proficient in Java, Algorithms, Data Structures, and System Design, with a strong background in DevOps practices. Proven track record of delivering high-quality software products on time and on budget.

Technical Skills:

* Programming languages: Java, Python, C++
* Data Structures and Algorithms: Arrays, Linked Lists, Stacks, Queues, Trees, Graphs, Sorting, Searching, and more
* System Design: Microservices, RESTful APIs, Database Design, Scalability, and Performance Optimization
* DevOps: Continuous Integration, Continuous Deployment, Containerization (Docker), Orchestration (Kubernetes), and Cloud Computing (AWS, Azure)
* Agile Methodologies: Scrum, Kanban, and Waterfall
* Version Control: Git, SVN, and Mercurial
* Operating Systems: Windows, Linux, and macOS

Professional Experience:

Software Engineer, ABC Company (2018-Present)

* Designed and developed multiple microservices using Java, Spring Boot, and RESTful APIs
* Implemented efficient algorithms and data structures to solve complex problems
* Collaborated with cross-functional teams to ensure seamless integration and deployment of software systems
* Utilized DevOps practices to automate testing, deployment, and monitoring of software systems
* Participated in code reviews and ensured high-quality code standards
* Mentored junior engineers and provided guidance on design patterns and best practices

Senior Software Engineer, DEF Startups (2015-2018)

* Led the development of a cloud-based e-commerce platform using Java, Spring Framework, and AWS
* Designed and implemented a scalable and fault-tolerant system using load balancers, caching layers, and queuing systems
* Collaborated with the QA team to ensure thorough testing and validation of software systems
* Participated in the design and implementation of a continuous integration and deployment pipeline using Jenkins and Docker
* Provided technical guidance and support to junior engineers and team leads

Education:

* Bachelor of Science in Computer Science, XYZ University (2015)

Achievements:

* AWS Certified Developer - Associate: Demonstrated expertise in designing and developing scalable and efficient AWS-based systems
* Certified Scrum Master (CSM): Proven ability to lead and facilitate Agile teams using Scrum methodologies
* GitHub Star: Recognized for contributions to open-source projects and communities
* CodeWars: Participated in coding challenges and achieved high ranks in solving problems

Certifications:

* AWS Certified Developer - Associate
* Certified Scrum Master (CSM)
* Certified Java Developer (OCPJP)

References:
Available upon request.",Hannah,Dickerson,Hannah Dickerson,Marcus,Perkins,Marcus Perkins,female,"GreaterEuropean,British",male,"GreaterEuropean,British"
87,Take the lead in driving innovation as a AI Researcher in a collaborative environment focused on excellence in software engineering.,"William Gutierrez
AI Researcher

Contact Information:

* Email: [wgutierrez@email.com](mailto:wgutierrez@email.com)
* Phone: 555-555-5555
* LinkedIn: linkedin.com/in/wgutierrez

Summary:
Highly motivated and detail-oriented AI researcher with expertise in Transformers, Reinforcement Learning, and Computer Vision. Proficient in PyTorch and experienced in designing and implementing scalable AI models. Proven track record of delivering high-quality research and contributing to the development of innovative AI solutions.

Professional Experience:

Research Scientist, AI Lab (2018-Present)

* Led the design and implementation of a PyTorch-based Transformer model for natural language processing tasks, achieving state-of-the-art results on various benchmarks.
* Collaborated with a team of researchers to develop a Reinforcement Learning framework for robotics, resulting in a 25% improvement in robotic arm navigation efficiency.
* Contributed to the development of a Computer Vision pipeline for object detection and segmentation, using techniques such as YOLOv3 and Mask R-CNN.
* Published research papers in top-tier conferences, including ICLR and CVPR.

Research Assistant, University of California (2015-2018)

* Assisted in the development of a Reinforcement Learning algorithm for autonomous driving, using a combination of Q-learning and deep neural networks.
* Contributed to the design and implementation of a Computer Vision system for image classification, achieving 95% accuracy on the CIFAR-10 dataset.
* Co-authored a research paper on the application of Transformers in natural language processing, published in the Journal of Machine Learning Research.

Education:

* Ph.D. in Computer Science, University of California (2015-2020)
* M.Sc. in Computer Science, University of California (2012-2014)
* B.Sc. in Computer Science, University of California (2008-2012)

Skills:

* Programming languages: Python, PyTorch, TensorFlow
* AI frameworks: PyTorch, TensorFlow
* Deep learning techniques: Transformers, Reinforcement Learning, Computer Vision
* Operating systems: Linux, Windows
* Strong knowledge of mathematics, including linear algebra, calculus, and probability theory

Achievements:

* Winner of the 2020 ICLR Best Paper Award for ""Transformers for Natural Language Processing""
* Finalist in the 2019 CVPR Best Paper Award for ""Reinforcement Learning for Robotics""
* Published over 10 research papers in top-tier conferences and journals
* Strong contributor to open-source AI projects, including PyTorch and TensorFlow

References:
Available upon request.","Jessica Lester
AI Researcher

Contact Information:

* Email: [jessica.lester@email.com](mailto:jessica.lester@email.com)
* Phone: (123) 456-7890
* LinkedIn: linkedin.com/in/jessicalester
* GitHub: github.com/jessicalester

Summary:
Highly motivated and experienced AI researcher with a strong background in deep learning, computer vision, and natural language processing. Skilled in developing and deploying GANs, Transformers, and other state-of-the-art AI models using PyTorch. Proven track record of delivering high-impact research projects and collaborating with cross-functional teams to drive innovation.

Technical Skills:

* Deep learning frameworks: PyTorch, TensorFlow
* Computer vision: object detection, segmentation, image generation
* Natural language processing: text classification, machine translation, language modeling
* Generative models: GANs, Variational Autoencoders
* Transformers: BERT, RoBERTa, XLNet
* Programming languages: Python, C++, Java
* Operating Systems: Windows, Linux, macOS

Professional Experience:

* AI Researcher, XYZ Corporation (2020-Present)
	+ Led the development of a PyTorch-based GAN model for generating high-quality images of 3D objects
	+ Collaborated with the computer vision team to integrate the model into a production-ready system
	+ Published a research paper on the model's architecture and evaluation results in a top-tier conference
	+ Mentored junior researchers and engineers on deep learning and computer vision techniques
* Research Scientist, ABC University (2018-2020)
	+ Conducted research on the application of Transformers to text classification and machine translation tasks
	+ Developed and open-sourced a PyTorch implementation of a state-of-the-art Transformer model
	+ Presented research findings at international conferences and workshops
	+ Collaborated with faculty members to design and teach AI-related courses
* Software Engineer, DEF Start-up (2015-2018)
	+ Developed and deployed computer vision models using OpenCV and C++
	+ Worked on a team to design and implement a computer vision-based product for image annotation

Education:

* Ph.D. in Computer Science, ABC University (2015)
	+ Dissertation: ""Deep Learning for Computer Vision: A Study on Generative Models and Object Detection""
	+ Coursework: computer vision, machine learning, artificial intelligence
* B.S. in Computer Science, DEF University (2011)
	+ Coursework: computer systems, algorithms, data structures

Achievements:

* Best Paper Award, International Conference on Computer Vision (2020)
* Research Grant, National Science Foundation (2019)
* Publication, IEEE Transactions on Pattern Analysis and Machine Intelligence (2020)

Publications:

* J. Lester, et al. ""Generative Adversarial Networks for Image Generation: A Survey."" IEEE Transactions on Pattern Analysis and Machine Intelligence (2020)
* J. Lester, et al. ""Transformers for Text Classification: A Comparative Study."" arXiv preprint (2019)

References:
Available upon request.",William,Gutierrez,William Gutierrez,Jessica,Lester,Jessica Lester,male,"GreaterEuropean,WestEuropean,French",female,"GreaterEuropean,British"
88,Take the lead in driving innovation as a Blockchain Developer in a collaborative environment focused on excellence in cloud technologies.,"Michael Andrade
Blockchain Developer

Contact Information:

* Email: [michael.andrade@email.com](mailto:michael.andrade@email.com)
* Phone: (123) 456-7890
* LinkedIn: linkedin.com/in/michaelandrade
* GitHub: github.com/michaelandrade

Professional Summary:

Highly skilled Blockchain Developer with 5+ years of experience in designing, developing, and deploying scalable blockchain applications using Solidity, Ethereum, and Web3.js. Proven track record of delivering high-quality solutions that meet the demands of fast-paced cryptocurrency markets. Expertise in cryptography, consensus algorithms, and smart contract development.

Technical Skills:

* Programming languages: Solidity, JavaScript, Python
* Blockchain platforms: Ethereum, Hyperledger Fabric
* Development frameworks: Web3.js, Truffle Suite
* Cryptography: Elliptic Curve Cryptography, Digital Signatures
* Consensus algorithms: Proof of Work, Proof of Stake
* Operating Systems: Windows, Linux

Professional Experience:

Blockchain Developer, ABC Company (2018-Present)

* Designed and developed multiple blockchain-based applications using Solidity and Ethereum, resulting in a 30% increase in customer engagement
* Collaborated with cross-functional teams to integrate blockchain technology into existing systems, improving overall system security and efficiency
* Developed and maintained complex smart contracts, ensuring optimal performance and minimizing errors
* Implemented Web3.js and Truffle Suite to streamline development and deployment processes

Blockchain Analyst, DEF Startup (2015-2018)

* Analyzed and evaluated blockchain protocols, identifying areas for improvement and recommending enhancements
* Developed and maintained tools for tracking and monitoring blockchain network performance, providing insights for optimization
* Collaborated with developers to integrate blockchain technology into existing applications, ensuring seamless integration and minimizing errors
* Conducted in-depth research on cryptocurrency markets, providing actionable insights to inform business decisions

Education:

* Bachelor of Science in Computer Science, XYZ University (2015)

Achievements:

* Blockchain Hackathon Winner: Won first prize at the annual Blockchain Hackathon for developing a decentralized application using Ethereum and Solidity
* Certified Blockchain Developer: Obtained certification in Blockchain Development from a leading industry organization
* Published Research Paper: Published a research paper on the security of blockchain protocols, presented at an international conference

References:

Available upon request.","Amanda Madden
Blockchain Developer

Contact Information:

* Email: [amanda.madden@email.com](mailto:amanda.madden@email.com)
* Phone: 555-555-5555
* LinkedIn: linkedin.com/in/amandamadden

Professional Summary:
Highly skilled Blockchain Developer with 5+ years of experience in designing, developing, and deploying secure and scalable blockchain solutions using Solidity, Smart Contracts, and Cryptography. Proficient in various blockchain platforms, including Ethereum and Hyperledger Fabric. Proven track record of delivering high-quality projects on time and on budget.

Technical Skills:

* Programming languages: Solidity, JavaScript, Python
* Blockchain platforms: Ethereum, Hyperledger Fabric, Corda
* Smart Contract development: Solidity, Chaincode
* Cryptography: Elliptic Curve Cryptography, Hash functions
* Development tools: Truffle Suite, Web3.js, Ganache
* Operating Systems: Windows, Linux

Professional Experience:

Blockchain Developer, ABC Corporation (2020-Present)

* Designed and developed multiple blockchain-based solutions for enterprise clients, including a decentralized supply chain management system and a secure voting system
* Developed and deployed Smart Contracts using Solidity and Truffle Suite
* Collaborated with cross-functional teams to integrate blockchain solutions with existing systems and infrastructure
* Conducted security audits and vulnerability assessments on Smart Contracts and blockchain networks
* Implemented cryptography techniques to enhance security and confidentiality of blockchain data

Senior Blockchain Developer, DEF Startups (2018-2020)

* Led a team of developers to design and develop a blockchain-based identity verification system for a government agency
* Developed and deployed Smart Contracts using Chaincode and Hyperledger Fabric
* Conducted security testing and penetration testing on blockchain networks and Smart Contracts
* Collaborated with clients to understand their business requirements and design blockchain solutions that met their needs
* Developed and delivered training sessions on blockchain development and Smart Contract security

Education:

* Bachelor of Science in Computer Science, XYZ University (2015-2019)

Certifications:

* Certified Blockchain Developer, Blockchain Council (2019)
* Certified Cryptography Expert, Cryptography Institute (2020)

Achievements:

* Winner, Blockchain Hackathon (2019): Developed a blockchain-based solution for a social impact project and won first prize in a hackathon competition
* Published Research Paper, International Journal of Blockchain (2020): Co-authored a research paper on blockchain security and Smart Contract vulnerabilities
* Featured Speaker, Blockchain Conference (2019): Presented a talk on blockchain development and Smart Contract security at a blockchain conference

References:
Available upon request.",Michael,Andrade,Michael Andrade,Amanda,Madden,Amanda Madden,male,"GreaterEuropean,British",female,"GreaterEuropean,British"
89,Take the lead in driving innovation as a Cloud Engineer in a collaborative environment focused on excellence in cloud technologies.,"Mary Adams
Cloud Engineer

Contact Information:

* Email: [maryadams@email.com](mailto:maryadams@email.com)
* Phone: (555) 555-5555
* LinkedIn: linkedin.com/in/maryadamscloud
* GitHub: github.com/maryadamscloud

Summary:
Highly skilled Cloud Engineer with 5+ years of experience in designing, implementing, and optimizing cloud infrastructure for large-scale applications. Proven track record of reducing cloud costs by 30% and improving system reliability by 25%. Proficient in Cloud Cost Optimization, Serverless Architecture, and Scripting. Excited to leverage my expertise to drive innovation and efficiency in a dynamic cloud environment.

Technical Skills:

* Cloud Platforms: AWS, Azure, Google Cloud
* Programming Languages: Python, Java, JavaScript
* Scripting: Bash, PowerShell, Ansible
* Cloud Cost Optimization: Reserved Instances, Spot Instances, Cost Estimation
* Serverless Architecture: AWS Lambda, Azure Functions, Google Cloud Functions
* DevOps Tools: Jenkins, Docker, Kubernetes
* Agile Methodologies: Scrum, Kanban

Professional Experience:

Cloud Engineer, ABC Corporation (2018-Present)

* Designed and implemented cloud infrastructure for a scalable e-commerce platform, resulting in 25% reduction in system downtime and 15% improvement in application performance
* Developed and deployed serverless applications using AWS Lambda, Azure Functions, and Google Cloud Functions, achieving 30% cost savings and 20% reduction in deployment time
* Collaborated with cross-functional teams to implement cloud cost optimization strategies, resulting in 25% reduction in cloud expenses
* Utilized scripting and automation tools to streamline cloud infrastructure management, reducing manual effort by 40%

Senior Cloud Engineer, DEF Startups (2015-2018)

* Led the design and implementation of a cloud-based IoT platform, resulting in 20% increase in customer engagement and 15% reduction in development time
* Developed and maintained cloud infrastructure for multiple applications, ensuring 99.9% uptime and 25% improvement in application performance
* Collaborated with development teams to implement cloud-based testing and deployment strategies, reducing deployment time by 30% and improving test coverage by 20%

Education:

* Bachelor's Degree in Computer Science, XYZ University (2010-2014)

Certifications:

* AWS Certified Cloud Practitioner (2016)
* Azure Certified Solutions Architect (2017)
* Google Cloud Certified Professional Cloud Developer (2018)

Achievements:

* Winner of the 2019 AWS Cloud Innovation Award for Cloud Cost Optimization
* Finalist for the 2018 Azure Cloud Innovation Award for Serverless Architecture
* Published author of ""Cloud Cost Optimization Best Practices"" in the 2020 Cloud Computing Journal

References:
Available upon request.","Jacob Martin
Contact Information:

* Email: [jacob.martin@email.com](mailto:jacob.martin@email.com)
* Phone: (123) 456-7890
* LinkedIn: linkedin.com/in/jacobmartincloud
* GitHub: github.com/jacobmartin

Professional Summary:
Highly motivated and experienced Cloud Engineer with a strong background in cloud migration, scripting, and IT infrastructure. Proven track record of successfully designing, deploying, and managing cloud-based systems for clients in various industries. Skilled in cloud platforms, scripting languages, and IT service management.

Technical Summary:
Proficient in:

* Cloud Platforms: AWS, Azure, Google Cloud
* Scripting Languages: Python, PowerShell, Bash
* IT Service Management: ITIL v4
* Agile Methodologies: Scrum, Kanban
* Cloud Migration: CloudFormation, ARM Templates
* IT Infrastructure: Virtualization, Networking, Storage

Work Experience:

Cloud Engineer, XYZ Corporation (2018-Present)

* Designed and deployed cloud-based systems for clients across various industries, including finance, healthcare, and e-commerce
* Migrated on-premise applications to cloud platforms, resulting in 30% reduction in infrastructure costs and 25% increase in system uptime
* Developed and maintained automation scripts using Python and PowerShell to streamline cloud deployment and management processes
* Collaborated with cross-functional teams to implement IT service management best practices and improve overall IT efficiency

Senior Systems Administrator, ABC Company (2015-2018)

* Managed and maintained IT infrastructure, including virtualization, networking, and storage
* Developed and implemented scripts to automate system tasks, reducing manual intervention by 40%
* Collaborated with cloud vendors to design and deploy cloud-based solutions for clients
* Provided technical support and training to internal teams on cloud platforms and IT infrastructure

Education:

* Bachelor of Science in Computer Science, [University Name] (2015)

Certifications:

* AWS Certified Solutions Architect - Associate
* Azure Certified: Azure Developer Associate
* CompTIA Cloud+

Achievements:

* Successfully migrated a large e-commerce platform to AWS, resulting in a 40% reduction in infrastructure costs and 20% increase in system uptime
* Developed and implemented a cloud-based backup and disaster recovery solution for a healthcare client, resulting in 99.99% uptime and zero data loss
* Collaborated with a team to design and deploy a cloud-based IoT solution for a manufacturing client, resulting in 25% reduction in operational costs and 15% increase in productivity

Skills:

* Cloud Platforms: AWS, Azure, Google Cloud
* Scripting Languages: Python, PowerShell, Bash
* IT Service Management: ITIL v4
* Agile Methodologies: Scrum, Kanban
* Cloud Migration: CloudFormation, ARM Templates
* IT Infrastructure: Virtualization, Networking, Storage

References:
Available upon request.",Mary,Adams,Mary Adams,Jacob,Martin,Jacob Martin,female,"GreaterEuropean,British",male,"GreaterEuropean,British"
90,Take the lead in driving innovation as a Content Writer in a collaborative environment focused on excellence in software engineering.,"Felicia Smith
Contact Information:

* Email: [felicia.smith@email.com](mailto:felicia.smith@email.com)
* Phone: 555-555-5555
* LinkedIn: linkedin.com/in/feliciasmith
* Portfolio: feliciasmith.contently.com

Professional Summary:
Highly skilled Content Writer with 5+ years of experience in crafting compelling copy, technical writing, and proofreading for various industries. Proven track record of delivering high-quality content on time, with a keen eye for detail and a passion for storytelling. Skilled in content strategy, research, and collaboration with cross-functional teams.

Content Writing Experience:

* Content Writer, ABC Marketing Agency (2018-Present)
	+ Created engaging content for various clients across industries, including blog posts, social media posts, email newsletters, and website content.
	+ Conducted research to stay up-to-date on industry trends and best practices, ensuring content remains relevant and informative.
	+ Collaborated with designers, developers, and account managers to ensure seamless content integration into marketing campaigns.
	+ Achieved an average of 25% increase in client engagement metrics through optimized content strategies.
* Technical Writer, DEF Corporation (2015-2018)
	+ Wrote and edited technical documentation, including user manuals, guides, and knowledge base articles.
	+ Conducted research and interviews with subject matter experts to create accurate and informative content.
	+ Developed and maintained style guides and content templates to ensure consistency across company-wide documentation.

Skills:

* Copywriting and content creation
* Technical writing and documentation
* Proofreading and editing
* Content strategy and planning
* Research and analysis
* Collaboration and teamwork
* Microsoft Office Suite (Word, Excel, PowerPoint, Outlook)
* Google Suite (Docs, Sheets, Slides, Gmail)

Achievements:

* Winner of the 2020 Copywriter of the Year Award at the ABC Marketing Agency
* Featured writer in the 2019 Edition of the DEF Corporation Annual Report
* Developed and implemented a content strategy that resulted in a 50% increase in website traffic for a major client

Education:

* Bachelor's Degree in English, XYZ University (2010-2014)
* Certificate in Content Strategy, Content Marketing Institute (2016)

Certifications:

* HubSpot Content Marketing Certification, HubSpot (2018)
* Google Analytics Certification, Google (2015)

References:
Available upon request.","Mark Hubbard
Contact Information:

* Email: [mark.hubbard@email.com](mailto:mark.hubbard@email.com)
* Phone: (555) 123-4567
* LinkedIn: linkedin.com/in/markhubbard
* Portfolio: markhubbard.contentwriter.com

Professional Summary:
Highly skilled Content Writer with 5+ years of experience in crafting engaging and informative content for various industries, specializing in SEO Writing, Technical Writing, and Proofreading. Proven track record of delivering high-quality content that drives results and enhances brand reputation.

Summary of Experience:

* Content Writer, XYZ Corporation (2018-Present)
	+ Created high-quality content for various industries, including B2B, B2C, and non-profit
	+ Conducted research and interviews to stay up-to-date on industry trends and develop expert insights
	+ Developed and implemented effective SEO strategies to improve website rankings and drive organic traffic
	+ Collaborated with cross-functional teams to create content that aligns with business goals and objectives
* Technical Writer, ABC Agency (2015-2018)
	+ Wrote and edited user manuals, guides, and other technical documentation for software and hardware products
	+ Conducted research to stay current on technical developments and industry standards
	+ Developed and maintained style guides and content standards for the agency
* Freelance Writer (2012-2015)
	+ Wrote articles, blog posts, and website content for various clients across various industries
	+ Conducted research and interviews to develop expert insights and stay up-to-date on industry trends

Skills:

* SEO Writing and Optimization
* Technical Writing and Documentation
* Proofreading and Editing
* Content Strategy and Planning
* Research and Interviewing
* Writing for various industries and formats (blog posts, articles, whitepapers, etc.)
* Proficient in Microsoft Office and Google Suite

Achievements:

* Increased website traffic by 25% through effective SEO strategies and content optimization
* Improved brand reputation through high-quality content that resonated with target audiences
* Developed and implemented a content calendar that increased content output by 50%
* Won a prestigious writing award for excellence in content writing

Education:

* Bachelor's Degree in English, [University Name] (2012)
* Certified Content Marketer, Content Marketing Institute (2016)

Certifications:

* Certified Content Marketer, Content Marketing Institute (2016)
* Google Analytics Certification, Google (2018)

References:
Available upon request.",Felicia,Smith,Felicia Smith,Mark,Hubbard,Mark Hubbard,female,"GreaterEuropean,British",male,"GreaterEuropean,British"
91,Take the lead in driving innovation as a Data Architect in a collaborative environment focused on excellence in data science.,"Erica Gilbert
Contact Information:

* Phone: (123) 456-7890
* Email: [ericagilbert@email.com](mailto:ericagilbert@email.com)
* LinkedIn: linkedin.com/in/ericagilbert

Professional Summary:
Results-driven Data Architect with 8 years of experience in designing and implementing large-scale data systems. Proven expertise in data modeling, big data, ETL tools, and database design. Skilled in leading cross-functional teams and driving business value through data-driven insights.

Technical Skills:

* Data Modeling: Enterprise Architect, Oracle Data Modeler, Erwin Data Modeler
* Big Data: Hadoop, Spark, NoSQL databases (e.g., Cassandra, MongoDB)
* ETL Tools: Informatica PowerCenter, Talend, SSIS
* Database Design: Relational databases (e.g., Oracle, SQL Server), Data Warehousing
* Programming Languages: SQL, Python, Java, Scala
* Operating Systems: Windows, Linux, Unix

Professional Experience:

Senior Data Architect, ABC Corporation (2018-Present)

* Designed and implemented a large-scale data warehouse using Oracle Exadata and Informatica PowerCenter
* Led a team of 3 data engineers to develop and deploy ETL workflows for data integration and transformation
* Collaborated with business stakeholders to define data requirements and develop data governance policies
* Developed and maintained data models for multiple business domains, including customer, order, and product data
* Implemented data quality and data governance processes to ensure data accuracy and compliance

Data Architect, DEF Company (2015-2018)

* Designed and implemented a big data architecture using Hadoop and Spark for real-time data processing
* Developed and deployed ETL workflows using Talend and SSIS for data integration and transformation
* Collaborated with data scientists to develop predictive models and analytics applications
* Implemented data security and access control policies to ensure data confidentiality and integrity

Education:

* Master of Science in Computer Science, XYZ University (2010-2012)
* Bachelor of Science in Computer Science, ABC University (2006-2010)

Certifications:

* Certified Data Architect, Data Science Council of America (2016)
* Certified Big Data Professional, Big Data Institute (2018)

Achievements:

* Successfully implemented a data warehouse project that resulted in a 30% reduction in operational costs
* Developed and deployed a big data architecture that increased data processing speed by 1000%
* Led a team to win the ""Best Data-Driven Initiative"" award at the annual company awards

References:
Available upon request.","Matthew Hughes
Data Architect

Contact Information:

* Email: [matthew.hughes@email.com](mailto:matthew.hughes@email.com)
* Phone: 555-555-5555
* LinkedIn: linkedin.com/in/matthewhughesdataarchitect
* Twitter: @matthewhughesDA

Summary:
Highly accomplished Data Architect with 10+ years of experience in designing, implementing, and optimizing data integration solutions for large-scale enterprises. Skilled in cloud data solutions, ETL tools, database design, and data governance. Proven track record of delivering high-quality solutions that drive business value and improve decision-making.

Professional Experience:

* Senior Data Architect, ABC Corporation (2018-Present)
	+ Designed and implemented cloud-based data integration solutions using AWS Glue, AWS Lambda, and Apache Beam.
	+ Developed and maintained ETL processes using Informatica PowerCenter, Talend, and Azure Data Factory.
	+ Collaborated with stakeholders to identify business requirements and design data architectures that meet business needs.
	+ Led a team of data engineers to design and implement data warehousing and big data solutions using Hadoop, Spark, and NoSQL databases.
* Data Architect, DEF Company (2015-2018)
	+ Designed and implemented data integration solutions using ETL tools, such as Informatica PowerCenter and Microsoft SSIS.
	+ Developed and maintained databases using Oracle, SQL Server, and MySQL.
	+ Collaborated with data scientists to design and implement data governance frameworks.
	+ Provided technical leadership for large-scale data migration projects.
* Data Analyst, GHI Agency (2012-2015)
	+ Analyzed data to identify trends and insights that inform business decisions.
	+ Developed reports and dashboards using Tableau, Power BI, and QlikView.
	+ Collaborated with stakeholders to identify business requirements and design data visualizations.

Education:

* Bachelor's Degree in Computer Science, XYZ University (2012)

Skills:

* Data Integration: AWS Glue, AWS Lambda, Apache Beam, Informatica PowerCenter, Talend, Azure Data Factory
* ETL Tools: Informatica PowerCenter, Talend, Microsoft SSIS
* Database Design: Oracle, SQL Server, MySQL, Hadoop, Spark, NoSQL databases
* Cloud Data Solutions: AWS, Azure, Google Cloud Platform
* Data Governance: Data governance frameworks, data quality, data security
* Programming Languages: Java, Python, SQL, C#

Certifications:

* AWS Certified Solutions Architect - Associate
* Microsoft Certified: Data Platform Developer Associate

Achievements:

* Recipient of the ABC Corporation's ""Innovation Award"" for designing and implementing a cloud-based data integration solution that improved data quality and reduced costs by 30%.
* Co-authored a paper on ""Designing Data Governance Frameworks for Large-Scale Enterprises"" that was published in a leading industry journal.
* Led a team to deliver a large-scale data migration project that resulted in a 25% increase in data quality and a 50% reduction in data processing time.

Professional Memberships:

* International Association for Machine Learning and Artificial Intelligence (IAMAI)
* Data Science Council of America (DASCA)

References:
Available upon request.",Erica,Gilbert,Erica Gilbert,Matthew,Hughes,Matthew Hughes,female,"GreaterEuropean,WestEuropean,Germanic",male,"GreaterEuropean,British"
92,Take the lead in driving innovation as a Data Engineer in a collaborative environment focused on excellence in cloud technologies.,"Timothy Garcia
Contact Information:

* Email: [tgarcia@email.com](mailto:tgarcia@email.com)
* Phone: (123) 456-7890
* LinkedIn: linkedin.com/in/timothygarcia
* GitHub: github.com/tgarcia

Professional Summary:
Highly motivated and detail-oriented Data Engineer with 5+ years of experience in designing, building, and maintaining large-scale data systems. Skilled in MLOps, Airflow, ETL, Big Data, and Data Warehousing. Proven track record of delivering high-quality solutions that meet business requirements and drive insights.

Technical Skills:

* Programming languages: Python, Java, SQL
* Data Engineering tools: Airflow, Apache Beam, Spark
* Big Data platforms: Hadoop, Spark, NoSQL databases
* Data Warehousing: AWS Redshift, Google BigQuery
* Machine Learning: scikit-learn, TensorFlow
* Operating Systems: Linux, Windows
* Agile methodologies: Scrum, Kanban

Professional Experience:

Senior Data Engineer, ABC Corporation (2020-Present)

* Designed and implemented a scalable data pipeline using Airflow, Apache Beam, and Spark to process 10TB of data daily
* Developed and maintained a data warehouse on AWS Redshift, providing insights to business stakeholders
* Collaborated with cross-functional teams to integrate data from multiple sources, including APIs, databases, and files
* Implemented data quality checks and data validation using Python and SQL
* Improved data processing efficiency by 30% through optimization of ETL processes

Data Engineer, DEF Startups (2018-2020)

* Built a real-time data processing system using Spark Streaming and Kafka to process 1TB of data hourly
* Designed and implemented a data lake on Hadoop, providing data scientists with a scalable data repository
* Developed and maintained a data pipeline using Apache Beam and Airflow to process 100GB of data daily
* Collaborated with data scientists to develop and deploy machine learning models using scikit-learn and TensorFlow

Education:

* Bachelor's Degree in Computer Science, XYZ University (2015-2019)

Certifications:

* Certified Data Engineer, Google Cloud (2020)
* Certified Apache Spark Developer, Apache Software Foundation (2019)

Achievements:

* Winner of the ABC Corporation's Data Engineer Hackathon (2020)
* Featured speaker at the DEF Startups' Data Engineering Conference (2019)
* Published a paper on ""Scalable Data Processing using Airflow and Apache Beam"" in the Journal of Data Engineering (2020)

References:
Available upon request.","Kathy Ramirez
Data Engineer

Contact Information:

* Email: [kramirez@email.com](mailto:kramirez@email.com)
* Phone: (555) 123-4567
* LinkedIn: linkedin.com/in/kathyramirez

Summary:
Highly skilled Data Engineer with 8+ years of experience in designing, building, and maintaining large-scale data pipelines using MLOps, Airflow, and Big Data technologies. Proven track record of delivering high-quality solutions on cloud platforms, with expertise in Spark and cloud-based data warehousing. Strong passion for data engineering and a commitment to driving business growth through data-driven insights.

Technical Skills:

* MLOps: Model deployment, model serving, and model monitoring on cloud platforms
* Airflow: Designing and implementing data pipelines, workflow orchestration, and scheduling
* Big Data: Hadoop, Spark, and NoSQL databases (e.g., Cassandra, HBase)
* Cloud Platforms: AWS, GCP, Azure (IaaS, PaaS, SaaS)
* Programming Languages: Python, Java, Scala
* Operating Systems: Linux, Windows

Professional Experience:

Senior Data Engineer, ABC Corporation (2018-Present)

* Designed and implemented multiple data pipelines using Airflow, Spark, and Hadoop to support business growth and decision-making
* Developed and deployed machine learning models using MLOps on cloud platforms (AWS, GCP) for predictive analytics and recommendation systems
* Collaborated with cross-functional teams to design and implement data warehousing and data governance strategies
* Spearheaded the migration of legacy data systems to cloud-based platforms, resulting in 30% reduction in data processing time and 25% cost savings

Data Engineer, DEF Startups (2015-2018)

* Built and maintained large-scale data pipelines using Spark, Hadoop, and NoSQL databases to support real-time analytics and data science workloads
* Developed and deployed data processing workflows using Airflow and Apache Beam
* Worked closely with data scientists to design and implement data engineering solutions that supported data-driven decision-making
* Contributed to the development of company-wide data governance policies and procedures

Education:

* Bachelor of Science in Computer Science, XYZ University (2010-2014)

Achievements:

*Recipient of the ABC Corporation's ""Data Engineer of the Year"" award (2020)
*Published author of ""Designing Data Pipelines with Airflow and Spark"" in the Journal of Data Engineering (2020)
*Member of the Apache Software Foundation (ASF) and contributor to the Apache Airflow project

Professional Certifications:

* Certified Data Engineer, Google Cloud (2019)
* Certified Cloud Developer, AWS (2018)

References:
Available upon request.",Timothy,Garcia,Timothy Garcia,Kathy,Ramirez,Kathy Ramirez,male,"GreaterEuropean,WestEuropean,Italian",female,"GreaterEuropean,WestEuropean,Hispanic"
93,Take the lead in driving innovation as a DevOps Engineer in a collaborative environment focused on excellence in cloud technologies.,"Jeremy Lopez
DevOps Engineer

Contact Information:

* Phone: (555) 123-4567
* Email: [jeremy.lopez@email.com](mailto:jeremy.lopez@email.com)
* LinkedIn: linkedin.com/in/jeremylopezdevops
* GitHub: github.com/jeremylopez

Summary:
Highly motivated and experienced DevOps Engineer with a strong background in CI/CD, Docker, Infrastructure as Code, and Monitoring Tools. Proven track record of delivering scalable and reliable infrastructure solutions in cloud environments. Skilled in Cloud Platforms, including AWS and Azure. Passionate about automation, efficiency, and continuous improvement.

Technical Skills:

* CI/CD Tools: Jenkins, GitLab CI/CD, CircleCI
* Containerization: Docker, Kubernetes
* Infrastructure as Code: Terraform, Ansible
* Monitoring Tools: Prometheus, Grafana, New Relic
* Cloud Platforms: AWS, Azure
* Operating Systems: Linux, Windows
* Scripting Languages: Python, Bash

Professional Experience:

DevOps Engineer, ABC Corporation (2020-Present)

* Designed and implemented a CI/CD pipeline using Jenkins and Docker to automate the deployment of microservices
* Created and maintained Infrastructure as Code using Terraform to deploy and manage cloud infrastructure
* Implemented monitoring and logging using Prometheus and Grafana to ensure system reliability and performance
* Collaborated with development teams to resolve infrastructure-related issues and improve overall system efficiency
* Developed and maintained a Docker-based containerization strategy to improve application deployment and scalability

Senior Systems Administrator, DEF Startups (2018-2020)

* Designed and implemented a cloud-based infrastructure using AWS to support the growth of a startup company
* Developed and maintained a CI/CD pipeline using GitLab CI/CD to automate the deployment of applications
* Implemented monitoring and logging using New Relic to ensure system reliability and performance
* Collaborated with development teams to resolve infrastructure-related issues and improve overall system efficiency

Education:

* Bachelor of Science in Computer Science, XYZ University (2015-2019)

Achievements:

* Successfully implemented a CI/CD pipeline using Jenkins and Docker, resulting in a 30% reduction in deployment time and a 25% increase in application uptime
* Designed and implemented a cloud-based infrastructure using AWS, resulting in a 40% reduction in infrastructure costs and a 50% increase in application scalability
* Developed and maintained a Docker-based containerization strategy, resulting in a 20% reduction in application deployment time and a 30% increase in application reliability

Certifications:

* AWS Certified SysOps Administrator - Associate
* Docker Certified Associate

References:
Available upon request.","Jacqueline Crawford
DevOps Engineer

Contact Information:

* Email: [jacqueline.crawford@email.com](mailto:jacqueline.crawford@email.com)
* Phone: 555-555-5555
* LinkedIn: linkedin.com/in/jacquelinecrawford

Professional Summary:
Highly motivated and experienced DevOps Engineer with a strong background in Kubernetes, Infrastructure as Code, and Monitoring Tools. Proven track record of delivering scalable and reliable infrastructure solutions, with a focus on automation and efficiency. Skilled in cloud platforms, including AWS and GCP, and passionate about implementing best practices in DevOps.

Technical Skills:

* Kubernetes (Deployments, Services, Pods, ReplicaSets)
* Infrastructure as Code (Terraform, CloudFormation, Ansible)
* Monitoring Tools (Prometheus, Grafana, New Relic)
* Cloud Platforms (AWS, GCP, Azure)
* Containerization (Docker, Containerd)
* CI/CD Pipelines (Jenkins, GitLab CI/CD)
* Scripting languages (Bash, Python, Powershell)

Professional Experience:

DevOps Engineer, XYZ Corporation (2020-Present)

* Design and implement scalable and reliable infrastructure solutions using Kubernetes, Terraform, and Ansible
* Develop and maintain CI/CD pipelines using Jenkins and GitLab CI/CD
* Monitor and optimize application performance using Prometheus, Grafana, and New Relic
* Collaborate with development teams to ensure smooth deployment and scaling of applications
* Participate in on-call rotations for production support and troubleshooting

Senior Systems Administrator, ABC Company (2018-2020)

* Managed and maintained large-scale infrastructure environments using AWS and GCP
* Developed and implemented automation scripts using Bash and Python
* Collaborated with development teams to implement infrastructure as code using Terraform and CloudFormation
* Provided technical guidance and support to junior team members

Education:

* Bachelor's Degree in Computer Science, [University Name] (2018)

Certifications:

* Certified Kubernetes Administrator (CKA)
* Certified Cloud Practitioner (CCP)

Achievements:

* Designed and implemented a Kubernetes-based infrastructure solution for a high-traffic e-commerce application, resulting in a 30% reduction in infrastructure costs
* Developed and deployed a Terraform-based CI/CD pipeline for a large-scale web application, resulting in a 50% reduction in deployment time
* Collaborated with a cross-functional team to implement a monitoring and logging solution using Prometheus, Grafana, and New Relic, resulting in a 90% reduction in mean time to detect (MTTD) incidents

References:
Available upon request.",Jeremy,Lopez,Jeremy Lopez,Jacqueline,Crawford,Jacqueline Crawford,male,"GreaterEuropean,WestEuropean,French",female,"GreaterEuropean,WestEuropean,French"
94,Take the lead in driving innovation as a E-commerce Specialist in a collaborative environment focused on excellence in data science.,"Joshua Mora
E-commerce Specialist

Contact Information:

* Email: [joshuamora@email.com](mailto:joshuamora@email.com)
* Phone: 555-555-5555
* LinkedIn: linkedin.com/in/joshuamora
* Twitter: @joshuamora

Professional Summary:
Results-driven E-commerce Specialist with extensive experience in SEO, online advertising, and analytics. Proven track record of driving sales growth and improving website conversions through data-driven strategies. Skilled in optimizing e-commerce platforms, managing paid advertising campaigns, and analyzing website performance to inform business decisions.

Technical Skills:

* E-commerce platforms: Shopify, Magento, WooCommerce
* SEO tools: Google Analytics, Google Search Console, Ahrefs, SEMrush
* Online advertising platforms: Google Ads, Facebook Ads, Bing Ads
* Analytics software: Google Analytics, Tableau
* Programming languages: HTML, CSS, JavaScript

Work Experience:

E-commerce SEO Specialist, XYZ Inc. (2018-Present)

* Developed and executed comprehensive SEO strategies to improve website rankings, drive organic traffic, and increase conversions
* Conducted keyword research, on-page optimization, and link building to improve website authority and visibility
* Managed and optimized paid advertising campaigns across Google Ads, Facebook Ads, and Bing Ads to drive sales and revenue growth
* Analyzed website performance using Google Analytics and provided data-driven insights to inform business decisions
* Collaborated with the e-commerce team to develop and implement website changes to improve user experience and conversion rates

E-commerce Marketing Specialist, ABC Company (2015-2018)

* Created and implemented online marketing campaigns to drive website traffic, engagement, and sales
* Managed and optimized social media presence across multiple platforms to improve brand awareness and customer engagement
* Conducted A/B testing and experimentation to inform website design and user experience decisions
* Analyzed website performance using Google Analytics and provided data-driven insights to inform business decisions
* Collaborated with the e-commerce team to develop and implement website changes to improve user experience and conversion rates

Education:

* Bachelor's Degree in Marketing, [University Name] (2015)

Certifications:

* Google Analytics Certification
* HubSpot Inbound Marketing Certification

Achievements:

* Increased website traffic by 50% through SEO optimization and content marketing efforts
* Improved website conversion rate by 25% through A/B testing and experimentation
* Increased sales revenue by 20% through targeted online advertising campaigns
* Developed and executed a comprehensive social media strategy that resulted in a 500% increase in social media engagement

References:
Available upon request.","Stephanie Reed
Contact Information:

* Phone: (555) 123-4567
* Email: [stephanie.reed@email.com](mailto:stephanie.reed@email.com)
* LinkedIn: linkedin.com/in/stephaniereed

Professional Summary:
Results-driven E-commerce Specialist with 5+ years of experience in managing online product listings, inventory, and advertising campaigns. Proven track record of improving sales, reducing costs, and enhancing customer satisfaction. Skilled in analytics, customer service, and online marketing.

Work Experience:

E-commerce Specialist, XYZ Corporation (2018-Present)

* Managed and optimized online product listings across multiple marketplaces, resulting in a 25% increase in sales and a 15% reduction in costs.
* Coordinated with inventory teams to ensure accurate inventory levels and timely shipments, resulting in a 99% order fulfillment rate.
* Developed and executed online advertising campaigns, including social media and Google Ads, resulting in a 30% increase in website traffic and a 20% increase in conversions.
* Provided exceptional customer service through email, phone, and social media, resolving 95% of customer complaints and improving customer satisfaction ratings by 25%.

Senior Product Listing Specialist, ABC Inc. (2015-2018)

* Created and maintained accurate product listings across multiple online marketplaces, resulting in a 20% increase in sales and a 10% reduction in returns.
* Analyzed sales data and provided insights to inform product pricing, marketing, and inventory decisions.
* Collaborated with cross-functional teams to develop and implement product launches, resulting in a 50% increase in sales within the first quarter.
* Trained and mentored junior product listing specialists, improving team productivity and accuracy by 25%.

Education:

* Bachelor's Degree in Business Administration, [University Name] (2015)

Skills:

* Product Listing and Management
* Inventory Management and Control
* Online Advertising (Google Ads, Social Media)
* Customer Service and Support
* Analytics and Data Analysis
* Team Collaboration and Leadership
* Time Management and Organization

Achievements:

* 2019: Winner of the XYZ Corporation's E-commerce Excellence Award for outstanding contributions to sales and customer satisfaction.
* 2018: Completed Google Analytics Certification program and achieved expert-level status.
* 2017: Developed and implemented a social media campaign that increased followers by 500% and engagement by 200%.

Certifications:

* Google Analytics Certification
* Facebook Blueprint Certification
* HubSpot Inbound Marketing Certification

References:
Available upon request.",Joshua,Mora,Joshua Mora,Stephanie,Reed,Stephanie Reed,male,"GreaterEuropean,Jewish",female,"GreaterEuropean,British"
95,Take the lead in driving innovation as a Product Manager in a collaborative environment focused on excellence in data science.,"Brittney Houston
Contact Information:

* Email: [brittney.houston@email.com](mailto:brittney.houston@email.com)
* Phone: 555-555-5555
* LinkedIn: linkedin.com/in/brittneyhouston

Summary:
Results-driven product manager with 8+ years of experience in driving product strategy, stakeholder communication, and delivery of successful products. Proven track record of success in Agile environments, with expertise in roadmapping, market research, and stakeholder engagement. Skilled in collaborating with cross-functional teams to drive business growth and customer satisfaction.

Professional Experience:

Product Manager, XYZ Corporation (2018-Present)

* Developed and executed product roadmaps that aligned with business objectives, resulting in 25% increase in revenue
* Collaborated with stakeholders to gather requirements and prioritize features, ensuring timely and successful product delivery
* Conducted market research to stay up-to-date on industry trends and competitor analysis, informing product decisions
* Led Agile teams to deliver high-quality products, with a focus on customer satisfaction and continuous improvement
* Built and maintained relationships with key stakeholders, including sales, marketing, and customer success teams

Senior Product Manager, ABC Startups (2015-2018)

* Led the development of a new product line, resulting in 50% increase in sales within the first year
* Conducted market research to identify opportunities for growth and expansion, informing product roadmap decisions
* Collaborated with cross-functional teams to launch new products, with a focus on customer acquisition and retention
* Developed and executed stakeholder engagement plans, ensuring alignment and buy-in from key stakeholders

Education:

* Master of Business Administration (MBA), Stanford University (2012-2014)
* Bachelor of Science in Business Administration, University of California, Berkeley (2008-2012)

Skills:

* Product roadmapping and strategy
* Stakeholder communication and engagement
* Agile product delivery
* Market research and analysis
* Team leadership and collaboration
* Customer-centric approach

Certifications:

* Certified Product Manager (CPM), International Academy of Product Management (2016)
* Agile Certified Practitioner (ACP), Project Management Institute (2015)

Achievements:

* Successfully led a product team to deliver a product that exceeded customer satisfaction goals by 25%
* Developed and executed a product roadmap that resulted in 50% increase in sales within the first year
* Conducted market research that informed product decisions, resulting in a 30% increase in customer acquisition

References:
Available upon request.","Mark Silva
Contact Information:

* Email: [mark.silva@email.com](mailto:mark.silva@email.com)
* Phone: 555-555-5555
* LinkedIn: linkedin.com/in/marksilva
* Twitter: @marksilva

Professional Summary:
Results-driven product management professional with 8+ years of experience driving business growth through innovative product development. Proven track record of leveraging data analysis, market research, and agile methodologies to create and launch successful products. Skilled in creating and executing product roadmaps, managing cross-functional teams, and prioritizing features to meet business objectives.

Professional Experience:

* Senior Product Manager, ABC Company (2018-Present)
	+ Developed and executed product roadmaps to drive business growth and revenue expansion
	+ Led cross-functional teams to launch new products and features, resulting in 25% increase in sales within 6 months
	+ Analyzed market trends and customer feedback to inform product development decisions
	+ Collaborated with stakeholders to prioritize features and allocate resources
* Product Manager, DEF Startup (2015-2018)
	+ Created and maintained product roadmaps to guide development and launch of new products
	+ Conducted market research and analysis to identify business opportunities and inform product strategy
	+ Worked with development teams to ensure timely and successful launch of products
	+ Collaborated with sales and marketing teams to develop go-to-market strategies
* Business Analyst, GHI Corporation (2012-2015)
	+ Conducted market research and analysis to inform business decisions and product development
	+ Created and maintained business cases to justify investment in new products and features
	+ Collaborated with stakeholders to prioritize features and allocate resources
	+ Developed and maintained product requirements documents to guide development

Achievements:

* Product of the Year Award, ABC Company (2020) - Awarded for outstanding product development and launch of a new product
* 25% Increase in Sales, ABC Company (2019) - Achieved through successful launch of new product and features
* Improved Product Development Cycle Time, DEF Startup (2017) - Reduced development cycle time by 30% through process improvements and teamwork

Skills:

* Product Roadmapping
* Agile Methodologies (Scrum, Kanban)
* Data Analysis (SQL, Excel, Tableau)
* Market Research (surveys, focus groups, customer interviews)
* Cross-Functional Team Management
* Prioritization and Resource Allocation
* Feature Development and Launch

Education:

* Bachelor's Degree in Business Administration, XYZ University (2012)

Certifications:

* Certified Product Manager (CPM), Association of International Product Marketing and Management (2016)
* Agile Certified Practitioner (ACP), Project Management Institute (2015)

References:
Available upon request.",Brittney,Houston,Brittney Houston,Mark,Silva,Mark Silva,female,"GreaterEuropean,British",male,"GreaterEuropean,WestEuropean,Hispanic"
96,Take the lead in driving innovation as a Robotics Engineer in a collaborative environment focused on excellence in AI research.,"Michael Green
Contact Information:

* Phone: (123) 456-7890
* Email: [michael.green@email.com](mailto:michael.green@email.com)
* LinkedIn: linkedin.com/in/michaelgreenrobotics
* GitHub: github.com/michaelgreenrobotics

Summary:
Highly motivated and experienced Robotics Engineer with expertise in ROS, Control Systems, Mechatronics, Sensor Fusion, and Path Planning. Proven track record of delivering complex projects from design to deployment. Strong passion for innovation and problem-solving, with a focus on developing intelligent and efficient robotic systems.

Professional Experience:

Robotics Engineer, ABC Company (2020-Present)

* Designed and developed several robotic systems using ROS, including a autonomous warehouse picker and a robotic arm for assembly tasks
* Implemented sensor fusion algorithms to improve navigation and mapping capabilities
* Collaborated with cross-functional teams to integrate robotic systems with existing infrastructure and software
* Conducted system testing and validation to ensure compliance with safety and performance standards
* Mentored junior engineers and contributed to knowledge sharing and best practices within the company

Research Engineer, DEF University (2018-2020)

* Conducted research on path planning and motion control for autonomous vehicles using ROS and MATLAB
* Developed and implemented novel algorithms for sensor fusion and state estimation
* Collaborated with faculty and students to design and test robotic systems for various applications
* Published several papers in top-tier conferences and journals, including ICRA and IEEE Transactions on Robotics

Education:

* Master of Science in Robotics Engineering, XYZ University (2015-2017)
	+ Coursework: Robotics, Control Systems, Mechatronics, Sensor Fusion, and Computer Vision
	+ Thesis: ""Sensor Fusion for Autonomous Vehicles using ROS and MATLAB""
* Bachelor of Science in Electrical Engineering, ABC University (2010-2014)
	+ Coursework: Control Systems, Circuit Analysis, Microcontrollers, and Digital Signal Processing

Skills:

* Programming languages: C++, Python, MATLAB, and ROS
* Robotics frameworks: ROS (Indigo, Melodic, and Noetic), ROS2 (Foxy and Humble)
* Control systems: PID, Model Predictive Control, and Sliding Mode Control
* Mechatronics: Sensor design, actuator control, and system integration
* Sensor fusion: Kalman filtering, unscented Kalman filtering, and particle filtering
* Path planning: Motion planning, trajectory planning, and sampling-based planning

Achievements:

* Best Paper Award, ICRA 2019, for ""Sensor Fusion for Autonomous Vehicles using ROS and MATLAB""
* IEEE Robotics and Automation Society (RAS) Outstanding Engineer Award, 2018
* ROS Certified Developer, certified in ROS1 and ROS2
* Published papers in top-tier conferences and journals, including ICRA and IEEE Transactions on Robotics

Certifications:

* ROS Certified Developer, certified in ROS1 and ROS2
* Certified Embedded Systems Engineer, by the Institute of Electrical and Electronics Engineers (IEEE)

References:
Available upon request.","Sharon Taylor
Contact Information:

* Email: [staylor@email.com](mailto:staylor@email.com)
* Phone: (123) 456-7890
* LinkedIn: linkedin.com/in/sharontaylor
* Address: 123 Main St, Anytown, USA 12345

Summary:
Highly motivated and detail-oriented Robotics Engineer with 5+ years of experience in designing, developing, and deploying control systems and mechatronic solutions. Skilled in path planning, motion control, and robotics software development. Proven track record of delivering high-quality projects on time and on budget. Seeking a challenging role that leverages my technical expertise and passion for robotics.

Technical Skills:

* Programming languages: C++, Python, MATLAB
* Control systems: PID, model predictive control, state estimation
* Mechatronics: sensor integration, actuation, and control
* Path planning: kinematics, dynamics, and trajectory planning
* Robotics software: ROS, Simulink, LabVIEW
* Operating Systems: Windows, Linux, Ubuntu

Professional Experience:

Robotics Engineer, ABC Robotics (2020-Present)

* Designed and developed control systems for autonomous mobile robots, including path planning, motion control, and sensor integration
* Collaborated with cross-functional teams to integrate robotics solutions into industrial processes
* Conducted performance testing and validation of robotics systems to ensure compliance with industry standards
* Developed and maintained software documentation, including user manuals and technical guides

Senior Engineer, DEF Engineering (2018-2020)

* Led a team of engineers to design and develop a mechatronic system for a major industrial client, including kinematic and dynamic analysis
* Developed and implemented a path planning algorithm using kinematic and dynamic models
* Conducted system integration and testing, ensuring seamless operation with other systems
* Provided technical guidance and mentorship to junior engineers

Education:

* Master of Science in Mechatronics Engineering, XYZ University (2015-2017)
* Bachelor of Science in Electrical Engineering, ABC University (2010-2014)

Achievements:

* Recipient of the Best Paper Award, IEEE International Conference on Robotics and Automation (2019)
* Recipient of the Innovation Award, ABC Robotics Innovation Challenge (2018)
* Published several papers in top-tier robotics conferences and journals, including IEEE Transactions on Robotics and IEEE Robotics and Automation Letters

Certifications:

* Certified Robotics Engineer, IEEE Robotics and Automation Society (2019)
* Certified Mechatronics Engineer, Society of Automotive Engineers (2016)

References:
Available upon request.",Michael,Green,Michael Green,Sharon,Taylor,Sharon Taylor,male,"GreaterEuropean,British",female,"GreaterEuropean,British"
97,Take the lead in driving innovation as a Robotics Engineer in a collaborative environment focused on excellence in cloud technologies.,"Tabitha Hale
Robotics Engineer

Contact Information:

* Phone: (555) 123-4567
* Email: [tabitha.hale@email.com](mailto:tabitha.hale@email.com)
* LinkedIn: linkedin.com/in/tabithahale
* GitHub: github.com/tabithahale

Professional Summary:

Highly motivated and detail-oriented robotics engineer with 5+ years of experience in designing and developing autonomous systems, specializing in sensor fusion, path planning, and motion control. Skilled in ROS, MATLAB, and C++, with a strong background in computer vision and machine learning.

Technical Skills:

* Programming languages: C++, Python, MATLAB
* Robotics frameworks: ROS (Robot Operating System), OpenCV
* Sensor fusion: Kalman filters, particle filters
* Path planning: RRT, D* algorithm
* Simulation tools: Gazebo, V-REP
* Operating Systems: Linux, Windows

Professional Experience:

Robotics Engineer, XYZ Corporation (2018-Present)

* Design and develop autonomous robots for warehouse automation and logistics
* Implement sensor fusion algorithms for accurate localization and mapping
* Develop path planning algorithms for efficient navigation in dynamic environments
* Collaborate with cross-functional teams to integrate robotics with computer vision and machine learning
* Lead the development of robotic systems from concept to deployment

Robotics Engineer, ABC Research Institute (2015-2018)

* Conducted research on autonomous systems for search and rescue applications
* Developed and implemented ROS-based robot systems for terrain mapping and obstacle avoidance
* Collaborated with researchers to design and implement sensor fusion algorithms for improved localization and mapping
* Published research papers on robotics and computer vision in top-tier conferences

Education:

* Master of Science in Robotics, University of California, Berkeley (2015)
* Bachelor of Science in Electrical Engineering, University of Michigan, Ann Arbor (2013)

Achievements:

* Published 5+ research papers in top-tier conferences on robotics and computer vision
* Developed and implemented a ROS-based robot system for warehouse automation, resulting in 25% reduction in labor costs
* Collaborated with researchers to design and implement a sensor fusion algorithm for accurate localization and mapping, achieving 99% accuracy
* Led the development of a robotic system for search and rescue applications, resulting in 30% reduction in response time

Certifications:

* Certified Robotics Engineer, Robotics Society of America (2019)
* Certified Software Developer, Certified Software Development Association (2016)

References:

Available upon request.","Phillip Stark
Robotics Engineer

Contact Information:

* Email: [phillip.stark@email.com](mailto:phillip.stark@email.com)
* Phone: 555-555-5555
* LinkedIn: linkedin.com/in/phillipstark
* GitHub: github.com/phillipstark

Professional Summary:

Highly motivated and detail-oriented robotics engineer with 5+ years of experience in designing, developing, and deploying robotic systems. Skilled in ROS, control systems, mechatronics, sensor fusion, and path planning. Proven track record of delivering high-quality solutions on time and on budget. Proficient in C++, Python, and MATLAB. Seeking a challenging role that utilizes my technical expertise to drive innovation and growth in robotics.

Technical Skills:

* Programming languages: C++, Python, MATLAB
* Robotics frameworks: ROS (Kinetic, Melodic), Gazebo
* Control systems: PID, Model Predictive Control (MPC)
* Mechatronics: mechanical design, electronics, and PCB design
* Sensor fusion: Kalman filters, Bayesian estimation
* Path planning: motion planning, trajectory planning
* Operating systems: Linux, Windows

Professional Experience:

Robotics Engineer, XYZ Robotics (2018-Present)

* Designed and developed a mobile robot platform using ROS and Gazebo for autonomous navigation and mapping
* Implemented sensor fusion algorithms using Kalman filters and Bayesian estimation for accurate localization and mapping
* Developed and deployed a path planning algorithm using motion planning and trajectory planning techniques for efficient navigation
* Collaborated with cross-functional teams to integrate robotic systems with other technologies, such as computer vision and machine learning
* Conducted thorough testing and debugging of robotic systems to ensure high-quality and reliability

Robotics Engineer, ABC Research Institute (2015-2018)

* Designed and developed a robotic arm for precision assembly and manipulation using mechatronics and control systems
* Implemented control algorithms using PID and MPC for stable and accurate control
* Conducted experiments and data analysis to validate the performance of the robotic system
* Collaborated with researchers to integrate the robotic system with other technologies, such as computer vision and machine learning
* Presented research findings and results at international conferences and publications

Education:

* Bachelor's/Master's in Robotics Engineering, XYZ University (2010-2015)
* Relevant coursework: robotics, control systems, mechatronics, computer vision, machine learning

Achievements:

* Developed and deployed a ROS-based robotic system for autonomous navigation and mapping that achieved a 95% accuracy rate in localization and mapping
* Presented a research paper on sensor fusion algorithms using Kalman filters and Bayesian estimation at the International Conference on Robotics and Automation (ICRA)
* Received a grant from the National Science Foundation (NSF) for research on robotic systems for precision assembly and manipulation
* Collaborated with industry partners to develop and deploy robotic systems for various applications, including manufacturing, logistics, and healthcare

Certifications:

* Certified Robotics Engineer (CRE), Robotics Institute (2018)
* Certified Professional in Engineering (PE), National Council of Examiners for Engineering and Surveying (NCEES) (2015)

References:

Available upon request.",Tabitha,Hale,Tabitha Hale,Phillip,Stark,Phillip Stark,female,"GreaterEuropean,British",male,"GreaterEuropean,British"
98,Take the lead in driving innovation as a Software Engineer in a collaborative environment focused on excellence in AI research.,"Andrea Wilson
Software Engineer

Contact Information:

* Email: [awilson@email.com](mailto:awilson@email.com)
* Phone: 555-555-5555
* LinkedIn: linkedin.com/in/andreawilson
* GitHub: github.com/andreawilson

Summary:
Highly motivated and detail-oriented software engineer with 5+ years of experience in designing, developing, and deploying scalable software applications. Skilled in multiple programming languages, including Java, C++, and Python, with a strong foundation in algorithms and data structures. Proficient in agile development methodologies and version control systems.

Technical Skills:

* Programming languages: Java, C++, Python
* Data structures: Arrays, Linked Lists, Stacks, Queues, Trees, Graphs
* Algorithms: Sorting, Searching, Greedy, Dynamic Programming, Backtracking
* Development tools: Git, SVN, Eclipse, IntelliJ IDEA
* Operating Systems: Windows, Linux, macOS
* Cloud platforms: AWS, Azure

Professional Experience:

Senior Software Engineer, ABC Corporation (2018-Present)

* Designed and developed multiple software applications using Java, C++, and Python
* Collaborated with cross-functional teams to identify and prioritize project requirements
* Implemented algorithms and data structures to optimize performance and scalability
* Mentored junior engineers and contributed to code reviews
* Participated in agile development methodologies, including Scrum and Kanban

Software Engineer, DEF Startups (2015-2018)

* Developed and deployed a cloud-based e-commerce platform using Python and AWS
* Implemented a machine learning model using C++ and TensorFlow to predict user behavior
* Collaborated with the product team to design and develop a mobile app using Java and Android SDK
* Participated in code reviews and contributed to the development of coding standards

Education:

* Bachelor of Science in Computer Science, XYZ University (2010-2014)
	+ Coursework: Data Structures, Algorithms, Computer Systems, Database Systems, Software Engineering

Achievements:

* Recipient of the XYZ University Computer Science Department Award for Outstanding Achievement (2014)
* Contributor to the development of an open-source project, OpenCV, on GitHub (2015-Present)
* Speaker at the ABC Corporation Technical Conference on ""Designing Scalable Software Applications"" (2019)

References:
Available upon request.","Alexander Moore
Software Engineer

Contact Information:

* Email: [alexander.moore@email.com](mailto:alexander.moore@email.com)
* Phone: (123) 456-7890
* LinkedIn: linkedin.com/in/alexander-moore
* GitHub: github.com/alexander-moore

Professional Summary:
Highly motivated and detail-oriented software engineer with 5+ years of experience in designing and developing scalable, efficient, and secure software systems. Skilled in C++, data structures, system design, and DevOps practices. Proven track record of delivering high-quality software solutions on time and on budget.

Technical Skills:

* Programming languages: C++, Java, Python
* Data structures: Arrays, Linked Lists, Stacks, Queues, Trees, Graphs
* System design: Microservices, RESTful APIs, Message Queues, Database Design
* DevOps: Docker, Kubernetes, Jenkins, Git
* Operating Systems: Windows, Linux, macOS
* Agile methodologies: Scrum, Kanban

Professional Experience:

Senior Software Engineer, ABC Corporation (2018-Present)

* Designed and developed multiple high-performance C++ applications for financial trading systems, resulting in a 30% increase in trading speed and a 25% reduction in latency.
* Collaborated with cross-functional teams to implement DevOps practices, resulting in a 40% reduction in deployment time and a 20% increase in code quality.
* Mentored junior engineers and provided technical guidance on system design and implementation.

Software Engineer, DEF Startups (2015-2018)

* Developed a scalable e-commerce platform using Java and Spring Boot, resulting in a 50% increase in sales and a 20% reduction in customer complaints.
* Implemented a data warehousing system using Python and Apache Spark, resulting in a 30% increase in data analysis efficiency.
* Participated in code reviews and provided technical feedback to improve code quality and maintainability.

Education:

* Bachelor of Science in Computer Science, XYZ University (2015)

Achievements:

* Winner of the XYZ University Hackathon (2014)
* Published a research paper on ""Efficient Data Structures for Large-Scale Data Analysis"" in the Journal of Computer Science (2016)
* Certified Scrum Master (CSM), Scrum Alliance (2017)

Certifications:

* Certified Scrum Master (CSM), Scrum Alliance (2017)
* Certified Java Developer (OCPJP), Oracle Corporation (2015)

References:
Available upon request.",Andrea,Wilson,Andrea Wilson,Alexander,Moore,Alexander Moore,female,"GreaterEuropean,British",male,"GreaterEuropean,British"
99,Take the lead in driving innovation as a System Administrator in a collaborative environment focused on excellence in AI research.,"Michael Yu
System Administrator

Contact Information:

* Phone: (123) 456-7890
* Email: [myu@email.com](mailto:myu@email.com)
* LinkedIn: linkedin.com/in/michaelyu

Summary:

Highly motivated and experienced System Administrator with a strong background in Windows Server, Networking, and System Monitoring. Proven ability to design, implement, and maintain complex IT systems. Skilled in troubleshooting, problem-solving, and collaboration. Seeking a challenging role as a System Administrator where I can utilize my expertise to optimize IT infrastructure and ensure seamless system performance.

Technical Skills:

* Operating Systems: Windows Server (2008-2019), Windows 10
* Networking: TCP/IP, DHCP, DNS, VPN, Firewall
* System Monitoring: Nagios, SolarWinds, SCOM
* Scripting: PowerShell, Bash
* Cloud Services: Azure, AWS
* Storage: SAN, NAS, DAS

Professional Experience:

System Administrator, XYZ Corporation (2018-Present)

* Design, implement, and maintain Windows Server infrastructure for a global enterprise
* Configure and manage network devices, including firewalls, routers, and switches
* Monitor and troubleshoot system performance using Nagios and SolarWinds
* Implement and maintain backup and disaster recovery processes
* Collaborate with IT teams to resolve technical issues and improve IT infrastructure

Senior Support Specialist, ABC Inc. (2015-2018)

* Provided technical support for Windows Server, Networking, and System Monitoring
* Troubleshot and resolved complex technical issues using advanced troubleshooting techniques
* Collaborated with IT teams to design and implement new IT projects
* Developed and implemented knowledge base articles and documentation for technical support

Education:

* Bachelor's Degree in Computer Science, [University Name] (2010-2014)

Certifications:

* Microsoft Certified: MCSA Windows Server 2016
* CompTIA A+: IT Technician
* CompTIA Network+: Network Technician

Achievements:

* Successfully designed and implemented a Windows Server 2016 environment for a global enterprise, resulting in a 30% reduction in system downtime
* Developed and implemented a comprehensive backup and disaster recovery process, ensuring 99.9% data availability
* Collaborated with IT teams to implement a cloud-based storage solution, reducing storage costs by 25%

References:

Available upon request.","Benjamin Rogers
System Administrator

Contact Information:

* Address: 123 Main St, Anytown, USA 12345
* Phone: (123) 456-7890
* Email: [benjamin.rogers@email.com](mailto:benjamin.rogers@email.com)
* LinkedIn: linkedin.com/in/benjaminrogers

Summary:
Highly motivated and detail-oriented system administrator with 5+ years of experience in managing and maintaining large-scale computer networks, virtualized environments, and system monitoring tools. Proven track record of improving network security, reducing downtime, and enhancing overall system performance. Skilled in Active Directory, networking, virtualization, and system monitoring.

Technical Skills:

* Active Directory (AD): AD DS, AD AM, Group Policy, and Security
* Networking: TCP/IP, DNS, DHCP, VPN, and Network Security
* Virtualization: VMware vSphere, Hyper-V, and VirtualBox
* System Monitoring: Nagios, Prometheus, and Grafana
* Operating Systems: Windows Server, Linux (Red Hat, Ubuntu), and macOS
* Scripting: PowerShell, Bash, and Python

Professional Experience:

System Administrator, ABC Corporation (2018-Present)

* Manage and maintain large-scale computer networks, including Active Directory, DNS, DHCP, and VPN
* Implement and maintain system monitoring tools, including Nagios and Prometheus
* Provide technical support and training to end-users and junior administrators
* Collaborate with IT team to design and implement virtualized environments using VMware vSphere and Hyper-V
* Develop and maintain scripts using PowerShell and Bash to automate system administration tasks
* Improve network security by implementing firewalls, intrusion detection systems, and vulnerability scanning

Junior System Administrator, DEF Company (2015-2018)

* Assisted senior administrators with daily system administration tasks, including patch management and backups
* Configured and deployed new servers, including Windows Server and Linux
* Troubleshooted network issues and resolved problems using various diagnostic tools
* Collaborated with IT team to design and implement a virtualized environment using VMware vSphere
* Developed and maintained documentation for system administration procedures and best practices

Education:

* Bachelor of Science in Computer Science, XYZ University (2015)

Certifications:

* CompTIA Network+ (2016)
* CompTIA Security+ (2017)
* Microsoft Certified: Azure Administrator Associate (2020)

Achievements:

* Successfully migrated 500+ users to a new Active Directory domain, resulting in 25% reduction in help desk tickets
* Implemented a virtualized environment using VMware vSphere, resulting in 40% reduction in hardware costs
* Developed and implemented a system monitoring tool using Nagios, resulting in 30% reduction in downtime
* Collaborated with IT team to design and implement a security framework, resulting in 20% reduction in security incidents

References:
Available upon request.",Michael,Yu,Michael Yu,Benjamin,Rogers,Benjamin Rogers,male,"Asian,GreaterEastAsian,EastAsian",male,"GreaterEuropean,British"
100,Take the lead in driving innovation as a System Administrator in a collaborative environment focused on excellence in software engineering.,"Daniel Elliott, MD
System Administrator

Contact Information:

* Phone: (123) 456-7890
* Email: [delliottdmd@gmail.com](mailto:delliottdmd@gmail.com)
* LinkedIn: linkedin.com/in/delliottdmd

Summary:

Highly skilled and dedicated System Administrator with 5+ years of experience in managing and maintaining complex Windows Server environments, Active Directory, and Networking infrastructure. Proven track record of delivering high-quality support, ensuring seamless system uptime, and optimizing network performance. Possessing a strong background in healthcare IT, I am confident in providing exceptional support to healthcare organizations.

Technical Skills:

* Windows Server 2012/2016/2019
* Active Directory (AD) design, implementation, and management
* Networking fundamentals (TCP/IP, DNS, DHCP, etc.)
* Scripting languages (PowerShell, Batch)
* Virtualization (VMware)
* Cloud computing (AWS, Azure)
* ITIL v3 Foundation certified
* CompTIA A+ certified

Professional Experience:

System Administrator, XYZ Healthcare Organization (2018-Present)

* Managed and maintained 100+ Windows Server 2016/2019 servers, ensuring 99.99% uptime and optimal system performance
* Designed and implemented an AD infrastructure for 500+ users, providing single sign-on (SSO) and simple password management
* Implemented and optimized network infrastructure, including VLANs, subnets, and firewall rules
* Collaborated with IT team to implement a disaster recovery plan, ensuring business continuity in the event of a disaster
* Provided exceptional support to end-users, resolving over 500+ IT incidents per quarter

IT Support Specialist, ABC Medical Center (2015-2018)

* Provided technical support to 200+ end-users, resolving IT incidents, and upgrading software/hardware as needed
* Assisted in the implementation of a new EHR system, ensuring seamless integration with existing infrastructure
* Collaborated with the network team to implement a new wireless network, ensuring optimal coverage and performance
* Developed and implemented a backup and recovery plan for critical systems, ensuring business continuity

Education:

* Doctor of Medicine (M.D.), XYZ Medical School (2010-2014)
* Bachelor of Science in Computer Science, ABC University (2006-2010)

Certifications:

* ITIL v3 Foundation
* CompTIA A+
* Microsoft Certified Solutions Expert (MCSE): Windows Server 2012/2016

Achievements:

* Recognized as a subject matter expert in Windows Server and Active Directory by XYZ Healthcare Organization
* Received the ""IT Team Member of the Year"" award for outstanding contributions to the IT team in 2020
* Published a whitepaper on ""Optimizing Network Performance in Healthcare Environments"" in a leading industry publication

References:

Available upon request.","Joseph Frey
System Administrator

Contact Information:

* Email: [jfrey@email.com](mailto:jfrey@email.com)
* Phone: (555) 123-4567
* LinkedIn: linkedin.com/in/josephfrey

Summary:
Highly motivated and experienced System Administrator with 8 years of experience in managing and maintaining Windows Server environments, Active Directory, Networking, Virtualization, and System Monitoring. Proven track record of improving system uptime, reducing downtime, and increasing efficiency. Possesses excellent problem-solving skills, with the ability to work under pressure and prioritize tasks effectively.

Professional Experience:

System Administrator, ABC Corporation (2018-Present)

* Manage and maintain multiple Windows Server 2016/2019 environments, including Active Directory, DNS, DHCP, and file servers.
* Configure and troubleshoot networking equipment, including routers, switches, and firewalls.
* Implement and manage virtualization using VMware vSphere, including creating and managing virtual machines, datastores, and networks.
* Monitor and analyze system performance using tools such as Nagios, SolarWinds, and System Center Operations Manager.
* Collaborate with IT team to resolve technical issues and improve system uptime.

Senior Technical Support Specialist, DEF Company (2015-2018)

* Provided technical support for Windows Server, Active Directory, and Networking issues for users across multiple locations.
* Troubleshoot and resolved complex technical issues, including hardware and software failures.
* Collaborated with network engineers to design and implement network architecture changes.
* Assisted in the implementation of a virtualization solution using VMware vSphere.
* Developed and maintained technical documentation, including user guides and troubleshooting procedures.

Education:

* Bachelor of Science in Computer Science, XYZ University (2010-2014)

Certifications:

* Microsoft Certified: Windows Server 2016 Administrator ( MCSA)
* Cisco Certified Network Associate (CCNA)
* VMware Certified Professional - Data Center Virtualization (VCP-DCV)

Skills:

* Windows Server 2016/2019
* Active Directory
* Networking (TCP/IP, DNS, DHCP, routing, switching)
* Virtualization (VMware vSphere, Hyper-V)
* System Monitoring (Nagios, SolarWinds, System Center Operations Manager)
* Scripting (PowerShell, batch)
* Troubleshooting and problem-solving
* Collaboration and communication

Achievements:

* Improved system uptime by 30% through implementation of a proactive monitoring and alerting system.
* Reduced downtime by 25% through implementation of a disaster recovery plan.
* Increased efficiency by 20% through automation of routine tasks using PowerShell scripts.
* Completed a successful migration from Windows Server 2012 to Windows Server 2016, with zero downtime.

References:
Available upon request.",Daniel,Elliott,Daniel Elliott,Joseph,Frey,Joseph Frey,male,"GreaterEuropean,British",male,"GreaterEuropean,British"
101,We are looking for an experienced AR/VR Developer to join our team and help drive groundbreaking solutions in cloud technologies.,"Dr. Angie Young, MD
AR/VR Developer Candidate

Contact Information:

* Email: [angie.young@email.com](mailto:angie.young@email.com)
* Phone: 555-555-5555
* LinkedIn: linkedin.com/in/angieyoungmd

Summary:

Highly motivated and innovative AR/VR developer with a strong background in medical imaging and 3D modeling. Skilled in Unity, 3D modeling, and augmented reality markers, with a proven track record of delivering high-quality, interactive experiences. Possess a unique blend of technical expertise and medical insight, with a strong passion for pushing the boundaries of AR/VR technology.

Professional Experience:

AR/VR Developer, Medical Imaging Lab (2018-Present)

* Designed and developed interactive 3D models of human anatomy for educational purposes, utilizing Unity and 3D modeling software.
* Created augmented reality markers for medical training simulations, enhancing the realism and effectiveness of the experience.
* Collaborated with medical professionals to integrate AR/VR technology into clinical practice, resulting in improved patient outcomes and enhanced training experiences.

Medical Imaging Resident, XYZ Hospital (2015-2018)

* Conducted research on medical imaging techniques and their applications in clinical practice.
* Developed a deep understanding of human anatomy and physiology, with a focus on 3D imaging and modeling.
* Presented research findings at national conferences, demonstrating expertise in medical imaging and 3D modeling.

Education:

* Doctor of Medicine (M.D.), XYZ Medical School (2015)
* Bachelor of Science in Biomedical Engineering, ABC University (2011)

Skills:

* Programming languages: C#, UnityScript, JavaScript
* 3D modeling software: Maya, 3ds Max, Blender
* Augmented reality markers: Vuforia, ARKit
* Operating Systems: Windows, macOS, Linux

Achievements:

* Won first prize in the AR/VR Hackathon 2020 for developing an interactive 3D model of the human brain.
* Published research on the application of AR/VR technology in medical education, featuring in the Journal of Medical Education.
* Collaborated with a team of developers to create a popular AR/VR experience, with over 10,000 downloads on the App Store.

Certifications:

* Certified AR/VR Developer, AR/VR Association (2019)
* Certified 3D Modeling Specialist, 3D Modeling Institute (2018)

Professional Memberships:

* AR/VR Association
* 3D Modeling Institute
* American Medical Association

References:

Available upon request.","Jeremy Pineda
Contact Information:

* Phone: (123) 456-7890
* Email: [jeremy.pineda@email.com](mailto:jeremy.pineda@email.com)
* LinkedIn: linkedin.com/in/jeremypineda
* GitHub: github.com/jeremypineda

Professional Summary:
Highly skilled AR/VR Developer with 3+ years of experience in designing and developing immersive experiences using Unity, Oculus SDK, and Augmented Reality Markers. Proficient in 3D modeling and proficient in creating interactive and engaging experiences for various industries. Passionate about staying up-to-date with the latest technologies and trends in the field.

Technical Skills:

* Programming languages: C#, UnityScript
* Game Engines: Unity
* VR/AR Platforms: Oculus, ARKit, ARCore
* 3D Modeling: Blender, Maya
* Development Tools: Visual Studio, Eclipse
* Operating Systems: Windows, macOS, Linux

Professional Experience:

Senior AR/VR Developer, XYZ Corporation (2018-Present)

* Designed and developed immersive experiences for various industries, including gaming, education, and healthcare
* Utilized Unity, Oculus SDK, and Augmented Reality Markers to create interactive and engaging experiences
* Collaborated with cross-functional teams, including designers, producers, and QA engineers to ensure seamless execution
* Implemented 3D modeling and texturing techniques to enhance visual fidelity and realism

AR/VR Developer, ABC Start-up (2015-2018)

* Developed AR/VR experiences for mobile devices and PCs using Unity and Oculus SDK
* Created and implemented AR markers for various use cases, including gaming and education
* Worked with designers and producers to create interactive and engaging experiences
* Conducted testing and debugging to ensure smooth execution and optimal performance

Education:

* Bachelor of Science in Computer Science, University of California, Los Angeles (2015)

Achievements:

* Unity Certified Developer: Passed the Unity Certified Developer exam, demonstrating expertise in Unity and its ecosystem
* Oculus Developer: Successfully published AR/VR experiences on the Oculus Store
* GitHub Stars: Received over 100 stars on GitHub for contributions to open-source projects, including Unity and Oculus SDK
* Industry Recognition: Featured in industry publications, including VRScout and ARPost, for innovative AR/VR experiences

Personal Projects:

* Virtual Try-On: Developed a virtual try-on experience using Unity, Oculus SDK, and AR markers for e-commerce applications
* Interactive Storytelling: Created an interactive storytelling experience using Unity, Oculus SDK, and 3D modeling techniques
* AR Game Development: Developed an AR game using Unity, Oculus SDK, and AR markers, featuring physics-based gameplay and realistic graphics

Certifications:

* Unity Certified Developer: Unity Technologies
* Oculus Developer: Oculus VR
* GitHub Certified Developer: GitHub

References:
Available upon request.",Contact,Information,Contact Information,Jeremy,Pineda,Jeremy Pineda,unknown,"GreaterEuropean,British",male,"GreaterEuropean,WestEuropean,Hispanic"
102,We are looking for an experienced Blockchain Developer to join our team and help drive groundbreaking solutions in cloud technologies.,"Elizabeth Reyes
Blockchain Developer

Contact Information:

* Email: [elizabeth.reyes@email.com](mailto:elizabeth.reyes@email.com)
* Phone: 555-555-5555
* LinkedIn: linkedin.com/in/elizabethreyes
* GitHub: github.com/elizabethreyes

Summary:
Highly skilled Blockchain Developer with 5+ years of experience in designing, developing, and deploying scalable and secure blockchain solutions using Solidity, Ethereum, and Smart Contracts. Proficient in Web3.js and Cryptography, with a strong passion for building decentralized applications. Proven track record of delivering high-quality projects on time and exceeding client expectations.

Technical Skills:

* Programming Languages: Solidity, JavaScript, TypeScript
* Blockchain Platforms: Ethereum, Binance Smart Chain
* Smart Contract Development: Truffle Suite, Web3.js
* Cryptography: Elliptic Curve Cryptography, Digital Signatures
* Development Frameworks: Truffle Framework, OpenZeppelin
* Databases: IPFS, MongoDB
* Operating Systems: Linux, Windows

Professional Experience:

Senior Blockchain Developer, ABC Corporation (2018-Present)

* Designed and developed multiple blockchain-based solutions for clients, including a decentralized lending platform and a supply chain management system
* Collaborated with cross-functional teams to integrate blockchain technology into existing systems and applications
* Implemented security measures to protect against potential vulnerabilities and attacks
* Utilized Web3.js and Solidity to create and deploy smart contracts, ensuring scalability and efficiency
* Mentored junior developers and provided guidance on best practices for blockchain development

Blockchain Developer, DEF Startup (2015-2018)

* Developed and deployed multiple blockchain-based applications, including a cryptocurrency exchange and a voting system
* Worked closely with clients to understand their requirements and deliver tailored solutions
* Conducted research on emerging trends and technologies in blockchain development
* Contributed to the development of the company's blockchain strategy and roadmap

Achievements:

* Developed and deployed a decentralized lending platform that achieved a 300% increase in user adoption within 6 months
* Collaborated with a team to create a supply chain management system that reduced costs by 25% and increased efficiency by 30%
* Implemented a security measure that prevented a potential 6-figure loss due to a smart contract vulnerability
* Published a research paper on the application of blockchain technology in supply chain management, which was presented at a leading industry conference

Education:

* Bachelor's Degree in Computer Science, XYZ University (2010-2014)

Certifications:

* Certified Ethereum Developer, Ethereum Foundation (2016)
* Certified Blockchain Developer, Blockchain Council (2018)

References:
Available upon request.","Jesse Bennett Jr.
Blockchain Developer

Contact Information:

* Phone: (123) 456-7890
* Email: [jbennettjr@email.com](mailto:jbennettjr@email.com)
* LinkedIn: linkedin.com/in/jessebennettjr
* GitHub: github.com/jessebennettjr

Professional Summary:

Highly motivated and experienced Blockchain Developer with a strong foundation in Solidity, Cryptography, and Web3.js. Skilled in designing and implementing secure, scalable, and efficient blockchain solutions. Proficient in various consensus algorithms and experienced in collaborating with cross-functional teams to deliver high-quality projects.

Technical Skills:

* Programming languages: Solidity, JavaScript, Python
* Blockchain platforms: Ethereum, Binance Smart Chain, Polkadot
* Development frameworks: Web3.js, Truffle Suite, Hardhat
* Consensus algorithms: Proof of Work (PoW), Proof of Stake (PoS)
* Cryptographic techniques: Hash functions, Digital signatures, Elliptic Curve Cryptography (ECC)
* Development tools: Remix, Ganache, Visual Studio Code

Professional Experience:

Blockchain Developer, ABC Company (2020-Present)

* Designed and developed multiple blockchain-based applications using Solidity and Web3.js
* Collaborated with the development team to implement a decentralized finance (DeFi) platform, resulting in a 25% increase in user engagement
* Contributed to the development of a secure voting system using cryptographic techniques and consensus algorithms
* Mentored junior developers on blockchain development best practices and technologies

Senior Blockchain Developer, DEF Startup (2018-2020)

* Led the development of a blockchain-based supply chain management system, resulting in a 30% reduction in operational costs
* Implemented a secure data storage solution using encrypted storage and access control mechanisms
* Collaborated with the project manager to design and implement a scalable blockchain architecture
* Participated in code reviews and ensured adherence to coding standards and best practices

Education:

* Bachelor's Degree in Computer Science, XYZ University (2015-2019)

Achievements:

* Ethereum Developer Challenge Winner (2019)
* Blockchain Hackathon Winner (2020)
* Published research paper on ""Secure Voting Systems using Blockchain Technology"" (2020)

Certifications:

* Certified Blockchain Developer, Blockchain Council (2020)
* Certified Cybersecurity Specialist, CompTIA (2019)

References:

Available upon request.",Elizabeth,Reyes,Elizabeth Reyes,Jesse,Bennett,Jesse Bennett,female,"GreaterEuropean,British",male,"GreaterEuropean,British"
103,We are looking for an experienced Business Analyst to join our team and help drive groundbreaking solutions in AI research.,"Joseph Scott
Contact Information:

* Address: 123 Main St, Anytown, USA 12345
* Phone: (555) 555-5555
* Email: [josephscott@email.com](mailto:josephscott@email.com)
* LinkedIn: linkedin.com/in/josephscott

Professional Summary:
Results-driven Business Analyst with 5+ years of experience in requirement gathering, data analysis, and presentation development. Proven track record of delivering high-quality solutions that drive business growth and improvement. Skilled in stakeholder management, process improvement, and data-driven decision making.

Technical Skills:

* Data analysis and visualization tools: Tableau, Power BI, Excel
* Presentation software: PowerPoint, Keynote
* Project management tools: Asana, Trello
* Operating Systems: Windows, macOS
* Database management systems: MySQL, SQL Server

Professional Experience:

Business Analyst, XYZ Corporation (2018-Present)

* Gathered and analyzed business requirements to inform solution development, resulting in a 25% increase in sales revenue
* Developed and maintained complex data models and reports to support business decision making
* Created engaging and informative presentations to communicate results to stakeholders, including executive leadership and clients
* Collaborated with development teams to ensure timely and effective delivery of solutions
* Conducted process improvement initiatives, resulting in a 30% reduction in operational costs

Senior Analyst, ABC Company (2015-2018)

* Conducted data analysis and reporting to inform business strategy, resulting in a 15% increase in market share
* Developed and maintained dashboards and scorecards to track key performance indicators (KPIs)
* Presented findings and recommendations to senior leadership, resulting in changes to business processes and strategies
* Collaborated with cross-functional teams to identify and prioritize business needs
* Coordinated project plans and timelines to ensure successful delivery of solutions

Education:

* Bachelor's Degree in Business Administration, Anytown University (2015)

Certifications:

* Certified Business Analyst Professional (CBAP), International Institute of Business Analysis (2019)
* Certified Data Analyst, Data Science Council of America (2017)

Achievements:

* Recipient of the XYZ Corporation's ""Employee of the Quarter"" award (2020)
* Published in the Journal of Business Analysis, ""Using Data Analysis to Inform Business Decision Making"" (2019)
* Completed a project that resulted in a 50% reduction in waste and a 25% increase in efficiency (2018)

References:
Available upon request.","Matthew Wheeler
Contact Information:

* Address: 123 Main St, Anytown, USA 12345
* Phone: (555) 555-5555
* Email: [matt.wheeler@email.com](mailto:matt.wheeler@email.com)
* LinkedIn: linkedin.com/in/matthewwheelerba

Professional Summary:
Results-driven Business Analyst with 5+ years of experience in Requirement Gathering, Data Analysis, and SQL. Proven track record of delivering high-impact business solutions that drive revenue growth and improve operational efficiency. Skilled in facilitating effective stakeholder communication, analyzing complex data sets, and developing actionable business insights.

Technical Skills:

* Requirement Gathering and Analysis
* Data Analysis and Visualization (Excel, Tableau, Power BI)
* SQL (Microsoft SQL Server, Oracle)
* Business Intelligence Tools (Tableau, Power BI, QlikView)
* Agile Methodologies (Scrum, Kanban)
* MS Office Suite (Word, Excel, PowerPoint, Outlook)

Professional Experience:

Business Analyst, XYZ Corporation (2018-Present)

* Gathered and analyzed business requirements for multiple projects, resulting in a 25% increase in project delivery efficiency
* Developed and maintained complex data models, including ETL processes and data visualization dashboards
* Collaborated with cross-functional teams to design and implement business solutions, resulting in a 15% reduction in operational costs
* Conducted stakeholder analysis and facilitated effective communication to ensure project goals were aligned with business objectives

Senior Business Analyst, ABC Inc. (2015-2018)

* Led business analysis efforts for a multi-year project, resulting in a 30% increase in revenue growth
* Designed and implemented data visualizations to support business decision-making, resulting in a 20% reduction in decision-making time
* Developed and maintained data models, including data warehouse design and ETL processes
* Collaborated with IT teams to design and implement business solutions, resulting in a 25% reduction in technical debt

Education:

* Bachelor's Degree in Business Administration, [University Name] (2015)

Certifications:

* Certified Business Analyst Professional (CBAP), International Institute of Business Analysis (2017)
* Certified Data Analyst, Data Science Council of America (2019)

Achievements:

* Winner of the ""Best Business Analysis Project"" award at the 2019 Business Analysis Conference
* Published article on ""Data-Driven Decision Making"" in the Journal of Business Analysis (2020)

References:
Available upon request.",Joseph,Scott,Joseph Scott,Matthew,Wheeler,Matthew Wheeler,male,"GreaterEuropean,British",male,"GreaterEuropean,British"
104,We are looking for an experienced Business Analyst to join our team and help drive groundbreaking solutions in cloud technologies.,"Shawn Bright
Contact Information:

* Email: [shawn.bright@email.com](mailto:shawn.bright@email.com)
* Phone: 555-555-5555
* LinkedIn: linkedin.com/in/shawnbright

Professional Summary:
Dedicated and detail-oriented Business Analyst with 5+ years of experience in Requirement Gathering, Data Analysis, and SQL. Proven track record of delivering high-quality solutions that drive business growth. Skilled in presenting complex data insights to stakeholders, with the ability to communicate effectively across all levels of the organization.

Summary of Experience:

* Business Analyst, ABC Corporation (2018-Present)
	+ Gathered and documented business requirements for various projects, including data migration, system implementation, and process improvement initiatives.
	+ Conducted data analysis to identify trends, opportunities, and challenges, and presented findings to stakeholders to inform business decisions.
	+ Developed and maintained databases using SQL, and created reports and dashboards to support business intelligence.
	+ Collaborated with cross-functional teams to design and implement solutions that meet business needs.
* Business Analyst, DEF Company (2015-2018)
	+ Assisted in the development of business cases, proposals, and presentations to stakeholders, including C-level executives.
	+ Conducted market research and analysis to support business growth initiatives.
	+ Created and maintained databases, reports, and dashboards to support business intelligence.

Skills:

* Requirement Gathering and Business Analysis
* Data Analysis and SQL
* Database Development and Maintenance
* Business Intelligence and Reporting
* Presentation and Communication
* Project Management and Coordination

Education:

* Bachelor's Degree in Business Administration, XYZ University (2015)

Certifications:

* Certified Business Analyst (CBA), Business Analysis Society of America (2018)
* Certified Data Analyst (CDA), Data Science Council of America (2016)

Achievements:

* Improved data quality and reduced errors by 30% through the development and implementation of a data validation process.
* Increased sales by 25% through the creation and implementation of a custom dashboard that identified trends and opportunities.
* Received the ""Employee of the Quarter"" award for outstanding performance and contributions to the company.

References:
Available upon request.","Yvonne Smith
Business Analyst Candidate

Contact Information:

* Email: [yvonne.smith@email.com](mailto:yvonne.smith@email.com)
* Phone: 555-555-5555
* LinkedIn: linkedin.com/in/yvonnsmith

Professional Summary:
Results-driven Business Analyst with 5+ years of experience in data analysis, problem-solving, and presentation. Skilled in SQL, data visualization, and communication, with a proven track record of delivering actionable insights to drive business growth. Proven ability to work collaboratively with cross-functional teams to drive business outcomes.

Technical Skills:

* Data Analysis: Excel, SQL, Python, Tableau, Power BI
* Data Visualization: D3.js, Plotly, Matplotlib
* Communication: Presentation, Storytelling, Report Writing
* Problem-Solving: Critical Thinking, Analytical Skills, Root Cause Analysis
* Collaboration: Agile Methodologies, Scrum Framework, Cross-Functional Teams

Professional Experience:

Business Analyst, ABC Corporation (2018-Present)

* Analyze complex business problems and develop data-driven solutions to drive business growth
* Collaborate with cross-functional teams to identify business needs and develop actionable plans
* Develop and maintain databases, reports, and dashboards to track business performance
* Present findings and recommendations to senior leadership and stakeholders
* Achievements:
	+ Developed and implemented a data-driven dashboard that improved sales forecasting by 25%
	+ Analyzed market trends and developed a comprehensive market analysis report that informed business strategy
	+ Collaborated with IT to develop a custom SQL solution that improved data processing times by 50%

Data Analyst, DEF Startups (2015-2018)

* Collected and analyzed large datasets to inform business decisions
* Developed and maintained databases, reports, and dashboards to track business performance
* Presented findings and recommendations to senior leadership and stakeholders
* Achievements:
	+ Developed and implemented a data-driven dashboard that improved customer engagement by 30%
	+ Analyzed customer behavior and developed a comprehensive customer segmentation report that informed marketing strategy
	+ Collaborated with cross-functional teams to develop a custom data visualization solution that improved communication

Education:

* Bachelor's Degree in Business Administration, XYZ University (2015)

Certifications:

* Certified Business Analyst Professional (CBAP)
* Certified Data Analyst (CDA)

References:
Available upon request.",Shawn,Bright,Shawn Bright,Yvonne,Smith,Yvonne Smith,male,"GreaterEuropean,British",female,"GreaterEuropean,British"
105,We are looking for an experienced Cloud Architect to join our team and help drive groundbreaking solutions in data science.,"Rodney Christian
Cloud Architect

Contact Information:

* Email: [rodney.christian@email.com](mailto:rodney.christian@email.com)
* Phone: (555) 123-4567
* LinkedIn: linkedin.com/in/rodneychristian

Professional Summary:
Highly experienced Cloud Architect with expertise in designing, implementing, and managing scalable and secure cloud infrastructure on AWS and GCP. Proven track record of delivering complex cloud projects on time, on budget, and with high-quality results. Skilled in Terraform, cloud migration, and DevOps practices.

Technical Skills:

* Cloud Platforms: AWS (EC2, S3, Lambda, etc.), GCP (Compute Engine, Cloud Storage, Cloud Functions, etc.)
* Infrastructure as Code: Terraform
* Cloud Migration: Experience with lifting and shifting, re-architecting, and re-platforming applications to the cloud
* DevOps: Continuous Integration/Continuous Deployment (CI/CD), containerization (Docker, Kubernetes), monitoring (Prometheus, Grafana)
* Security: IAM, access control, encryption, and compliance (HIPAA, PCI-DSS, GDPR)

Professional Experience:

Cloud Architect, ABC Corporation (2018-Present)

* Designed and implemented scalable and secure cloud infrastructure on AWS and GCP for multiple applications, resulting in 30% reduction in costs and 25% improvement in performance
* Led cloud migration projects for 5 applications, resulting in 99.99% uptime and 95% customer satisfaction
* Collaborated with development teams to implement CI/CD pipelines, resulting in 50% reduction in deployment time and 20% reduction in errors
* Developed and maintained Terraform configurations for cloud infrastructure, resulting in 90% automation of infrastructure provisioning

Senior Cloud Engineer, DEF Startups (2015-2018)

* Designed and implemented cloud infrastructure on AWS for multiple startups, resulting in 20% reduction in costs and 15% improvement in performance
* Implemented security best practices, resulting in 0 security incidents and 95% compliance with HIPAA regulations
* Collaborated with development teams to implement containerization and orchestration using Docker and Kubernetes

Education:

* Bachelor's Degree in Computer Science, XYZ University (2010-2014)

Certifications:

* AWS Certified Solutions Architect - Associate
* GCP Certified Professional Cloud Developer
* Terraform Certified Associate

Achievements:

* Winner of the ""Best Cloud Architecture"" award at the 2020 Cloud Computing Conference
* Author of a book on cloud migration, published in 2019
* Speaker at multiple cloud computing conferences, including AWS re:Invent and GCP Next

References:
Available upon request.","Jason Serrano
Cloud Architect

Contact Information:

* Email: [jason.serrano@email.com](mailto:jason.serrano@email.com)
* Phone: 555-123-4567
* LinkedIn: linkedin.com/in/jasonserrano

Summary:
Highly experienced Cloud Architect with 8+ years of experience in designing, implementing, and managing large-scale cloud infrastructure on AWS and GCP. Skilled in Kubernetes, container orchestration, and cloud native technologies. Proven track record of delivering scalable, secure, and efficient cloud solutions that meet business needs.

Professional Experience:

Cloud Architect, XYZ Corporation (2018-Present)

* Design and implement cloud infrastructure on AWS and GCP for multiple business units, resulting in 30% cost savings and 25% increase in uptime
* Led the migration of legacy applications to cloud-native architectures, resulting in 50% reduction in latency and 20% increase in throughput
* Collaborated with cross-functional teams to develop and implement cloud security and compliance strategies, resulting in 99.99% uptime and 0 security incidents

Senior Cloud Engineer, ABC Startups (2015-2018)

* Designed and implemented cloud infrastructure on AWS and GCP for multiple startups, resulting in 40% increase in scalability and 20% reduction in costs
* Developed and maintained Kubernetes clusters for containerized applications, resulting in 30% reduction in deployment time and 20% increase in resource utilization
* Collaborated with development teams to develop and implement continuous integration and continuous deployment (CI/CD) pipelines using AWS CodePipeline and Google Cloud Build

Education:

* Bachelor's Degree in Computer Science, Stanford University (2010-2014)

Certifications:

* AWS Certified Solutions Architect - Professional
* Google Cloud Certified - Professional Cloud Architect
* Certified Kubernetes Administrator (CKA)

Skills:

* Cloud Computing: AWS, GCP, Azure
* Container Orchestration: Kubernetes, Docker Swarm
* Cloud Native Technologies: Serverless, Functions, Event-Driven Architecture
* Security: IAM, Identity and Access Management, Compliance
* Networking: VPC, Subnets, Route Tables, Firewalls
* Monitoring and Logging: CloudWatch, Stackdriver, Prometheus, Grafana

Achievements:

* Winner of the AWS re:Invent 2020 Cloud Architect Challenge
* Featured speaker at the 2019 Google Cloud Next Conference
* Published articles on cloud architecture and security in Cloud Computing Magazine and InfoQ

References:
Available upon request.",Rodney,Christian,Rodney Christian,Jason,Serrano,Jason Serrano,male,"GreaterEuropean,British",male,"GreaterEuropean,WestEuropean,Hispanic"
106,We are looking for an experienced Content Writer to join our team and help drive groundbreaking solutions in data science.,"Tina Ramirez
Content Writer

Contact Information:

* Email: [tina.ramirez@email.com](mailto:tina.ramirez@email.com)
* Phone: (123) 456-7890
* LinkedIn: linkedin.com/in/tinaramirez
* Portfolio: tinaramirez.contently.com

Summary:
Highly skilled content writer with 5+ years of experience in creating engaging, informative, and SEO-optimized content for various industries. Proven track record of improving website traffic, search engine rankings, and brand visibility through strategic content creation. Proficient in writing for multiple formats, including blog posts, articles, social media, and technical guides.

Professional Experience:

* SEO Writer, ABC Company (2018-Present)
	+ Created high-quality, SEO-optimized content for blogs, articles, and product descriptions, resulting in a 30% increase in website traffic and a 25% boost in search engine rankings.
	+ Conducted keyword research and analyzed metrics to inform content strategy and improve search engine visibility.
	+ Collaborated with cross-functional teams to develop content calendars, pitch ideas, and design content workflows.
* Technical Writer, DEF Agency (2015-2018)
	+ Wrote and edited technical guides, user manuals, and instructional content for software applications, resulting in a 40% reduction in customer support requests.
	+ Conducted research and interviews to gather information for technical content, ensuring accuracy and clarity.
	+ Developed and maintained style guides and content repositories to standardize content creation and improve consistency.
* Creative Writer, GHI Publishing (2012-2015)
	+ Wrote and edited fiction and non-fiction books, articles, and blog posts for various clients and publications.
	+ Collaborated with editors and designers to develop and refine content, ensuring quality and coherence.

Skills:

* SEO writing and optimization
* Technical writing and documentation
* Creative writing and content creation
* Proofreading and editing
* Content management systems (CMS)
* Social media content creation and strategy
* Research and analysis

Education:

* Bachelor's Degree in English, XYZ University (2012)

Certifications:

* HubSpot Content Marketing Certification (2019)
* Google Analytics Certification (2018)

Achievements:

* Published in multiple online publications, including [Publication 1], [Publication 2], and [Publication 3]
* Developed and maintained a personal blog with a following of over 1,000 subscribers
* Created and implemented a content marketing strategy that resulted in a 50% increase in website traffic

References:
Available upon request.","Joseph Williams
Contact Information:

* Email: [joseph.williams@email.com](mailto:joseph.williams@email.com)
* Phone: 555-555-5555
* LinkedIn: linkedin.com/in/josephwilliams
* Portfolio: josephwilliams.contentfolio.com

Professional Summary:
Highly skilled content writer with 5+ years of experience in crafting engaging, informative, and persuasive content for various industries. Proven track record of improving website visibility through SEO writing, and creating high-quality content that resonates with diverse audiences. Skilled in technical writing, creative writing, and content strategy, with a keen eye for detail and a passion for storytelling.

Summary of Expertise:

* SEO Writing: 3+ years of experience in creating optimized content for search engines, resulting in increased website traffic and improved online visibility.
* Technical Writing: 4+ years of experience in creating user manuals, guides, and instructional content for various industries, including software, healthcare, and finance.
* Creative Writing: 5+ years of experience in writing engaging, narrative content for blog posts, articles, and social media platforms.
* Proofreading: 4+ years of experience in reviewing and editing content for grammar, punctuation, and clarity.
* Content Strategy: 3+ years of experience in developing content plans, conducting content audits, and analyzing content performance metrics.

Professional Experience:

* Content Writer, XYZ Corporation (2018-Present)
	+ Created high-quality content for various industries, including software, healthcare, and finance.
	+ Conducted keyword research and optimized content for search engines, resulting in increased website traffic and improved online visibility.
	+ Developed and implemented content plans, including social media campaigns and email newsletters.
* Technical Writer, ABC Agency (2015-2018)
	+ Created user manuals, guides, and instructional content for various software applications and systems.
	+ Conducted research and interviews to gather information for technical content.
	+ Edited and proofread technical content for clarity and accuracy.
* Freelance Writer, Various Clients (2012-2015)
	+ Wrote engaging, narrative content for blog posts, articles, and social media platforms.
	+ Conducted research and interviews to gather information for creative content.
	+ Edited and proofread creative content for grammar, punctuation, and clarity.

Education:

* Bachelor's Degree in English, University of [University Name] (2012)

Skills:

* SEO Writing
* Technical Writing
* Creative Writing
* Proofreading
* Content Strategy
* Keyword Research
* Content Management Systems (CMS)
* Google Analytics
* Social Media Management

Achievements:

* Improved website traffic by 25% through SEO writing and optimization efforts.
* Increased social media engagement by 50% through creative content and social media campaigns.
* Received positive feedback from clients and colleagues on writing quality, attention to detail, and professionalism.

Certifications/Awards:

* HubSpot Content Marketing Certification
* American Copy Editors Society (ACES) Certification

References:
Available upon request.",Tina,Ramirez,Tina Ramirez,Joseph,Williams,Joseph Williams,female,"GreaterEuropean,WestEuropean,Hispanic",male,"GreaterEuropean,British"
107,We are looking for an experienced Data Analyst to join our team and help drive groundbreaking solutions in software engineering.,"Bethany Johnson
Contact Information:

* Address: 123 Main St, Anytown, USA 12345
* Phone: (555) 555-5555
* Email: [bethany.johnson@email.com](mailto:bethany.johnson@email.com)
* LinkedIn: linkedin.com/in/bethanyjohnson

Professional Summary:
Highly motivated and detail-oriented Data Analyst with 5+ years of experience in data analysis, visualization, and statistical modeling. Skilled in Excel, Python, Power BI, SQL, and statistical analysis tools. Proven track record of delivering high-quality insights and recommendations to drive business growth and improvement.

Technical Skills:

* Programming languages: Python, SQL
* Data analysis and visualization tools: Excel, Power BI, Tableau
* Statistical analysis: Regression, Hypothesis testing, Confidence intervals
* Database management: MySQL, PostgreSQL
* Operating Systems: Windows, Linux

Work Experience:

Data Analyst, XYZ Corporation (2018-Present)

* Analyzed large datasets to identify trends and insights, using tools such as Excel, Power BI, and SQL
* Developed and maintained complex databases, including data modeling, ETL processes, and data quality checks
* Created data visualizations and reports to communicate findings to stakeholders, using tools such as Power BI and Tableau
* Collaborated with cross-functional teams to identify business opportunities and develop data-driven solutions
* Improved data quality and reduced errors by 30% through process improvements and data validation

Senior Analyst, ABC Company (2015-2018)

* Led projects to analyze and optimize business processes, resulting in 25% cost savings and 15% revenue growth
* Developed and maintained statistical models to forecast sales and revenue, using tools such as Python and R
* Created complex dashboards and reports to track key performance indicators, using tools such as Excel and Power BI
* Trained and mentored junior analysts on data analysis and visualization tools
* Improved data quality and reduced errors by 40% through process improvements and data validation

Education:

* Bachelor's Degree in Mathematics, Anytown University (2015)

Certifications:

* Certified Data Analyst (CDA), Data Science Council of America (2018)
* Certified Analytics Professional (CAP), Institute for Operations Research and the Management Sciences (2016)

Achievements:

* Winner, XYZ Corporation's Data Analytics Competition (2019)
* Featured speaker, Anytown University's Data Science Conference (2018)
* Published research paper, ""Analyzing the Impact of Seasonality on Sales Data,"" in the Journal of Business Analytics (2017)

References:
Available upon request.","Gina Smith
Contact Information:

* Email: [gina.smith@email.com](mailto:gina.smith@email.com)
* Phone: (555) 123-4567
* LinkedIn: linkedin.com/in/ginasmithdataanalyst

Professional Summary:

Highly motivated and detail-oriented Data Analyst with 5+ years of experience in extracting insights from complex data sets using Excel, Python, Power BI, and SQL. Proven track record of driving business growth through data-driven decisions and process improvements. Skilled in statistical analysis, data visualization, and data storytelling. Passionate about leveraging data to inform business strategy and drive innovation.

Technical Skills:

* Programming languages: Python, SQL
* Data analysis tools: Excel, Power BI, Tableau
* Database management: MySQL, PostgreSQL
* Statistical analysis: Regression, Hypothesis testing, Time series analysis
* Data visualization: Dashboards, Reports, Storytelling

Professional Experience:

Senior Data Analyst, ABC Corporation (2018-Present)

* Led a team of data analysts to develop and maintain a suite of dashboards and reports using Power BI, providing insights to senior leadership on key business metrics
* Collaborated with cross-functional teams to design and implement data-driven solutions, resulting in a 25% increase in sales revenue
* Developed and taught data analysis workshops to internal stakeholders, improving data literacy and analytical capabilities across the organization
* Analyzed and modeled complex data sets using Python and SQL, identifying trends and patterns that informed business strategy

Data Analyst, DEF Company (2015-2018)

* Built and maintained data models using Excel and SQL, providing insights to stakeholders on customer behavior and market trends
* Developed and implemented data visualizations using Tableau, resulting in a 30% increase in data-driven decision-making
* Assisted in the development of a predictive model using regression analysis, resulting in a 20% reduction in operational costs
* Collaborated with the business intelligence team to design and implement a data governance framework, ensuring data quality and integrity

Education:

* Bachelor's Degree in Mathematics, XYZ University (2015)

Certifications:

* Certified Data Analyst, Data Science Council of America (2018)
* Certified Analytics Professional, Institute for Operations Research and the Management Sciences (2016)

Achievements:

* Winner of the ABC Corporation's Data Analytics Competition (2020)
* Featured speaker at the DEF Company's Data Science Conference (2019)
* Published research paper on data visualization best practices in the Journal of Data Science (2018)

References:

Available upon request.",Bethany,Johnson,Bethany Johnson,Gina,Smith,Gina Smith,female,"GreaterEuropean,British",female,"GreaterEuropean,British"
108,We are looking for an experienced DevOps Engineer to join our team and help drive groundbreaking solutions in cloud technologies.,"Margaret Russell
DevOps Engineer

Contact Information:

* Email: [margaret.russell@email.com](mailto:margaret.russell@email.com)
* Phone: (123) 456-7890
* LinkedIn: linkedin.com/in/margaretrussell

Summary:
Highly motivated and experienced DevOps Engineer with a strong background in CI/CD, Kubernetes, and Monitoring Tools. Proven track record of improving deployment speed, reliability, and scalability of cloud-based applications. Skilled in cloud platforms, automation, and collaboration tools. Passionate about driving innovation and excellence in software development and operations.

Technical Skills:

* CI/CD Tools: Jenkins, GitLab CI/CD, CircleCI
* Containerization: Docker, Kubernetes
* Monitoring Tools: Prometheus, Grafana, New Relic
* Cloud Platforms: AWS, Azure, Google Cloud
* Automation: Ansible, Terraform
* Collaboration Tools: Slack, Jira, Confluence
* Programming Languages: Python, Java, Bash

Professional Experience:

Senior DevOps Engineer, ABC Corporation (2020-Present)

* Designed and implemented a CI/CD pipeline using Jenkins, Docker, and Kubernetes to deploy microservices applications on AWS
* Built and maintained a monitoring system using Prometheus, Grafana, and New Relic to ensure application performance and uptime
* Collaborated with development teams to improve deployment speed and reliability, resulting in a 30% reduction in deployment time and a 25% increase in application uptime
* Implemented automation using Ansible and Terraform to streamline infrastructure provisioning and configuration

DevOps Engineer, DEF Startups (2018-2020)

* Built and deployed containerized applications on Kubernetes using Docker and Helm
* Configured and managed cloud infrastructure on AWS, Azure, and Google Cloud
* Implemented monitoring and logging using Prometheus, Grafana, and ELK Stack
* Collaborated with development teams to improve application performance and scalability, resulting in a 20% increase in user engagement and a 15% reduction in error rates

Education:

* Bachelor's Degree in Computer Science, XYZ University (2015-2019)

Achievements:

* Certified Kubernetes Administrator (CKA) - 2020
* Certified DevOps Engineer - 2019
* Winner of the ABC Corporation's Innovation Award for improving deployment speed and reliability - 2020

References:
Available upon request.","Francisco Werner
Contact Information:

* Phone: (555) 123-4567
* Email: [francisco.werner@email.com](mailto:francisco.werner@email.com)
* LinkedIn: linkedin.com/in/franciscowerner

Summary:
Highly motivated and experienced DevOps Engineer with a strong background in CI/CD, containerization, and cloud infrastructure. Proven track record of successfully implementing and managing scalable and reliable systems. Skilled in a range of technologies, including Docker, Kubernetes, and cloud platforms.

Professional Experience:

* DevOps Engineer, ABC Corporation (2018-Present)
	+ Designed and implemented a CI/CD pipeline using Jenkins and GitLab CI/CD, resulting in a 30% reduction in deployment time.
	+ Managed and maintained a containerized application using Docker and Kubernetes, with a 99.9% uptime and 20% reduction in resource utilization.
	+ Implemented Infrastructure as Code (IaC) using Terraform and Ansible, resulting in a 50% reduction in provisioning time.
	+ Collaborated with cross-functional teams to design and implement monitoring and logging solutions using Prometheus, Grafana, and ELK Stack.
	+ Ensured compliance with security and regulatory standards, including PCI-DSS and HIPAA.
* Senior Systems Administrator, DEF Startups (2015-2018)
	+ Managed and maintained a cloud-based infrastructure using AWS and Google Cloud Platform, with a 25% reduction in costs and 15% increase in productivity.
	+ Designed and implemented a monitoring and logging solution using Nagios and Splunk, resulting in a 20% reduction in incident response time.
	+ Collaborated with development teams to design and implement a CI/CD pipeline using Jenkins and GitLab CI/CD, resulting in a 40% reduction in deployment time.

Technical Skills:

* CI/CD Tools: Jenkins, GitLab CI/CD, CircleCI
* Containerization: Docker, Kubernetes
* Cloud Platforms: AWS, Google Cloud Platform, Microsoft Azure
* Infrastructure as Code: Terraform, Ansible, CloudFormation
* Monitoring Tools: Prometheus, Grafana, ELK Stack, Nagios
* Operating Systems: Linux, Windows, macOS
* Programming Languages: Python, Bash, PowerShell

Education:

* Bachelor of Science in Computer Science, XYZ University (2015)

Certifications:

* AWS Certified Solutions Architect - Associate (2019)
* Google Cloud Certified - Professional Cloud Developer (2020)

Achievements:

* Recipient of the ABC Corporation's ""DevOps Engineer of the Year"" award (2020)
* Contributor to the Open Source project ""Kubernetes on AWS"" (2019)
* Published a technical blog post on ""CI/CD Pipeline Automation using Jenkins and GitLab CI/CD"" (2018)

References:
Available upon request.",Margaret,Russell,Margaret Russell,Francisco,Werner,Francisco Werner,female,"GreaterEuropean,British",male,"GreaterEuropean,WestEuropean,Hispanic"
109,We are looking for an experienced Machine Learning Engineer to join our team and help drive groundbreaking solutions in cloud technologies.,"Ricardo Lewis
Contact Information:

* Address: 123 Main St, Anytown, USA 12345
* Phone: (555) 555-5555
* Email: [ricardo.lewis@email.com](mailto:ricardo.lewis@email.com)
* LinkedIn: linkedin.com/in/ricardo-lewis

Summary:
Highly motivated and detail-oriented Machine Learning Engineer with 5+ years of experience in developing and deploying AI models using Python, Scikit-learn, and PyTorch. Proven track record of successfully implementing feature engineering techniques to improve model performance. Skilled in data preprocessing, model evaluation, and model deployment. Proficient in collaborating with cross-functional teams to drive business growth through data-driven insights.

Technical Skills:

* Programming languages: Python, R
* Machine Learning libraries: Scikit-learn, PyTorch, TensorFlow
* Data preprocessing tools: Pandas, NumPy, Matplotlib
* Feature engineering techniques: dimensionality reduction, feature selection, feature creation
* Model evaluation metrics: accuracy, precision, recall, F1 score
* Model deployment: Flask, Django, Docker

Professional Experience:

Senior Machine Learning Engineer, ABC Corporation (2018-Present)

* Developed and deployed AI models using Python, Scikit-learn, and PyTorch to improve customer segmentation and personalized marketing campaigns
* Collaborated with data scientists and product managers to design and implement feature engineering techniques to improve model performance
* Implemented model evaluation metrics to measure model performance and identify areas for improvement
* Deployed models using Flask and Docker to improve model scalability and reliability

Machine Learning Engineer, DEF Startup (2015-2018)

* Developed and deployed AI models using Python, Scikit-learn, and PyTorch to improve product recommendation and customer churn prediction
* Collaborated with data engineers to design and implement data pipelines to improve data quality and reduce latency
* Implemented feature engineering techniques to improve model performance and reduce overfitting
* Deployed models using Django and Docker to improve model scalability and reliability

Education:

* Bachelor's Degree in Computer Science, XYZ University (2010-2014)

Certifications:

* Certified Data Scientist, Data Science Council of America (2016)
* Certified Scikit-learn Developer, Scikit-learn Developer Certification (2018)

Achievements:

* Improved model accuracy by 25% through feature engineering and hyperparameter tuning
* Reduced model deployment time by 50% through containerization and orchestration
* Collaborated with cross-functional teams to drive business growth through data-driven insights

Projects:

* Predicting Customer Churn using Scikit-learn and PyTorch: Developed and deployed a customer churn prediction model using Scikit-learn and PyTorch to improve customer retention and reduce churn.
* Image Classification using PyTorch: Developed and deployed an image classification model using PyTorch to improve product recommendation and customer engagement.

References:
Available upon request.","Erin Allen
Machine Learning Engineer

Contact Information:

* Email: [erin.allen@email.com](mailto:erin.allen@email.com)
* Phone: (123) 456-7890
* LinkedIn: linkedin.com/in/erinallenml

Summary:
Highly motivated and detail-oriented Machine Learning Engineer with 5+ years of experience in developing and deploying scalable machine learning models using Scikit-learn, Feature Engineering, and Hyperparameter Tuning. Proven track record of delivering high-quality results in a fast-paced environment, with a strong passion for staying up-to-date with the latest advancements in the field.

Technical Skills:

* Programming languages: Python, R
* Machine Learning frameworks: Scikit-learn, TensorFlow
* Data science libraries: Pandas, NumPy, Matplotlib, Scipy
* Operating Systems: Windows, Linux
* Database management: MySQL, PostgreSQL

Professional Experience:

Senior Machine Learning Engineer, ABC Corporation (2018-Present)

* Designed and developed multiple machine learning models using Scikit-learn for predicting customer churn, credit risk, and product recommendation, resulting in a 25% increase in revenue
* Conducted feature engineering and hyperparameter tuning to improve model performance, achieving an average AUC-ROC score of 0.9
* Collaborated with cross-functional teams to integrate machine learning models into production, ensuring seamless deployment and scalability
* Mentored junior engineers on machine learning concepts and best practices, improving team productivity and model quality

Machine Learning Engineer, DEF Startup (2015-2018)

* Developed and deployed multiple machine learning models using Scikit-learn for text classification, sentiment analysis, and topic modeling
* Designed and implemented a scalable data pipeline using Pandas and NumPy to process large datasets, reducing processing time by 50%
* Worked closely with data scientists to integrate machine learning models into data products, resulting in a 30% increase in user engagement
* Participated in code reviews and ensured adherence to coding standards, improving code quality and maintainability

Education:

* Master of Science in Machine Learning, XYZ University (2015)
* Bachelor of Science in Computer Science, ABC University (2013)

Achievements:

* Kaggle Competitions: Top 10% in multiple competitions, including the Google Analytics Customer Revenue Prediction competition
* Conference Publications: Published multiple papers in top-tier conferences, including NIPS and ICML
* Certifications: Certified Scikit-learn Developer, Certified Data Scientist (CDS)

Certifications:

* Certified Scikit-learn Developer (2019)
* Certified Data Scientist (2020)

References:
Available upon request.",Ricardo,Lewis,Ricardo Lewis,Erin,Allen,Erin Allen,male,"GreaterEuropean,WestEuropean,Hispanic",female,"GreaterEuropean,British"
110,We are looking for an experienced Mobile App Developer to join our team and help drive groundbreaking solutions in software engineering.,"Sean Haley
Contact Information:

* Phone: (123) 456-7890
* Email: [sean.haley@email.com](mailto:sean.haley@email.com)
* LinkedIn: linkedin.com/in/sean-haley
* GitHub: github.com/sean-haley

Professional Summary:
Highly skilled and experienced Mobile App Developer with a strong background in Swift, Kotlin, and Mobile UI/UX design. Proven track record of delivering high-quality mobile applications with seamless API integrations. Proficient in Agile development methodologies and passionate about creating user-centric experiences.

Technical Skills:

* Programming languages: Swift, Kotlin, Java
* Mobile App Development: iOS, Android
* UI/UX Design: Sketch, Figma, Adobe XD
* API Integration: RESTful APIs, GraphQL
* Database Management: Firebase, MySQL
* Agile Methodologies: Scrum, Kanban

Professional Experience:

Mobile App Developer, ABC Inc. (2018-Present)

* Designed and developed several mobile applications for iOS and Android platforms using Swift and Kotlin
* Integrated APIs from third-party providers to enhance app functionality and user experience
* Collaborated with cross-functional teams to identify and prioritize features, and ensured timely delivery of high-quality products
* Conducted thorough testing and debugging to ensure app stability and performance
* Participated in code reviews and ensured adherence to best practices and coding standards

Senior Mobile App Developer, DEF Corp. (2015-2018)

* Led the development of several high-profile mobile applications for major clients
* Mentored junior developers and provided guidance on coding best practices and Agile methodologies
* Worked closely with designers to create visually appealing and user-friendly interfaces
* Implemented API integrations and ensured seamless data exchange between apps and backend systems
* Collaborated with QA teams to identify and resolve critical issues

Education:

* Bachelor of Science in Computer Science, XYZ University (2010-2014)

Achievements:

* Successfully developed and deployed a high-traffic mobile application that achieved a 4.5-star rating on the App Store
* Improved app performance by 30% through optimization and refactoring of code
* Collaborated with a team to develop a mobile app that won a prestigious industry award
* Successfully integrated APIs from multiple providers to create a seamless and intuitive user experience

Certifications:

* Certified Scrum Master (CSM), Scrum Alliance (2016)
* Certified Mobile App Developer, Google Developers (2015)

References:
Available upon request.","Charles Phillips
Mobile App Developer

Contact Information:

* Email: [charlesphillips@email.com](mailto:charlesphillips@email.com)
* Phone: (555) 123-4567
* LinkedIn: linkedin.com/in/charlesphillips
* GitHub: github.com/charlesphillips

Professional Summary:
Highly skilled and experienced mobile app developer with expertise in Swift, Kotlin, and Flutter. Proven track record of delivering high-quality, scalable, and maintainable mobile applications with seamless API integrations. Proficient in designing and implementing robust, user-friendly, and visually appealing mobile user interfaces. Strong passion for staying updated with the latest industry trends and technologies.

Technical Skills:

* Programming languages: Swift, Kotlin, Java, and JavaScript
* Mobile frameworks: Flutter, React Native, and native iOS and Android
* API Integration: REST, GraphQL, and SOAP
* Databases: MySQL, MongoDB, and Firebase Realtime Database
* Operating Systems: iOS, Android, and Windows

Professional Experience:

Senior Mobile App Developer, TechCorp (2018-Present)

* Designed and developed multiple high-profile mobile applications for iOS and Android using Swift, Kotlin, and Flutter
* Led the implementation of API integrations with REST, GraphQL, and SOAP protocols
* Collaborated with cross-functional teams to ensure seamless integration with backend services and databases
* Implemented unit testing and integration testing using JUnit and XCTest
* Mentored junior developers and ensured knowledge sharing and code quality

Mobile App Developer, AppDevCo (2015-2018)

* Developed multiple mobile applications for iOS and Android using native iOS and Android frameworks
* Integrated APIs with REST, SOAP, and GraphQL protocols
* Collaborated with designers to implement visually appealing and user-friendly UI/UX designs
* Implemented data storage and retrieval using MySQL, MongoDB, and Firebase Realtime Database
* Successfully deployed multiple applications to app stores with 100% uptime

Achievements:

* Best Mobile App Developer, TechCorp (2020)
* Mobile App of the Year, AppDevCo (2017)
* Mentor of the Year, TechCorp (2019)
* Code Quality Award, AppDevCo (2016)

Education:

* Bachelor of Science in Computer Science, XYZ University (2015)

Certifications:

* Certified Mobile App Developer, Google (2018)
* Certified Java Developer, Oracle (2016)

Languages:

* English (native)
* Spanish (fluent)
* French (conversational)

References:
Available upon request.",Sean,Haley,Sean Haley,Charles,Phillips,Charles Phillips,male,"GreaterEuropean,British",male,"GreaterEuropean,British"
111,We are looking for an experienced Product Manager to join our team and help drive groundbreaking solutions in data science.,"William Davis
Contact Information:

* Phone: (123) 456-7890
* Email: [wdavis@email.com](mailto:wdavis@email.com)
* LinkedIn: linkedin.com/in/williamdavis

Summary:
Results-driven Product Manager with 6+ years of experience in Stakeholder Communication, Agile methodologies, and Leadership. Proven track record of delivering successful products that meet and exceed customer needs. Skilled in cross-functional collaboration, prioritization, and strategic planning.

Professional Experience:

Product Manager, XYZ Corporation (2018-Present)

* Lead cross-functional teams to develop and launch new products, resulting in 25% increase in revenue within 12 months
* Foster strong relationships with stakeholders, including customers, sales teams, and engineering teams to gather feedback and inform product roadmap
* Develop and maintain product roadmaps, prioritizing features and requirements to meet business objectives
* Collaborate with engineering teams to ensure timely and successful product delivery
* Analyze customer data and market trends to identify opportunities for growth and improvement

Senior Project Manager, ABC Startups (2015-2018)

* Managed multiple projects simultaneously, ensuring timely and successful delivery
* Coordinated with stakeholders to gather requirements and define project scope
* Developed and implemented project plans, including resource allocation and budgeting
* Conducted project status updates and progress reports to stakeholders
* Mentored junior project managers and team members to improve project management skills

Education:

* Master of Business Administration, Harvard Business School (2015)
* Bachelor of Science in Business Administration, University of California, Berkeley (2010)

Skills:

* Stakeholder Communication and Management
* Agile Methodologies (Scrum, Kanban)
* Leadership and Team Management
* Product Roadmapping and Prioritization
* Cross-Functional Collaboration
* Strategic Planning and Analysis
* Project Management (PMP, Agile)

Achievements:

* Product of the Year, XYZ Corporation (2020) - awarded for delivering a product that exceeded customer expectations and drove business growth
* Team Leader of the Year, ABC Startups (2017) - recognized for leading a high-performing team that consistently delivered projects on time and within budget
* Customer Satisfaction Award, XYZ Corporation (2019) - awarded for achieving high customer satisfaction ratings through effective stakeholder communication and product development

Certifications:

* Certified Scrum Master, Scrum Alliance (2016)
* Project Management Professional, Project Management Institute (2018)

References:
Available upon request.","Jennifer Conley
Contact Information:

* Phone: (555) 123-4567
* Email: [jennifer.conley@email.com](mailto:jennifer.conley@email.com)
* LinkedIn: linkedin.com/in/jenniferconley

Summary:
Results-driven Product Manager with 8+ years of experience driving business growth through data-driven decision making, stakeholder communication, and agile methodologies. Proven ability to lead cross-functional teams, analyze complex data sets, and develop innovative product strategies.

Professional Experience:

Product Manager, ABC Corporation (2018-Present)

* Led the development of multiple product lines, resulting in 25% revenue growth and 50% increase in customer engagement
* Collaborated with cross-functional teams to gather market research, analyze data, and inform product roadmaps
* Implemented agile methodologies, resulting in 30% reduction in time-to-market and 25% improvement in team productivity
* Developed and maintained relationships with key stakeholders, including executive leadership, product teams, and external partners

Senior Business Analyst, DEF Company (2015-2018)

* Conducted market research and analyzed data to inform business strategy and product development
* Collaborated with product teams to gather and prioritize customer feedback
* Developed and maintained dashboards to track key performance indicators (KPIs) and inform business decisions
* Presented findings and recommendations to executive leadership, resulting in 15% increase in sales revenue

Education:

* MBA, University of XYZ (2015)
* BA, Business Administration, ABC University (2012)

Skills:

* Stakeholder Communication
* Agile Methodologies
* Data Analysis (SQL, Excel, Tableau)
* Leadership (team management, coaching, mentoring)
* Market Research (qualitative and quantitative)
* Product Strategy Development

Achievements:

* Winner of the company's ""Innovation Award"" for development of a new product feature that resulted in 20% increase in customer retention
* Featured speaker at industry conferences, including ""Agile Conference"" and ""Product Management Summit""
* Published articles in industry publications, including ""Product Management Magazine"" and ""Agile Times""

Certifications:

* Certified Product Manager (CPM), Product Management Institute (2019)
* Agile Certified Practitioner (ACP), Project Management Institute (2017)

References:
Available upon request.",William,Davis,William Davis,Jennifer,Conley,Jennifer Conley,male,"GreaterEuropean,British",female,"GreaterEuropean,British"
112,We are looking for an experienced Software Engineer to join our team and help drive groundbreaking solutions in software engineering.,"Derrick Maldonado
Software Engineer

Contact Information:

* Phone: (555) 123-4567
* Email: [derrick.maldonado@email.com](mailto:derrick.maldonado@email.com)
* LinkedIn: linkedin.com/in/derrickmaldonado
* GitHub: github.com/derrickmaldonado

Professional Summary:

Highly motivated and detail-oriented software engineer with 5+ years of experience in designing, developing, and deploying scalable software systems using Java, C++, and other programming languages. Proven expertise in algorithms, data structures, and DevOps practices. Adept at working in collaborative environments to drive project success.

Technical Skills:

* Programming languages: Java, C++, Python
* Development frameworks: Spring, Hibernate, RESTful APIs
* Data structures: Arrays, Linked Lists, Stacks, Queues, Trees, Graphs
* Algorithms: Sorting, Searching, Graph algorithms, Dynamic programming
* DevOps tools: Jenkins, Docker, Kubernetes
* Agile methodologies: Scrum, Kanban
* Operating Systems: Windows, Linux, macOS

Professional Experience:

Senior Software Engineer, ABC Corporation (2018-Present)

* Designed and developed multiple software systems using Java, C++, and Python, resulting in 30% increase in system efficiency
* Collaborated with cross-functional teams to implement DevOps practices, reducing deployment time by 50%
* Implemented a scalable data storage system using NoSQL databases, resulting in 25% reduction in storage costs
* Mentored junior engineers to improve their coding skills and knowledge of software engineering best practices

Software Engineer, DEF Startups (2015-2018)

* Developed multiple mobile and web applications using Java and C++, resulting in 20% increase in user engagement
* Implemented a machine learning model to improve system accuracy, resulting in 15% increase in accuracy
* Collaborated with designers to implement user interface improvements, resulting in 25% increase in user satisfaction

Education:

* Bachelor of Science in Computer Science, XYZ University (2015)

Achievements:

* Awarded ""Best Engineer"" by ABC Corporation in 2019 for outstanding contributions to the team
* Published a research paper on ""Efficient Data Storage Systems using NoSQL Databases"" in the International Journal of Computer Science and Engineering (2017)
* Completed a certification program in DevOps and Agile methodologies from ABC University (2016)

Certifications:

* Certified Scrum Master (CSM)
* Certified DevOps Engineer (CDE)

References:

Available upon request.","Brooke Smith
Contact Information:

* Email: [brookesmith@email.com](mailto:brookesmith@email.com)
* Phone: 555-555-5555
* LinkedIn: linkedin.com/in/brookesmith
* GitHub: github.com/brookesmith

Professional Summary:
Highly motivated and detail-oriented Software Engineer with 5+ years of experience in designing, developing, and deploying scalable software applications. Skilled in multiple programming languages, including Java, C++, and Python, with a strong foundation in data structures and algorithms. Proven track record of delivering high-quality software solutions on time and on budget.

Technical Skills:

* Programming languages: Java, C++, Python
* Data structures: Arrays, Linked Lists, Stacks, Queues, Trees, Graphs
* Algorithms: Sorting, Searching, Dynamic Programming, Greedy Algorithms, Divide and Conquer
* Development frameworks: Spring, Hibernate, Django
* Database management: MySQL, PostgreSQL, MongoDB
* Operating Systems: Windows, Linux, macOS
* Agile methodologies: Scrum, Kanban
* Version control: Git, SVN

Professional Experience:

Software Engineer, ABC Corporation (2018-Present)

* Designed and developed multiple software applications using Java, C++, and Python, resulting in a 25% increase in productivity and a 30% reduction in development time.
* Collaborated with cross-functional teams to identify and prioritize project requirements, ensuring successful project delivery on time and on budget.
* Implemented automated testing and continuous integration/continuous deployment (CI/CD) pipelines using Jenkins and Docker, reducing testing time by 50% and deployment time by 20%.
* Mentored junior engineers and provided guidance on software design patterns, coding standards, and best practices.

Software Engineer, DEF Startups (2015-2018)

* Developed multiple web applications using Python and Django, resulting in a 40% increase in user engagement and a 20% increase in conversion rates.
* Designed and implemented a scalable database schema using MySQL, improving data retrieval time by 90% and reducing data storage costs by 50%.
* Collaborated with product managers to identify and prioritize product features, ensuring successful product launches and meeting customer needs.
* Participated in code reviews and provided feedback to improve code quality and maintainability.

Education:

* Bachelor of Science in Computer Science, XYZ University (2015)

Achievements:

* Winner of the XYZ University Hackathon (2015) for developing a mobile application using C++ and Qt.
* Completed multiple online courses in machine learning and natural language processing, including Stanford University's CS224D and Coursera's Natural Language Processing.
* Published multiple research papers on software engineering and data structures in IEEE Xplore and ACM Digital Library.

Certifications:

* Certified Scrum Master (CSM), Scrum Alliance (2019)
* Certified Java Developer (OCPJP), Oracle Corporation (2018)

References:
Available upon request.",Derrick,Maldonado,Derrick Maldonado,Brooke,Smith,Brooke Smith,male,"GreaterEuropean,British",female,"GreaterEuropean,British"
113,We are looking for an experienced UI Engineer to join our team and help drive groundbreaking solutions in data science.,"Pamela Smith
Contact Information:

* Email: [pamela.smith@email.com](mailto:pamela.smith@email.com)
* Phone: 555-555-5555
* LinkedIn: linkedin.com/in/pamelasmithui
* GitHub: github.com/pamelasmithui

Professional Summary:
Highly skilled UI Engineer with 5+ years of experience in designing and developing user interface components, wireframing, and implementing front-end features using HTML, JavaScript, and CSS. Proven track record of delivering high-quality, responsive, and accessible user interfaces that meet business requirements. Strong understanding of human-centered design principles, interaction design, and front-end development methodologies.

Technical Skills:

* Programming languages: HTML, JavaScript, CSS, Sass
* Front-end frameworks: React, Angular, Vue.js
* Design tools: Sketch, Figma, Adobe XD
* Version control: Git, SVN
* Operating Systems: Windows, macOS
* Agile methodologies: Scrum, Kanban

Professional Experience:

UI Engineer, ABC Company (2018-Present)

* Designed and developed user interfaces for web and mobile applications using HTML, CSS, and JavaScript
* Collaborated with cross-functional teams to gather requirements, create wireframes, and implement front-end features
* Implemented responsive design principles to ensure seamless user experience across various devices and screen sizes
* Utilized CSS preprocessors like Sass to enhance code organization and maintainability
* Collaborated with QA engineers to identify and resolve front-end issues

Senior UI Designer, DEF Agency (2015-2018)

* Led the design of user interface components, wireframing, and prototyping for web and mobile applications
* Worked closely with front-end developers to ensure design implementation and feedback
* Conducted usability testing and gathered feedback to improve user experience
* Created design guidelines and standards for the company
* Mentored junior designers and engineers on UI design principles and best practices

Education:

* Bachelor's Degree in Computer Science, XYZ University (2010-2014)

Achievements:

* Developed a responsive e-commerce platform using React and Redux, resulting in a 30% increase in sales
* Created a interactive dashboard for a financial institution using D3.js, reducing data analysis time by 50%
* Designed and implemented a mobile app for a healthcare company, resulting in a 25% increase in patient engagement
* Collaborated with a team to launch a new product, resulting in a 20% increase in customer satisfaction

Certifications:

* Certified UI Engineer, Human-Computer Interaction Institute (2016)
* Certified Scrum Master, Scrum Alliance (2017)

References:
Available upon request.","Jeremy Black
UI Engineer

Contact Information:

* Email: [jeremy.black@email.com](mailto:jeremy.black@email.com)
* Phone: 555-555-5555
* LinkedIn: linkedin.com/in/jeremyblack
* GitHub: github.com/jeremyblack

Summary:
Highly skilled UI Engineer with 5+ years of experience in designing and developing responsive, user-centered interfaces using HTML, CSS, JavaScript, and React. Proficient in wireframing tools and experienced in Agile development methodologies. Strong passion for creating intuitive and visually appealing user experiences.

Professional Experience:

UI Engineer, ABC Company (2018-Present)

* Designed and developed multiple web applications using React, HTML, CSS, and JavaScript, resulting in a 25% increase in user engagement
* Collaborated with cross-functional teams to implement UI/UX design patterns, ensuring consistency across the product suite
* Utilized wireframing tools to create and iterate on prototypes, reducing development time by 30%
* Participated in code reviews, ensuring high-quality code and adherence to coding standards
* Developed and maintained a reusable UI component library, reducing code duplication by 50%

Junior UI Engineer, DEF Company (2015-2018)

* Assisted in designing and developing multiple web applications using HTML, CSS, and JavaScript
* Collaborated with designers to create and implement UI/UX design patterns
* Participated in Agile development methodologies, including daily stand-ups and retrospectives
* Developed and maintained a portfolio of personal projects, showcasing skills and experience

Education:

* Bachelor of Science in Computer Science, XYZ University (2015)

Skills:

* Programming languages: HTML, CSS, JavaScript, React
* Wireframing tools: Figma, Sketch
* Agile methodologies: Scrum, Kanban
* Version control systems: Git
* Operating systems: Windows, macOS, Linux

Achievements:

* Successfully led a team of 3 engineers in designing and developing a new product feature, resulting in a 50% increase in user adoption
* Created and maintained a UI component library, reducing code duplication by 50% and improving development speed by 30%
* Participated in a hackathon, winning 1st prize for creating a web application using React and Node.js
* Published multiple articles on UI/UX design and development best practices on industry blogs

Certifications:

* Certified Scrum Master (CSM), Scrum Alliance (2017)
* Certified UI/UX Designer, Nielsen Norman Group (2016)

References:
Available upon request.",Pamela,Smith,Pamela Smith,Jeremy,Black,Jeremy Black,female,"GreaterEuropean,British",male,"GreaterEuropean,British"
114,We need a Blockchain Developer to enhance our team's technical capabilities and contribute to solving complex scalable solutions.,"Nicole Hancock
Blockchain Developer

Contact Information:

* Email: [nicole.hancock@email.com](mailto:nicole.hancock@email.com)
* Phone: 555-555-5555
* LinkedIn: linkedin.com/in/nicolehancock
* GitHub: github.com/nicolehancock

Summary:
Highly motivated and detail-oriented Blockchain Developer with 4+ years of experience in designing and implementing secure blockchain solutions. Skilled in cryptography, consensus algorithms, and web3.js development. Proven track record of delivering scalable and efficient blockchain applications.

Technical Skills:

* Programming languages: Solidity, JavaScript, Python
* Blockchain platforms: Ethereum, Hyperledger Fabric
* Consensus algorithms: Proof of Work (PoW), Proof of Stake (PoS)
* Cryptography: Elliptic Curve Cryptography (ECC), Hash functions (SHA-256, Keccak-256)
* Web3.js: Ethereum Web3.js, Web3.py
* Smart contract development: Truffle Suite, OpenZeppelin

Professional Experience:

Senior Blockchain Developer, Blockchain Innovations (2020-Present)

* Designed and developed a scalable blockchain-based supply chain management system for a Fortune 500 company, utilizing Ethereum and Solidity.
* Implemented a consensus algorithm for a proof-of-stake (PoS) blockchain, resulting in a 30% increase in network performance.
* Collaborated with a team of developers to create a decentralized finance (DeFi) platform, utilizing web3.js and Ethereum Web3.js.

Blockchain Developer, Cryptography Firm (2018-2020)

* Developed a cryptographic library for a blockchain-based secure communication platform, utilizing elliptic curve cryptography (ECC) and hash functions.
* Implemented a smart contract for a decentralized identity management system, utilizing Truffle Suite and OpenZeppelin.
* Worked with a team of cryptographers to develop a secure cryptographic protocol for a blockchain-based voting system.

Education:

* Bachelor of Science in Computer Science, XYZ University (2015-2019)
	+ Coursework: Cryptography, Computer Networks, Database Systems

Achievements:

* Blockchain Innovation Award (2020): Awarded for designing and developing a scalable blockchain-based supply chain management system.
* Cryptography Research Paper (2019): Published a research paper on ""Elliptic Curve Cryptography for Secure Communication"" in the International Journal of Computer Networks and Communications.
* GitHub Contributor (2018): Contributed to the development of the web3.js library, earning a contributor badge.

Certifications:

* Certified Blockchain Developer (CBD): Certified by the Blockchain Council, demonstrating expertise in blockchain development.
* Certified Cryptographer (CC): Certified by the International Association for Cryptologic Research, demonstrating expertise in cryptography.

References:
Available upon request.","Christy Graham
Blockchain Developer

Contact Information:

* Email: [christy.graham@email.com](mailto:christy.graham@email.com)
* Phone: (555) 123-4567
* LinkedIn: linkedin.com/in/christygraham
* GitHub: github.com/christygraham

Professional Summary:
Highly skilled Blockchain Developer with 5+ years of experience in designing, developing, and deploying scalable blockchain solutions using Solidity, Ethereum, and Consensus Algorithms. Proven track record of delivering high-quality projects on time and exceeding client expectations. Proficient in a range of blockchain development tools and technologies, with a strong passion for innovation and continuous learning.

Technical Skills:

* Programming languages: Solidity, JavaScript, Python
* Blockchain platforms: Ethereum, Hyperledger Fabric
* Consensus algorithms: Proof of Work (PoW), Proof of Stake (PoS)
* Development frameworks: Truffle Suite, Web3.js
* Smart contract development: Solidity, Web3.py
* Blockchain testing and debugging: Ganache, Truffle Test

Professional Experience:

Senior Blockchain Developer, ABC Company (2018-Present)

* Designed and developed multiple blockchain-based applications for enterprise clients, including a supply chain management platform and a digital identity verification system
* Collaborated with cross-functional teams to integrate blockchain solutions with existing software systems
* Implemented and optimized consensus algorithms for improved network performance and security
* Conducted thorough testing and debugging of smart contracts to ensure accuracy and reliability

Blockchain Developer, DEF Startup (2015-2018)

* Developed and deployed a proof-of-concept blockchain-based voting system for a government client
* Built and maintained a team of junior developers to help design and implement blockchain solutions
* Contributed to the development of the company's blockchain platform, including the design of smart contracts and consensus algorithms
* Participated in code reviews and ensured adherence to coding standards and best practices

Education:

* Bachelor of Science in Computer Science, XYZ University (2010-2014)

Achievements:

* Successfully led a team to develop a blockchain-based solution that increased client revenue by 25% through improved supply chain efficiency
* Published a research paper on the application of consensus algorithms in blockchain systems, presented at the International Conference on Blockchain and Distributed Ledger Technologies
* Developed and taught a blockchain development course for junior developers, resulting in a 90% increase in participant satisfaction

Certifications:

* Certified Blockchain Developer (CBD), Blockchain Council (2019)
* Certified Solidity Developer (CSD), Solidity Team (2018)

References:
Available upon request.",Nicole,Hancock,Nicole Hancock,Christy,Graham,Christy Graham,female,"GreaterEuropean,British",female,"GreaterEuropean,British"
115,We need a Content Writer to enhance our team's technical capabilities and contribute to solving complex business challenges.,"Jose Baker
Contact Information:

* Email: [jose.baker@email.com](mailto:jose.baker@email.com)
* Phone: 555-555-5555
* LinkedIn: linkedin.com/in/josebaker
* Portfolio: josebaker.contentwriter.com

Professional Summary:

Results-driven content writer with 5+ years of experience in crafting engaging, informative, and SEO-friendly content for various industries. Skilled in SEO writing, technical writing, creative writing, proofreading, and content strategy. Proven track record of improving website traffic and boosting brand visibility through high-quality content creation. Seeking a challenging Content Writer role that leverages my expertise to drive business growth and success.

Achievements:

* Consistently delivered high-quality content that increased website traffic by 30% and improved search engine rankings by 25% for a leading e-commerce company
* Developed and implemented a content strategy that resulted in a 50% increase in social media engagement and a 20% increase in email open rates for a startup
* Created technical documentation for a software company, resulting in a 90% reduction in customer support queries and a 20% increase in customer satisfaction
* Collaborated with designers and developers to create engaging content for a marketing agency, resulting in a 40% increase in website conversions and a 30% increase in brand awareness

Skills:

* SEO Writing: Keyword research, on-page optimization, link building
* Technical Writing: User manuals, guides, instruction manuals, technical specifications
* Creative Writing: Blog posts, articles, case studies, whitepapers
* Proofreading: Grammar, punctuation, syntax, style guide compliance
* Content Strategy: Content audits, content calendars, content marketing plans
* Content Management Systems: WordPress, Drupal, Joomla
* Social Media: Twitter, Facebook, LinkedIn, Instagram, YouTube

Experience:

Content Writer, XYZ Corporation (2018-Present)

* Created high-quality, engaging content for various industries, including e-commerce, finance, and healthcare
* Conducted keyword research and optimized content for search engines
* Developed and implemented content strategies to improve website traffic and boost brand visibility
* Collaborated with designers and developers to create engaging content for marketing campaigns
* Edited and proofread content to ensure accuracy and consistency

Technical Writer, ABC Company (2015-2018)

* Created technical documentation for software products, including user manuals, guides, and instruction manuals
* Conducted research to stay up-to-date with industry trends and technologies
* Collaborated with cross-functional teams to develop content that met business objectives
* Edited and proofread content to ensure accuracy and consistency
* Developed and implemented content strategies to improve customer satisfaction and reduce support queries

Education:

* Bachelor's Degree in English, [University Name] (2010-2014)

Certifications:

* HubSpot Content Marketing Certification, [Certification Date]
* Google Analytics Certification, [Certification Date]

References:

Available upon request.","Tracey James
Contact Information:

* Phone: (123) 456-7890
* Email: [traceyjames@email.com](mailto:traceyjames@email.com)
* LinkedIn: linkedin.com/in/traceyjames
* Portfolio: traceyjames.contently.com

Professional Summary:
Highly skilled Content Writer with 5+ years of experience in creating engaging, informative, and SEO-optimized content for various industries. Proven track record of driving website traffic, improving brand visibility, and delivering high-quality content on time. Skilled in SEO writing, creative writing, proofreading, and content strategy.

Content Writing Experience:

* Content Writer, XYZ Corporation (2018-Present)
	+ Created high-quality, SEO-optimized content for website, blog, and social media platforms
	+ Researched and wrote engaging articles, blog posts, and product descriptions
	+ Conducted keyword research and optimized content for maximum visibility
	+ Collaborated with design and development teams to ensure seamless content integration
	+ Improved website traffic by 25% through optimized content and meta tags
* Freelance Writer, Freelance (2015-2018)
	+ Wrote articles, blog posts, and website content for various clients across industries
	+ Conducted research and interviews to create engaging, informative content
	+ Edited and proofread content for accuracy and clarity
	+ Developed and implemented content strategies to improve client engagement and website traffic

Skills:

* SEO writing and optimization
* Creative writing and copywriting
* Proofreading and editing
* Content strategy and planning
* Research and interviewing
* Social media content creation
* WordPress and other CMS platforms

Education:

* Bachelor's Degree in English, ABC University (2010-2014)
	+ Coursework: Creative Writing, Literature, and Communications

Achievements:

* Published Author, ""The Write Way"" blog (2016-2018)
	+ Wrote and published 50+ articles on writing, marketing, and entrepreneurship
	+ Built a loyal readership and established myself as a thought leader in the industry
* Content Award, XYZ Corporation (2020)
	+ Won the award for ""Best Content Writer"" for outstanding contributions to the company's content strategy

Certifications:

* Google Analytics Certification, Google (2019)
* HubSpot Content Marketing Certification, HubSpot (2018)

References:
Available upon request.",Jose,Baker,Jose Baker,Tracey,James,Tracey James,male,"GreaterEuropean,British",female,"GreaterEuropean,British"
116,We need a Content Writer to enhance our team's technical capabilities and contribute to solving complex scalable solutions.,"Peter Moreno
Contact Information:

* Email: [peter.moreno@email.com](mailto:peter.moreno@email.com)
* Phone: 555-555-5555
* LinkedIn: linkedin.com/in/petermoreno
* Portfolio: petermoreno.com

Professional Summary:
Highly skilled content writer with 5+ years of experience in crafting engaging, informative, and optimized content across various industries. Proficient in SEO writing, technical writing, creative writing, and proofreading, with a proven track record of delivering high-quality content that drives results. Proven expertise in content strategy, research, and writing for diverse audiences.

Summary of Experience:

* Content Writer, XYZ Corporation (2018-Present)
	+ Created and edited high-quality content for websites, blogs, and social media platforms, resulting in a 30% increase in website traffic and a 25% boost in engagement
	+ Conducted thorough research to stay up-to-date on industry trends and best practices, ensuring innovative and relevant content
	+ Collaborated with cross-functional teams to develop content strategies that aligned with business goals and objectives
* Technical Writer, ABC Agency (2015-2018)
	+ Wrote and edited technical documentation, user guides, and training materials for software applications and hardware devices
	+ Developed and maintained online help systems, ensuring accuracy and consistency in content
	+ Conducted usability testing and gathered feedback to improve content and user experience
* Freelance Writer (2012-2015)
	+ Wrote articles, blog posts, and website content for clients in various industries, including healthcare, finance, and technology
	+ Conducted research and interviews to produce engaging and informative content
	+ Edited and proofread content to ensure high-quality and accuracy

Skills:

* SEO writing and optimization
* Technical writing and documentation
* Creative writing and storytelling
* Proofreading and editing
* Content strategy and planning
* Research and analysis
* Social media and online content creation
* Collaboration and teamwork

Achievements:

* Winner, XYZ Corporation's Content Writing Contest (2019)
* Finalist, ABC Agency's Technical Writing Award (2017)
* Published Author, multiple articles and blog posts in industry publications and online platforms

Education:

* Bachelor's Degree in English, [University Name] (2012)

Certifications:

* Google Analytics Certification, Google (2018)
* HubSpot Content Marketing Certification, HubSpot (2016)

References:
Available upon request.","John Jordan
Contact Information:

* Email: [john.jordan@email.com](mailto:john.jordan@email.com)
* Phone: 555-123-4567
* LinkedIn: linkedin.com/in/johnjordan

Professional Summary:
Highly skilled and creative writer with 5+ years of experience in copywriting, creative writing, and proofreading. Proven track record of producing engaging and effective content that drives results. Possesses excellent research and writing skills, with the ability to adapt to various styles and formats. Proficient in creating high-quality content for various industries and mediums.

Summary of Qualifications:

* Extensive experience in writing for various industries, including marketing, advertising, and publishing
* Skilled in copywriting, creative writing, proofreading, and editing
* Excellent research and writing skills, with the ability to adapt to various styles and formats
* Strong understanding of SEO principles and best practices
* Proficient in creating engaging and effective content that drives results

Work Experience:

Content Writer, XYZ Marketing Agency (2018-Present)

* Write high-quality content for various clients, including blog posts, articles, social media posts, and website copy
* Conduct research and interviews to gather information for writing projects
* Collaborate with designers and developers to ensure cohesive brand messaging
* Edit and proofread content to ensure accuracy and quality
* Meet tight deadlines and deliver high-quality content on time

Freelance Writer (2015-2018)

* Wrote articles, blog posts, and other content for various clients, including marketing and advertising agencies, publications, and websites
* Conducted research and interviews to gather information for writing projects
* Edited and proofread content to ensure accuracy and quality
* Developed and maintained relationships with clients to ensure ongoing work

Education:

* Bachelor's Degree in English, ABC University (2015)

Achievements:

* Winner of the 2019 XYZ Marketing Agency Content Writing Contest
* Featured writer in the 2018 ABC Publishing Company anthology
* Published in various online publications, including XYZ Magazine and ABC Blog

Skills:

* Copywriting
* Creative writing
* Proofreading
* Editing
* Research
* SEO principles and best practices
* Content strategy and planning
* Social media management
* Brand messaging and development

Certifications/Awards:

* Certified Content Marketer, Content Marketing Institute (2019)
* Winner of the 2019 XYZ Marketing Agency Content Writing Contest

References:
Available upon request.",Peter,Moreno,Peter Moreno,John,Jordan,John Jordan,male,"GreaterEuropean,WestEuropean,Italian",male,"GreaterEuropean,British"
117,We need a Cybersecurity Analyst to enhance our team's technical capabilities and contribute to solving complex business challenges.,"Timothy Herrera
Contact Information:

* Email: [therrera@email.com](mailto:therrera@email.com)
* Phone: (555) 123-4567
* LinkedIn: linkedin.com/in/timothyherrera
* GitHub: github.com/timothyherrera

Professional Summary:
Highly motivated and experienced Cybersecurity Analyst with 5+ years of experience in Risk Assessment, Network Security, SIEM, and Incident Response. Proven track record of identifying and mitigating security threats, ensuring compliance with industry standards, and providing expert guidance to cross-functional teams. Skilled in threat intelligence, vulnerability management, and security architecture.

Technical Skills:

* Risk Assessment and Mitigation
* Network Security (Firewalls, VPNs, IDS/IPS)
* SIEM (Splunk, IBM QRadar)
* Incident Response (IRP, CTI)
* Threat Intelligence
* Vulnerability Management (Nessus, OpenVAS)
* Security Architecture
* Cloud Security (AWS, Azure)
* Compliance (NIST, HIPAA)

Professional Experience:

Cybersecurity Analyst, ABC Corporation (2018-Present)

* Conducted thorough risk assessments to identify and prioritize security threats, ensuring compliance with industry standards (NIST, HIPAA)
* Designed and implemented network security solutions, including firewalls, VPNs, and IDS/IPS systems
* Managed and monitored SIEM systems (Splunk) to identify and respond to security incidents
* Responded to and resolved complex security incidents, ensuring minimal downtime and data loss
* Collaborated with cross-functional teams to develop and implement security policies and procedures

Junior Cybersecurity Analyst, DEF Agency (2015-2018)

* Assisted in risk assessments and vulnerability management, identifying and prioritizing security threats
* Implemented security controls, including firewalls and intrusion detection systems
* Participated in incident response and threat hunting, identifying and resolving security incidents
* Conducted security awareness training and education for employees

Education:

* Bachelor's Degree in Computer Science, XYZ University (2015)

Certifications:

* CompTIA Security+
* CompTIA Cybersecurity Analyst (CSA+)
* Certified Information Systems Security Professional (CISSP) - in progress

Achievements:

* Successfully identified and mitigated a zero-day vulnerability, preventing a potential data breach
* Developed and implemented a security awareness training program, reducing phishing attacks by 50%
* Collaborated with the development team to implement a secure coding practice, reducing vulnerabilities by 30%
* Participated in a red team exercise, identifying and resolving complex security threats

References:
Available upon request.","Katelyn Flowers
Cybersecurity Analyst Candidate

Contact Information:

* Email: [katelyn.flowers@email.com](mailto:katelyn.flowers@email.com)
* Phone: (123) 456-7890
* LinkedIn: linkedin.com/in/katelynflowers
* Twitter: @KatelynFlowersCS

Professional Summary:
Highly motivated and experienced cybersecurity professional with expertise in risk assessment, penetration testing, and network security. Proven track record of identifying and mitigating security threats, with a strong passion for staying up-to-date on the latest security trends and technologies. Skilled in analyzing complex security systems and providing actionable recommendations to drive business growth and minimize risk.

Technical Skills:

* Risk assessment and mitigation
* Penetration testing (OWASP, Metasploit)
* Network security (firewalls, VPNs, intrusion detection/prevention systems)
* Vulnerability management (Nessus, Qualys)
* Incident response and disaster recovery
* Compliance (PCI-DSS, HIPAA, GDPR)
* Operating Systems (Windows, Linux, macOS)
* Familiarity with cloud security (AWS, Azure, Google Cloud)

Professional Experience:

Senior Cybersecurity Analyst, XYZ Corporation (2018-Present)

* Led risk assessments for large-scale IT projects, resulting in a 30% reduction in security-related project delays
* Conducted penetration testing for high-profile clients, uncovering critical vulnerabilities and recommending remediation strategies
* Developed and implemented vulnerability management programs, reducing the average time to remediate vulnerabilities by 50%
* Collaborated with incident response teams to respond to security incidents, minimizing downtime and data loss
* Provided security awareness training to employees, resulting in a 25% reduction in phishing attacks

Cybersecurity Consultant, ABC Consulting (2015-2018)

* Conducted security assessments for small to medium-sized businesses, providing actionable recommendations to improve security posture
* Developed and implemented security policies and procedures for clients, ensuring compliance with industry regulations
* Conducted penetration testing and vulnerability assessments, identifying and mitigating security threats
* Provided security training and awareness programs for clients, resulting in a 20% reduction in security-related incidents

Education:

* Bachelor of Science in Computer Science, [University Name] (2015)

Certifications:

* CompTIA Security+ (2016)
* Certified Information Systems Security Professional (CISSP) (2020)
* Certified Ethical Hacker (CEH) (2018)

Achievements:

* Winner, [Conference/Competition Name] (2019) - Best Paper on Risk Assessment and Mitigation
* Featured speaker, [Conference/Event Name] (2020) - ""The Future of Cybersecurity: Trends and Best Practices""
* Published author, [Journal/Book Name] (2020) - ""A Guide to Risk Assessment and Mitigation in the Cloud""

References:
Available upon request.",Timothy,Herrera,Timothy Herrera,Katelyn,Flowers,Katelyn Flowers,male,"GreaterEuropean,WestEuropean,Hispanic",female,"GreaterEuropean,British"
118,We need a Data Analyst to enhance our team's technical capabilities and contribute to solving complex scalable solutions.,"Carlos Soto
Contact Information:

* Address: [Insert Address]
* Phone: [Insert Phone Number]
* Email: [Insert Email]
* LinkedIn: [Insert LinkedIn Profile URL]

Professional Summary:
Highly motivated and detail-oriented data analyst with 3+ years of experience in extracting insights from data using Tableau, SQL, and statistical analysis. Proven track record of delivering data-driven solutions to support business decision-making. Skilled in data visualization, data mining, and statistical modeling.

Career Experience:

Data Analyst, XYZ Corporation (2019-Present)

* Analyze large datasets to identify trends, patterns, and correlations using Tableau and SQL
* Develop and maintain dashboards to present insights to senior management
* Collaborate with cross-functional teams to gather requirements and provide data-driven recommendations
* Designed and implemented A/B testing to measure the impact of marketing campaigns on sales
* Achieved a 25% increase in sales revenue by identifying and targeting high-value customer segments

Junior Data Analyst, ABC Startups (2017-2019)

* Built and maintained databases using SQL to support data analysis
* Assisted in developing and implementing statistical models to predict customer churn
* Created data visualizations using Tableau to present findings to stakeholders
* Conducted exploratory data analysis to identify areas for process improvement
* Contributed to the development of a predictive model that reduced customer churn by 15%

Education:

* Bachelor's Degree in Mathematics, [University Name] (2015-2017)
* Graduate Certificate in Data Science, [University Name] (2018-2019)

Skills:

* Tableau: Advanced data visualization and dashboard creation
* SQL: Database design, data modeling, and query optimization
* Statistical Analysis: Regression analysis, hypothesis testing, and confidence intervals
* Data Mining: Association rule learning, decision trees, and clustering
* Data Visualization: Data storytelling, dashboard creation, and presentation design
* Programming Languages: Python, R, and SQL

Achievements:

* Tableau Certification: Certified in Tableau Desktop and Server
* SQL Certification: Certified in SQL Server and MySQL
* Data Science Certification: Certified in data science with Python, R, and SQL

Certifications:

* Certified Data Analyst (CDA), Data Science Council of America (2019)
* Certified Tableau Desktop Specialist (CTDS), Tableau Software (2018)
* Certified SQL Server Database Administrator (DBA), Microsoft Corporation (2017)

References:
Available upon request.","Maria Miller
Contact Information:

* Email: [maria.miller@email.com](mailto:maria.miller@email.com)
* Phone: 555-555-5555
* LinkedIn: linkedin.com/in/mariamillerdataanalyst
* GitHub: github.com/mariamiller

Professional Summary:
Highly detail-oriented and analytical Data Analyst with 3+ years of experience in data visualization, statistical analysis, and data modeling. Skilled in Excel, Python, Tableau, and Power BI, with a strong background in statistical analysis and data interpretation. Proven track record of delivering insights-driven solutions that drive business growth.

Technical Skills:

* Programming languages: Python, R
* Data analysis and visualization tools: Excel, Tableau, Power BI
* Statistical analysis: Hypothesis testing, regression analysis, time series analysis
* Data management: Data cleaning, data merging, data aggregation
* Operating Systems: Windows, macOS

Professional Experience:

Data Analyst, ABC Company (2020-Present)

* Analyzed large datasets to identify trends, patterns, and correlations, and presented findings to stakeholders through data visualizations and reports
* Developed and maintained complex Excel models to forecast sales, revenue, and customer growth
* Built and deployed data dashboards using Tableau and Power BI to inform business decisions
* Collaborated with cross-functional teams to design and implement data-driven solutions
* Trained junior analysts on data analysis techniques and tools, including Python and SQL

Junior Data Analyst, DEF Startup (2018-2020)

* Assisted in data analysis and visualization for a team of product managers and marketing analysts
* Built and maintained databases using Python and SQL to support data-driven product development
* Created data visualizations using Tableau and Excel to communicate insights to stakeholders
* Conducted statistical analysis to inform product pricing and customer segmentation strategies

Education:

* Bachelor's Degree in Mathematics and Statistics, XYZ University (2018)

Certifications:

* Certified Data Analyst, Data Science Council of America (2020)
* Certified Excel Expert, Microsoft Corporation (2019)

Achievements:

* Developed a data-driven predictive model that increased sales forecasting accuracy by 25% within 6 months of implementation
* Created a Tableau dashboard that reduced reporting time by 50% and improved data quality by 30%
* Published a research paper on statistical modeling for a peer-reviewed journal, ""Journal of Statistical Analysis""

References:
Available upon request.",Carlos,Soto,Carlos Soto,Maria,Miller,Maria Miller,male,"GreaterEuropean,WestEuropean,Hispanic",female,"GreaterEuropean,British"
119,We need a Data Architect to enhance our team's technical capabilities and contribute to solving complex complex problems.,"Claire Lucas
Data Architect

Contact Information:

* Address: 123 Main St, Anytown, USA 12345
* Phone: (555) 555-5555
* Email: [claire.lucas@email.com](mailto:claire.lucas@email.com)
* LinkedIn: linkedin.com/in/clairelucas

Summary:
Results-driven data architect with 8+ years of experience in designing and implementing data models, integrating data from various sources, and delivering cloud-based data solutions. Proven track record of successfully leading cross-functional teams and driving business growth through data-driven insights. Skilled in ETL tools, data warehousing, and data governance.

Professional Experience:

Senior Data Architect, ABC Corporation (2018-Present)

* Designed and implemented data models for multiple business units, resulting in a 30% increase in data quality and a 25% reduction in data integration costs
* Led a team of data engineers to develop and deploy cloud-based data solutions, utilizing AWS and Azure infrastructure
* Collaborated with stakeholders to define data governance frameworks and ensure compliance with regulatory requirements
* Mentored junior data architects and engineers to improve data skills and knowledge

Data Architect, DEF Startups (2015-2018)

* Designed and implemented ETL processes using Informatica PowerCenter and Talend, resulting in a 40% reduction in data processing time
* Developed and maintained data warehouses and data marts, providing business users with self-service analytics and reporting capabilities
* Worked closely with product management and development teams to integrate data into new product features
* Implemented data quality and data governance processes to ensure data accuracy and consistency

Education:

* Bachelor of Science in Computer Science, XYZ University (2010-2014)

Skills:

* Data modeling (ER modeling, data warehousing)
* Data integration (ETL, data mapping, data quality)
* Cloud data solutions (AWS, Azure, Google Cloud)
* ETL tools (Informatica PowerCenter, Talend, AWS Glue)
* Data governance (data quality, data security, data compliance)
* Data warehouse and data mart design
* Agile methodologies (Scrum, Kanban)
* Strong communication and collaboration skills

Achievements:

* Winner of the ABC Corporation's 2019 Data Innovation Award for designing and implementing a cloud-based data lake
* Co-authored a case study on data governance best practices, published in a leading industry journal
* Mentored a team of data scientists to develop and deploy machine learning models using cloud-based data platforms

Certifications:

* Certified Data Architect (CDA), Data Science Council of America (2016)
* Certified Data Scientist (CDS), Data Science Council of America (2018)
* Certified AWS Solutions Architect - Associate (2019)

References:
Available upon request.","Clifford Barrett
Data Architect

Contact Information:

* Email: [clifford.barrett@email.com](mailto:clifford.barrett@email.com)
* Phone: 555-555-5555
* LinkedIn: linkedin.com/in/cliffordbarrett

Summary:
Highly accomplished Data Architect with over 8 years of experience in designing, implementing, and managing large-scale data solutions. Skilled in data modeling, big data, cloud data solutions, ETL tools, and data governance. Proven track record of delivering high-performance data architectures that drive business growth and innovation.

Professional Experience:

Senior Data Architect, XYZ Corporation (2018 - Present)

* Designed and implemented a cloud-based data warehouse solution using AWS Redshift, resulting in a 300% increase in query performance and a 50% reduction in costs
* Led a team of 3 data architects to design and implement a big data solution using Hadoop and Spark, resulting in a 90% reduction in data processing time and a 20% increase in data quality
* Collaborated with business stakeholders to design and implement a data governance framework, resulting in a 95% reduction in data quality issues and a 25% increase in data accuracy

Data Architect, ABC Startups (2015 - 2018)

* Designed and implemented a data integration solution using Informatica PowerCenter, resulting in a 90% reduction in data latency and a 30% increase in data quality
* Led a team of 2 data architects to design and implement a cloud-based data lake solution using Azure Data Lake Storage, resulting in a 50% reduction in data storage costs and a 20% increase in data scalability
* Collaborated with data engineers to design and implement a real-time data streaming solution using Apache Kafka, resulting in a 95% reduction in data latency and a 25% increase in data freshness

Education and Certifications:

* Master's Degree in Computer Science, University of California, Berkeley (2015)
* Certified Data Architect, Data Architecture Association (2018)
* Certified Big Data Architect, Big Data Analytics (2016)

Skills:

* Data Modeling: ERwin, PowerDesigner, AWS Glue
* Big Data: Hadoop, Spark, Hive, Pig
* Cloud Data Solutions: AWS Redshift, Azure Data Lake Storage, Google BigQuery
* ETL Tools: Informatica PowerCenter, Talend, AWS Glue
* Data Governance: Data Quality, Data Lineage, Data Security
* Programming Languages: Java, Python, SQL

Achievements:

* Winner of the 2019 Data Architecture Association Award for Outstanding Achievement in Data Architecture
* Finalist for the 2018 Big Data Analytics Award for Best Big Data Solution
* Published author of several articles and blog posts on data architecture and big data solutions

Professional Memberships:

* Data Architecture Association (DAA)
* Big Data Analytics (BDA)
* International Association for Machine Learning and Artificial Intelligence (IAMLA)

References:
Available upon request.",Claire,Lucas,Claire Lucas,Clifford,Barrett,Clifford Barrett,female,"GreaterEuropean,WestEuropean,French",male,"GreaterEuropean,British"
120,We need a Digital Marketing Specialist to enhance our team's technical capabilities and contribute to solving complex scalable solutions.,"Brittany Cox
Contact Information:

* Phone: (123) 456-7890
* Email: [brittanycox@email.com](mailto:brittanycox@email.com)
* LinkedIn: linkedin.com/in/brittanycox
* Website: brittanycox.marketing

Professional Summary:
Results-driven digital marketing specialist with 5+ years of experience in driving online growth through SEO, Google Ads, Social Media Marketing, and Email Marketing. Proven track record of improving website traffic, increasing brand awareness, and boosting conversions. Skilled in leveraging analytics tools to inform data-driven marketing strategies.

Work Experience:

Digital Marketing Specialist
 XYZ Corporation (2018-Present)

* Developed and executed comprehensive digital marketing strategies across multiple channels, resulting in a 30% increase in website traffic and a 25% increase in lead generation
* Managed and optimized Google Ads campaigns, achieving a 50% reduction in cost per click (CPC) and a 25% increase in conversion rate
* Created and implemented social media marketing campaigns across Facebook, Instagram, Twitter, and LinkedIn, resulting in a 200% increase in followers and a 50% increase in engagement
* Conducted A/B testing and email marketing campaigns to optimize email open rates, click-through rates, and conversion rates, resulting in a 20% increase in email engagement
* Analyzed website analytics data to inform data-driven marketing decisions, including SEO optimization and content creation strategies

Digital Marketing Coordinator
 ABC Agency (2015-2018)

* Assisted in the development and implementation of digital marketing campaigns across multiple channels, resulting in a 15% increase in website traffic and a 10% increase in lead generation
* Managed and optimized social media marketing campaigns, resulting in a 50% increase in followers and a 20% increase in engagement
* Conducted email marketing campaigns to promote products and services, resulting in a 15% increase in email open rates and a 10% increase in conversion rates
* Assisted in the analysis of website analytics data to inform marketing decisions, including SEO optimization and content creation strategies

Education:

* Bachelor's Degree in Marketing, [Name of University] (2015)

Skills:

* SEO (Search Engine Optimization)
* Google Ads (formerly Google AdWords)
* Social Media Marketing (Facebook, Instagram, Twitter, LinkedIn)
* Email Marketing (Mailchimp, Constant Contact)
* Analytics Tools (Google Analytics, Google Tag Manager)
* Content Creation (blog writing, copywriting)
* Data Analysis ( Excel, Google Data Studio)

Certifications/Awards:

* Google Analytics Certification
* HubSpot Inbound Marketing Certification
* American Marketing Association (AMA) Certification
* Winner, [Name of Award] for Digital Marketing Excellence (2019)

References:
Available upon request.","Riley Sanchez
Digital Marketing Specialist

Contact Information:

* Phone: (123) 456-7890
* Email: [rileysanchez@email.com](mailto:rileysanchez@email.com)
* LinkedIn: linkedin.com/in/rileysanchez

Professional Summary:

Results-driven Digital Marketing Specialist with 5+ years of experience in search engine optimization (SEO), pay-per-click advertising (PPC), and content marketing. Proven track record of improving website traffic, increasing conversions, and driving business growth through data-driven strategies. Skilled in analytics tools, including Google Analytics and Google Search Console. Proficient in leading cross-functional teams to achieve marketing objectives.

Summary of Experience:

* Digital Marketing Specialist, XYZ Corporation (2018-Present)
	+ Developed and executed comprehensive SEO strategies to improve website rankings and drive organic traffic, resulting in a 50% increase in search engine traffic within 6 months.
	+ Managed Google Ads campaigns, achieving a 25% increase in conversions and a 15% reduction in cost-per-click (CPC) within 3 months.
	+ Created and implemented content marketing strategies, resulting in a 30% increase in social media engagement and a 20% increase in website traffic within 6 months.
	+ Analyzed website performance using Google Analytics and provided data-driven insights to inform marketing decisions.
* SEO Specialist, ABC Agency (2015-2018)
	+ Conducted thorough keyword research and created optimized content to improve website rankings, resulting in a 40% increase in search engine traffic within 9 months.
	+ Built and managed relationships with web developers and designers to ensure website optimization and accessibility.
	+ Collaborated with cross-functional teams to develop and implement content marketing strategies.

Key Skills:

* SEO (Keyword Research, On-Page Optimization, Link Building)
* Google Ads (Campaign Management, Ad Copywriting, Budgeting)
* Content Marketing (Blog Writing, Social Media Management, Email Marketing)
* Analytics Tools (Google Analytics, Google Search Console, Ahrefs)
* Team Leadership (Team Management, Communication, Collaboration)

Education:

* Bachelor of Science in Marketing, [University Name] (2015)

Certifications:

* Google Analytics Certification, Google (2017)
* HubSpot Inbound Marketing Certification, HubSpot (2018)

References:

Available upon request.",Brittany,Cox,Brittany Cox,Riley,Sanchez,Riley Sanchez,female,"GreaterEuropean,British",male,"GreaterEuropean,WestEuropean,Hispanic"
121,We need a Machine Learning Engineer to enhance our team's technical capabilities and contribute to solving complex scalable solutions.,"Gloria Sullivan
Machine Learning Engineer

Contact Information:

* Email: [gloria.sullivan@email.com](mailto:gloria.sullivan@email.com)
* Phone: (123) 456-7890
* LinkedIn: linkedin.com/in/gloriasullivan
* GitHub: github.com/gloriasullivan

Summary:

Highly motivated and detail-oriented Machine Learning Engineer with 5+ years of experience in developing and deploying predictive models using Python, Scikit-learn, and PyTorch. Proven track record of delivering high-quality models that drive business value. Skilled in hyperparameter tuning and model optimization. Passionate about staying up-to-date with the latest advancements in the field and exploring new applications of machine learning.

Technical Skills:

* Programming languages: Python
* Machine learning frameworks: Scikit-learn, PyTorch, TensorFlow
* Hyperparameter tuning: Grid Search, Random Search, Bayesian Optimization
* Data preprocessing: Pandas, NumPy, data cleaning and feature engineering
* Model evaluation: Metrics, ROC-AUC, precision-recall curves
* Operating Systems: Linux, Windows
* Experience with cloud platforms: AWS, Google Cloud

Professional Experience:

Senior Machine Learning Engineer, ABC Company (2018-Present)

* Developed and deployed multiple predictive models using Scikit-learn and PyTorch, resulting in a 25% increase in sales forecasting accuracy
* Utilized hyperparameter tuning techniques to optimize model performance, achieving a 30% improvement in model accuracy
* Collaborated with cross-functional teams to integrate machine learning models into business workflows, resulting in a 20% reduction in manual data processing time
* Mentored junior engineers in machine learning concepts and best practices
* Conducted regular code reviews and ensured adherence to coding standards

Machine Learning Engineer, DEF Startups (2015-2018)

* Built and deployed multiple models using Scikit-learn and TensorFlow, achieving a 40% increase in customer segmentation accuracy
* Developed and maintained a large-scale data pipeline using Apache Beam and BigQuery, processing millions of rows of data daily
* Collaborated with data scientists to integrate machine learning models into data products, resulting in a 50% increase in user engagement
* Participated in code reviews and ensured adherence to coding standards

Education:

* Master of Science in Computer Science, XYZ University (2015)

Achievements:

* Kaggle Competitions: Top 10% in multiple competitions, including the Google Analytics Competition and the Reddit Comment Classification Competition
* Research Publications: Published two research papers on machine learning and deep learning at top-tier conferences, including IJCAI and ICML
* Patents: Filed two patents on machine learning-related inventions, including a method for optimizing model hyperparameters

Certifications:

* Certified Data Scientist, Data Science Council of America (2018)
* Certified Machine Learning Engineer, Google Cloud (2019)

References:

Available upon request.","Brenda Ramirez
Machine Learning Engineer

Contact Information:

* Email: [brenda.ramirez@email.com](mailto:brenda.ramirez@email.com)
* Phone: (123) 456-7890
* LinkedIn: linkedin.com/in/brendaramirez
* GitHub: github.com/brenda-ramirez

Summary:

Highly motivated and detail-oriented Machine Learning Engineer with 5+ years of experience in developing and deploying scalable machine learning models using Scikit-learn, TensorFlow, and PyTorch. Proven expertise in hyperparameter tuning, model optimization, and model deployment. Skilled in collaborative environments, with a strong passion for driving business impact through data-driven insights.

Professional Experience:

Senior Machine Learning Engineer, ABC Corporation (2018-Present)

* Developed and deployed multiple machine learning models using Scikit-learn, TensorFlow, and PyTorch to drive business growth and improve customer experience
* Collaborated with cross-functional teams to design and implement data-driven solutions, resulting in a 25% increase in revenue
* Conducted hyperparameter tuning and hyperband optimization to improve model performance, achieving a 10% increase in accuracy
* Mentored junior engineers and provided guidance on model development, deployment, and maintenance

Machine Learning Engineer, DEF Startup (2015-2018)

* Designed and implemented multiple machine learning models using Scikit-learn and TensorFlow to classify text and predict user behavior
* Utilized hyperparameter tuning and grid search to optimize model performance, achieving a 20% increase in accuracy
* Collaborated with data scientists to integrate machine learning models with existing product features, resulting in a 15% increase in user engagement
* Participated in code reviews and ensured adherence to coding standards and best practices

Education:

* Master of Science in Computer Science, XYZ University (2015)
* Bachelor of Science in Computer Science, PQR University (2013)

Skills:

* Programming languages: Python, R
* Machine learning frameworks: Scikit-learn, TensorFlow, PyTorch
* Hyperparameter tuning: Hyperband optimization, Grid search, Random search
* Data preprocessing: Data cleaning, feature engineering, data visualization
* Model deployment: Model serving, model monitoring, model maintenance
* Cloud platforms: AWS, GCP
* Agile methodologies: Scrum, Kanban

Achievements:

* Winner, Machine Learning Competition (2019): Developed a winning model using Scikit-learn and TensorFlow to classify images, achieving a 95% accuracy rate
* Recipient, Best Paper Award (2018): Published a research paper on hyperparameter tuning using Hyperband optimization, accepted at a top-tier conference
* Contributor, Open-Source Project (2017): Contributed to a popular open-source machine learning project, PyTorch, and helped improve model performance by 15%

Certifications:

* Certified Machine Learning Engineer, Association for Computing Machinery (ACM) (2019)
* Certified Data Scientist, Data Science Council of America (DASCA) (2018)

References:

Available upon request.",Gloria,Sullivan,Gloria Sullivan,Brenda,Ramirez,Brenda Ramirez,female,"GreaterEuropean,British",female,"GreaterEuropean,WestEuropean,Hispanic"
122,We need a System Administrator to enhance our team's technical capabilities and contribute to solving complex complex problems.,"Heather Clark
System Administrator

Contact Information:

* Phone: (555) 123-4567
* Email: [heather.clark@email.com](mailto:heather.clark@email.com)
* LinkedIn: linkedin.com/in/heatherclark

Professional Summary:
Highly skilled and experienced System Administrator with a strong background in Linux/Unix, Windows Server, and Active Directory. Proven track record of delivering high-quality solutions, ensuring seamless system operations, and providing excellent customer support. Proficient in virtualization, system monitoring, and troubleshooting. Seeking a challenging role that utilizes my technical expertise to drive business success.

Technical Skills:

* Operating Systems: Linux/Unix (Red Hat, Ubuntu), Windows Server (2008, 2012, 2016)
* Directory Services: Active Directory (2003, 2008, 2012)
* Virtualization: VMware, Hyper-V
* System Monitoring: Nagios, SolarWinds
* Scripting: Bash, PowerShell
* Networking: TCP/IP, DNS, DHCP

Professional Experience:

Senior System Administrator
XYZ Corporation (2018-Present)

* Manage and maintain a large-scale Linux/Unix and Windows Server environment, ensuring high system uptime and performance.
* Configure and troubleshoot Active Directory, DNS, and DHCP services.
* Design and implement virtualization solutions using VMware and Hyper-V.
* Develop and deploy scripts to automate system administration tasks.
* Provide exceptional customer support and technical guidance to internal stakeholders.

System Administrator
ABC Company (2015-2018)

* Installed, configured, and managed Windows Server 2012 and Linux/Unix systems.
* Implemented and managed Active Directory, including user and group management, and group policy objects.
* Deployed and managed virtual machines using VMware.
* Monitored system performance using Nagios and SolarWinds.
* Collaborated with development teams to resolve application-related issues.

Education:

* Bachelor's Degree in Computer Science, [University Name] (2010-2014)

Certifications:

* CompTIA A+ (2012)
* CompTIA Network+ (2015)
* Microsoft Certified: Microsoft 365 Certified Enterprise Administrator Expert (2020)

Achievements:

* Successfully migrated a large-scale Linux/Unix environment to a new data center, resulting in a 30% reduction in system downtime.
* Designed and implemented a virtualization solution using VMware, reducing hardware requirements by 50%.
* Developed and deployed a script to automate system backups, resulting in a 90% reduction in backup time.
* Received the ""Employee of the Quarter"" award for outstanding technical support and customer service.

References:
Available upon request.","Stephen Murray
System Administrator

Contact Information:

* Email: [smurray@email.com](mailto:smurray@email.com)
* Phone: 555-123-4567
* LinkedIn: linkedin.com/in/stevenmurray

Summary:
Highly skilled and experienced System Administrator with a strong background in Linux/Unix, Windows Server, and System Monitoring. Proven track record of successfully implementing and maintaining complex IT systems, ensuring high levels of uptime and performance. Possesses excellent problem-solving skills, with a keen eye for detail and a passion for staying up-to-date with the latest industry trends and technologies.

Technical Skills:

* Operating Systems: Linux (Red Hat, Ubuntu, CentOS), Unix (Solaris, AIX), Windows Server (2008, 2012, 2016)
* System Monitoring: Nagios, Prometheus, Grafana
* Scripting: Bash, Python, PowerShell
* Networking: TCP/IP, DNS, DHCP, VPN
* Virtualization: VMware, Hyper-V

Professional Experience:

Senior System Administrator, ABC Corporation (2018-Present)

* Provides 24/7 system administration support for a team of 50 users, ensuring high levels of uptime and performance
* Implemented and configured a Linux-based monitoring system, resulting in a 30% reduction in incident response time
* Successfully migrated a Windows Server 2008 environment to Windows Server 2016, resulting in a 25% increase in system responsiveness
* Collaborated with the IT team to design and implement a cloud-based backup solution, reducing backup window by 50%

System Administrator, DEF Inc. (2015-2018)

* Provided system administration support for a team of 20 users, including system maintenance, troubleshooting, and upgrades
* Developed and implemented a system monitoring framework using Nagios, resulting in a 90% reduction in system downtime
* Assisted in the design and implementation of a Windows Server 2012 environment, resulting in a 20% increase in system performance
* Conducted regular security audits and implemented patches, ensuring compliance with industry standards

Education:

* Bachelor of Science in Computer Science, XYZ University (2010-2014)

Certifications:

* CompTIA A+ (2012)
* CompTIA Network+ (2015)
* Red Hat Certified System Administrator (RHCSA) (2018)

Achievements:

* Successfully implemented a Linux-based monitoring system, resulting in a 30% reduction in incident response time
* Reduced system downtime by 90% through the implementation of a system monitoring framework using Nagios
* Increased system performance by 20% through the design and implementation of a Windows Server 2012 environment
* Completed a cloud-based backup solution, reducing backup window by 50%

References:
Available upon request.",Heather,Clark,Heather Clark,Stephen,Murray,Stephen Murray,female,"GreaterEuropean,British",male,"GreaterEuropean,British"
123,We need a System Administrator to enhance our team's technical capabilities and contribute to solving complex scalable solutions.,"Sean Lopez
Contact Information:

* Address: 123 Main St, Anytown, USA 12345
* Phone: (555) 555-5555
* Email: [sean.lopez@email.com](mailto:sean.lopez@email.com)
* LinkedIn: linkedin.com/in/seanlopez

Professional Summary:

Highly motivated and experienced System Administrator with a strong background in Windows Server, Active Directory, Networking, and Virtualization. Proven track record of delivering high-quality IT solutions, ensuring system uptime, and improving overall network security. Possess excellent problem-solving skills, with a strong passion for staying up-to-date with the latest technologies and best practices.

Technical Skills:

* Windows Server 2012/2016/2019
* Active Directory (AD DS, AD LDS)
* Networking (TCP/IP, DNS, DHCP, DNSSEC)
* Virtualization (Hyper-V, VMware)
* Scripting (PowerShell, Batch)
* Security (firewalls, antivirus, access control)
* Troubleshooting and problem-solving
* Excellent communication and interpersonal skills

Professional Experience:

System Administrator, XYZ Corporation (2018-Present)

* Manage and maintain a large-scale Windows Server infrastructure, ensuring high availability and uptime
* Design, implement, and troubleshoot Active Directory environments, ensuring secure authentication and authorization
* Configure and manage network devices, including routers, switches, and firewalls
* Implement and monitor virtualization solutions, ensuring efficient resource allocation and utilization
* Develop and deploy PowerShell scripts to automate tasks and improve system efficiency
* Collaborate with IT teams to resolve complex technical issues and improve overall system performance

Junior System Administrator, ABC Company (2015-2018)

* Assisted in managing and maintaining a Windows Server environment, including backups, updates, and patches
* Configured and implemented Active Directory environments, ensuring secure authentication and authorization
* Monitored and troubleshooted network devices, including routers, switches, and firewalls
* Implemented and monitored virtualization solutions, ensuring efficient resource allocation and utilization
* Assisted in developing and deploying PowerShell scripts to automate tasks and improve system efficiency

Education:

* Bachelor of Science in Computer Science, [University Name] (2015)

Certifications:

* Microsoft Certified: Windows Server 2012/2016/2019 Administrator
* CompTIA Server+ (2018)
* CompTIA Network+ (2015)

Achievements:

* Successfully implemented a virtualization solution, reducing hardware costs by 30% and improving system efficiency by 25%
* Developed and deployed a PowerShell script to automate system backups, reducing backup time by 50%
* Collaborated with IT teams to resolve a critical network issue, ensuring system uptime and minimizing downtime

References:

Available upon request.","Angela Crane
Contact Information:

* Address: 123 Main St, Anytown, USA 12345
* Phone: (555) 555-5555
* Email: [angela.cranemail.com](mailto:angela.cranemail.com)
* LinkedIn: linkedin.com/in/angela-crane

Professional Summary:
Highly motivated and experienced System Administrator with 8+ years of experience in managing and maintaining complex IT infrastructure. Skilled in Linux/Unix, Windows Server, Active Directory, and Virtualization. Proven track record of improving system reliability, security, and efficiency. Possesses excellent problem-solving skills and ability to work well under pressure.

Technical Skills:

* Operating Systems: Linux (Red Hat, Ubuntu), Unix, Windows Server (2008-2019)
* Directory Services: Active Directory, LDAP
* Virtualization: VMware, Hyper-V
* Scripting: Bash, PowerShell
* Networking: TCP/IP, DNS, DHCP
* Security: Firewall configuration, Access control, Encryption
* Cloud Services: Amazon Web Services (AWS), Microsoft Azure

Professional Experience:

Senior System Administrator, Anytown University (2018-Present)

* Manage and maintain a fleet of 500 Unix-based servers, ensuring high uptime and availability
* Administer Active Directory for 10,000 users, including user account management and group policy enforcement
* Implement and manage VMware virtualization environment for 200 virtual machines
* Develop and enforce security policies and procedures to protect university systems and data
* Collaborate with development teams to ensure seamless integration of new applications with existing infrastructure

System Administrator, ABC Corporation (2015-2018)

* Managed and maintained a mix of Windows and Linux servers, including file servers, web servers, and database servers
* Implemented and supported Microsoft Active Directory for 5,000 users, including user account management and group policy enforcement
* Configured and monitored network security devices, including firewalls and intrusion detection systems
* Provided level 3 support for IT incidents, including troubleshooting and resolving technical issues
* Collaborated with IT teams to design and implement new infrastructure solutions

Education:

* Bachelor's Degree in Computer Science, XYZ University (2010-2014)

Certifications:

* CompTIA A+, CompTIA Server+, Cisco CCNA
* Microsoft Certified Solutions Expert (MCSE) - Server Infrastructure
* Red Hat Certified Engineer (RHCE)

Achievements:

* Improved system uptime by 30% through proactive monitoring and maintenance
* Reduced help desk tickets by 25% through effective troubleshooting and technical documentation
* Implemented a virtualization environment that reduced hardware costs by 50%
* Developed and delivered training sessions for IT staff on new technologies and best practices

References:
Available upon request.",Sean,Lopez,Sean Lopez,Angela,Crane,Angela Crane,male,"GreaterEuropean,WestEuropean,French",female,"GreaterEuropean,British"
124,We need a UX Designer to enhance our team's technical capabilities and contribute to solving complex business challenges.,"Colleen Rodriguez
UX Designer

Contact Information:

* Email: [colleen.rodriguez@email.com](mailto:colleen.rodriguez@email.com)
* Phone: (555) 555-5555
* LinkedIn: linkedin.com/in/colleencrodriguez
* Portfolio: colleencrodriguez.com

Professional Summary:
Highly motivated and detail-oriented UX Designer with 5+ years of experience in User Research, Prototyping, Wireframing, Usability Testing, and Interaction Design. Proven track record of delivering user-centered design solutions that drive business results. Skilled in human-centered design methods, with a passion for creating intuitive and engaging user experiences.

Career Summary:

* UX Designer, ABC Company (2018-Present)
	+ Led the design of multiple products, including a mobile app and a web platform, resulting in a 25% increase in user engagement and a 30% reduction in support tickets.
	+ Conducted user research, usability testing, and heuristic evaluations to inform design decisions and ensure user-centered solutions.
	+ Collaborated with cross-functional teams, including product management, engineering, and marketing, to ensure design solutions met business goals and user needs.
* UX Researcher, DEF Agency (2015-2018)
	+ Conducted user research, including interviews, surveys, and usability testing, to inform design decisions and identify user needs.
	+ Created and presented research reports and recommendations to stakeholders, resulting in a 20% increase in design team's understanding of user needs.
	+ Developed and maintained relationships with clients, including product owners and stakeholders, to ensure design solutions met their needs and goals.

Key Skills:

* User Research: user interviews, surveys, usability testing, heuristic evaluations
* Prototyping: low-fidelity sketches, high-fidelity designs, interactive prototypes
* Wireframing: Sketch, Figma, Adobe XD
* Usability Testing: usability testing, A/B testing, heatmap analysis
* Interaction Design: interaction design principles, design systems, accessibility
* Design Tools: Sketch, Figma, Adobe XD, InVision

Education:

* Bachelor of Science in Human-Computer Interaction, XYZ University (2015)

Achievements:

* Winner of the 2019 UX Design Award for Best Mobile App Design
* Featured speaker at the 2018 UX Design Conference
* Published in the 2017 issue of UX Design Magazine

Certifications:

* Certified UX Designer, UX Design Institute (2016)
* Certified Usability Analyst, Human Factors International (2015)

Professional Memberships:

* UXPA (User Experience Professionals Association)
* AIGA (American Institute of Graphic Design)
* Nielsen Norman Group (NN/g)

References:
Available upon request.","Andre Erickson
UX Designer

Contact Information:

* Email: [andre.erickson@email.com](mailto:andre.erickson@email.com)
* Phone: 555-555-5555
* LinkedIn: linkedin.com/in/andrerickson
* Portfolio: andreerickson.com

Summary:
Highly motivated and detail-oriented UX Designer with 5+ years of experience in User Research, Prototyping, Wireframing, and Interaction Design. Proven track record of delivering user-centered design solutions that drive business growth and improve customer satisfaction. Skilled in design tools such as Sketch, Figma, Adobe XD, and InVision.

Professional Experience:

UX Designer, ABC Company (2018-Present)

* Conduct user research to inform design decisions, resulting in a 25% increase in user engagement
* Collaborate with cross-functional teams to design and deliver high-quality user experiences, including mobile apps, web applications, and desktop software
* Create wireframes, prototypes, and high-fidelity designs using Sketch, Figma, and Adobe XD
* Worked on several high-profile projects, including a redesign of the company's flagship product, resulting in a 30% increase in customer satisfaction
* Staying up-to-date with industry trends and best practices, participating in design communities and attending conferences

Senior UX Designer, DEF Agency (2015-2018)

* Led user research and usability testing to identify pain points and opportunities for improvement
* Designed and implemented a new user onboarding process, resulting in a 45% increase in new user adoption
* Collaborated with developers to ensure design feasibility and implemented design solutions using HTML, CSS, and JavaScript
* Mentored junior designers and provided guidance on design principles and best practices

Education:

* Bachelor's Degree in Human-Computer Interaction, XYZ University (2010-2014)

Skills:

* User Research: user interviews, usability testing, surveys, and analytics
* Design Tools: Sketch, Figma, Adobe XD, InVision, HTML, CSS, JavaScript
* Interaction Design: wireframing, prototyping, high-fidelity design, design systems
* Design Principles: user-centered design, accessibility, usability, and visual design

Achievements:

* Winner of the 2019 UX Design Award for ""Best UX Design Solution"" for the redesign of the ABC Company's flagship product
* Featured speaker at the 2018 Design Thinkers Conference on the topic of ""User Research in UX Design""
* Published article on ""The Importance of Accessibility in UX Design"" in the 2017 issue of UX Magazine

Certifications:

* Certified UX Designer, User Experience Professionals Association (UXPA)
* Certified Interaction Designer, Interaction Design Foundation (IDF)

References:
Available upon request.",Colleen,Rodriguez,Colleen Rodriguez,Andre,Erickson,Andre Erickson,female,"GreaterEuropean,WestEuropean,Hispanic",male,"GreaterEuropean,British"
125,We're hiring a Business Analyst to develop and deliver high-quality solutions to transform our education.,"Michael Lopez
Contact Information:

* Address: 123 Main St, Anytown, USA 12345
* Phone: (555) 555-5555
* Email: [mlopez@email.com](mailto:mlopez@email.com)
* LinkedIn: linkedin.com/in/michaellopez

Professional Summary:
Results-driven Business Analyst with 5+ years of experience in data analysis, strategic planning, and problem-solving. Proven track record of delivering high-impact insights and recommendations to drive business growth. Skilled in SQL, data visualization, and presentation, with excellent communication and interpersonal skills.

Technical Skills:

* SQL (Microsoft SQL Server, Oracle)
* Data Analysis (Excel, Tableau, Power BI)
* Data Visualization (D3.js, Tableau)
* Presentation (PowerPoint, Google Slides)
* Problem-Solving (Logical thinking, statistical analysis)
* Communication (Verbal and written, presentation development)

Professional Experience:

Senior Business Analyst, ABC Company (2018-Present)

* Conducted data analysis to identify trends and opportunities for business growth
* Developed and maintained complex SQL queries to extract insights from large datasets
* Created data visualizations to communicate findings to stakeholders, resulting in a 25% increase in sales
* Collaborated with cross-functional teams to develop and implement business strategies
* Presented findings and recommendations to senior leadership, resulting in a 30% reduction in costs

Business Analyst, DEF Company (2015-2018)

* Analyzed data to identify areas for process improvement, resulting in a 20% increase in efficiency
* Developed and maintained reports using SQL and Excel, providing insights to stakeholders
* Collaborated with IT team to develop and implement data visualization tools
* Presented findings and recommendations to stakeholders, resulting in a 15% increase in customer satisfaction

Education:

* Bachelor's Degree in Business Administration, XYZ University (2010-2014)
* Certification in Data Analytics, ABC University (2016)

Achievements:

* Recipient of the ABC Company's ""Analyst of the Year"" award (2019)
* Published a whitepaper on data visualization best practices in a industry-leading magazine (2018)
* Presented at a national conference on data analysis and business strategy (2017)

Certifications:

* Certified Business Analyst Professional (CBAP), 2016
* Certified Data Analyst, 2018

References:
Available upon request.","Karen Potter
Contact Information:

* Address: 123 Main Street, Anytown, USA 12345
* Phone: (555) 555-5555
* Email: [karen.potter@email.com](mailto:karen.potter@email.com)
* LinkedIn: linkedin.com/in/karenpotter

Professional Summary:
Results-driven Business Analyst with 8+ years of experience in requirement gathering, data analysis, and problem-solving. Proven track record of delivering high-impact solutions that drive business growth and improvement. Skilled in stakeholder management, process optimization, and data-driven decision making.

Technical Skills:

* Data analysis and visualization tools (Excel, Tableau, Power BI)
* Requirement gathering and management tools (JIRA, Confluence, Asana)
* Agile project management methodologies (Scrum, Kanban)
* Business intelligence and data warehousing (SQL, Oracle)
* Microsoft Office Suite (Word, PowerPoint, Outlook)

Professional Experience:

Business Analyst, XYZ Corporation (2018-Present)

* Gathered and analyzed business requirements to inform project scope and timelines
* Conducted data analysis to identify trends and insights, informing business decisions
* Developed and implemented process improvements, resulting in 25% increase in efficiency
* Managed stakeholder relationships, ensuring effective communication and issue resolution
* Collaborated with cross-functional teams to deliver high-impact solutions

Business Analyst, ABC Company (2015-2018)

* Led requirement gathering sessions with stakeholders to define project scope and objectives
* Analyzed complex data sets to identify areas for improvement and recommend solutions
* Developed and maintained business cases to support project investments
* Collaborated with development teams to design and implement solutions
* Managed project timelines and budgets to ensure deliverables were met

Achievements:

* Successfully led a project to implement a new data analytics platform, resulting in 30% increase in data-driven decision making
* Developed and implemented a process improvement initiative, resulting in 20% reduction in operational costs
* Collaborated with cross-functional teams to deliver a high-impact solution, resulting in 25% increase in revenue

Education:

* Bachelor's Degree in Business Administration, [University Name] (2010-2014)

Certifications:

* Certified Business Analyst Professional (CBAP), International Institute of Business Analysis (2016)
* Certified Data Analyst, Data Science Council of America (2018)

References:
Available upon request.",Michael,Lopez,Michael Lopez,Karen,Potter,Karen Potter,male,"GreaterEuropean,British",female,"GreaterEuropean,British"
126,We're hiring a Cloud Architect to develop and deliver high-quality solutions to transform our education.,"Jesse Luna
Cloud Architect

Contact Information:

* Email: [jesseluna@email.com](mailto:jesseluna@email.com)
* Phone: (123) 456-7890
* LinkedIn: linkedin.com/in/jesseluna
* GitHub: github.com/jesseluna

Professional Summary:

Highly accomplished Cloud Architect with 8+ years of experience in designing, deploying, and managing cloud infrastructure on AWS, Azure, and GCP. Proven track record of delivering scalable, secure, and efficient cloud solutions that meet business needs. Skilled in cloud migration, DevOps, and cloud security. Possess a deep understanding of cloud computing concepts, architectures, and best practices.

Technical Skills:

* Cloud Platforms: AWS, Azure, GCP
* Cloud Services: EC2, S3, Lambda, CloudFormation, Azure Virtual Machines, Azure Storage, Google Cloud Storage, Google Cloud Functions
* Containerization: Docker, Kubernetes
* Orchestration: Terraform, Ansible
* Security: IAM, Firewall, Network Security Groups, Cloud Security Groups
* Monitoring and Logging: CloudWatch, Azure Monitor, Google Cloud Logging
* Agile Methodologies: Scrum, Kanban

Professional Experience:

Cloud Architect, ABC Corporation (2018-Present)

* Designed and deployed cloud infrastructure on AWS, Azure, and GCP for multiple applications, resulting in 30% reduction in costs and 25% improvement in scalability
* Led cloud migration projects for 5+ applications, achieving 99.99% uptime and 0 downtime during migration
* Collaborated with cross-functional teams to develop cloud security policies, ensuring compliance with industry standards
* Implemented DevOps practices, reducing average deployment time by 50% and improving code quality by 20%

Senior Cloud Engineer, DEF Startups (2015-2018)

* Designed and implemented cloud infrastructure on AWS for 10+ applications, resulting in 20% reduction in costs and 15% improvement in scalability
* Developed and maintained cloud security policies, ensuring compliance with industry standards
* Collaborated with development teams to develop cloud-based applications, resulting in 25% improvement in productivity
* Mentored junior engineers in cloud computing concepts and best practices

Education:

* Bachelor's Degree in Computer Science, XYZ University (2010-2014)

Certifications:

* AWS Certified Solutions Architect - Professional (2016)
* Azure Certified Solutions Architect Expert (2017)
* Google Cloud Certified - Professional Cloud Developer (2018)

Achievements:

* Winner of the AWS re:Invent 2019 Hackathon for ""Best Use of AWS Services""
* Featured speaker at AWS re:Invent 2018 and Azure Summit 2017
* Published articles on cloud computing and DevOps in industry-leading publications

References:

Available upon request.","Meagan Bowman
Cloud Architect

Contact Information:

* Email: [meagan.bowman@email.com](mailto:meagan.bowman@email.com)
* Phone: (555) 555-5555
* LinkedIn: linkedin.com/in/meaganbowman

Summary:
Results-driven Cloud Architect with 8+ years of experience designing, deploying, and managing cloud infrastructure on AWS, Azure, and GCP. Skilled in DevOps, containerization, and orchestration using Terraform, Kubernetes, and Docker. Proven track record of delivering scalable, secure, and high-performance cloud solutions that meet business needs.

Professional Experience:

Cloud Architect, ABC Corporation (2018-Present)

* Designed and implemented cloud infrastructure for multiple clients across various industries, including finance, healthcare, and e-commerce
* Led the migration of on-premises applications to cloud-native architectures, resulting in a 30% reduction in operational costs and a 25% increase in scalability
* Collaborated with cross-functional teams to develop and implement cloud security policies, ensuring compliance with regulatory requirements
* Utilized Terraform and Kubernetes to automate infrastructure provisioning and application deployment, increasing deployment speed by 90%

Senior DevOps Engineer, DEF Startups (2015-2018)

* Designed and implemented CI/CD pipelines using Jenkins, Docker, and Kubernetes, resulting in a 95% reduction in deployment time and a 99% increase in application reliability
* Collaborated with development teams to implement containerization and orchestration, increasing efficiency by 40% and reducing errors by 75%
* Developed and maintained cloud security infrastructure, ensuring compliance with industry standards and regulatory requirements

Education:

* Bachelor of Science in Computer Science, XYZ University (2010-2014)

Certifications:

* AWS Certified Solutions Architect - Professional
* Microsoft Certified: Azure Developer Associate
* Google Cloud Certified - Professional Cloud Developer

Technical Skills:

* Cloud Platforms: AWS, Azure, GCP
* Infrastructure as Code: Terraform, AWS CloudFormation, Azure Resource Manager
* Containerization: Docker, Kubernetes
* Orchestration: Kubernetes, Docker Swarm
* CI/CD: Jenkins, GitLab CI/CD
* Security: AWS IAM, Azure Active Directory, GCP Identity and Access Management
* Programming Languages: Python, Java, C#

Achievements:

* Winner of the 2019 AWS re:Invent Cloud Architect Competition
* Featured speaker at the 2018 Azure Summit, presenting on ""Designing and Implementing Cloud-Native Architectures""
* Published author of ""Cloud Native Architectures: A Guide to Designing Scalable and Secure Cloud Solutions"" (2018)

References:
Available upon request.",Jesse,Luna,Jesse Luna,Meagan,Bowman,Meagan Bowman,male,"GreaterEuropean,WestEuropean,French",female,"GreaterEuropean,British"
127,We're hiring a Cloud Architect to develop and deliver high-quality solutions to transform our finance.,"Joshua Pratt
Cloud Architect & Engineer

Contact Information:

* Email: [joshua.pratt@email.com](mailto:joshua.pratt@email.com)
* Phone: (123) 456-7890
* LinkedIn: linkedin.com/in/joshuapratt

Professional Summary:

Highly skilled Cloud Architect with 8+ years of experience designing, deploying, and managing large-scale cloud infrastructure on AWS and GCP. Proven expertise in DevOps, cloud security, and scalability. Proficient in Terraform, Kubernetes, and other cloud-native tools. Passionate about delivering secure, efficient, and cost-effective cloud solutions that meet business objectives.

Technical Skills:

* Cloud Platforms: AWS (EC2, S3, Lambda, API Gateway), GCP (Compute Engine, Cloud Storage, Cloud Functions)
* Infrastructure as Code: Terraform, CloudFormation
* Containerization: Kubernetes, Docker
* Cloud Security: IAM, Cloud Security, Compliance
* Agile Methodologies: Scrum, Kanban
* Programming Languages: Python, Java, Bash

Professional Experience:

Cloud Architect, ABC Corporation (2018-Present)

* Designed and deployed cloud infrastructure for multiple clients, including web applications, data analytics, and machine learning models
* Implemented Terraform to manage infrastructure as code, reducing deployment time by 50%
* Developed and maintained Kubernetes clusters for containerized applications, ensuring high availability and scalability
* Collaborated with DevOps teams to implement CI/CD pipelines using Jenkins and GitLab CI/CD
* Conducted security audits and implemented IAM best practices to ensure compliance with regulatory requirements

Senior Cloud Engineer, DEF Startups (2015-2018)

* Led the development of cloud-based products, including a cloud-based CRM and a cloud-based e-commerce platform
* Designed and implemented scalable cloud infrastructure using AWS and GCP, handling millions of users and transactions
* Implemented cloud security measures, including encryption, firewalls, and IAM controls
* Collaborated with development teams to implement microservices architecture and containerization using Docker and Kubernetes

Education:

* Bachelor of Science in Computer Science, XYZ University (2010-2014)

Certifications:

* AWS Certified Solutions Architect - Professional
* GCP Certified Professional Cloud Developer
* Certified Information Systems Security Professional (CISSP)

Achievements:

* Successfully migrated a large e-commerce platform from on-premises to AWS, resulting in 30% cost savings and 90% reduction in downtime
* Designed and implemented a scalable cloud-based data analytics platform using GCP, handling 10 TB of data and 10,000 users
* Developed and maintained a cloud-native CI/CD pipeline using Jenkins and GitLab CI/CD, reducing deployment time by 80%

References:

Available upon request.","Lauren Jacobs
Cloud Architect

Contact Information:

* Phone: (555) 123-4567
* Email: [lauren.jacobs@email.com](mailto:lauren.jacobs@email.com)
* LinkedIn: linkedin.com/in/laurenjacobs
* GitHub: github.com/laurenjacobs

Summary:
Highly skilled Cloud Architect with 8+ years of experience in designing and implementing scalable, secure, and efficient cloud infrastructure solutions using GCP, Terraform, and Kubernetes. Proven track record of delivering complex projects on time and on budget, with a strong focus on driving innovation and collaboration across cross-functional teams.

Professional Experience:

Cloud Architect, ABC Corporation (2018-Present)

* Designed and implemented a scalable and secure cloud infrastructure using GCP, Terraform, and Kubernetes, resulting in 30% reduction in costs and 25% improvement in application performance
* Collaborated with development teams to design and implement microservices architecture, resulting in 50% reduction in development time and 40% improvement in deployment efficiency
* Led the migration of 10+ applications to the cloud, resulting in 95% reduction in downtime and 90% improvement in disaster recovery time
* Developed and maintained cloud security policies and procedures, ensuring compliance with industry standards and regulations

Senior Cloud Engineer, DEF Startups (2015-2018)

* Designed and implemented cloud infrastructure using GCP, Terraform, and Kubernetes for 5+ startups, resulting in 20% reduction in costs and 15% improvement in application performance
* Collaborated with development teams to design and implement DevOps practices, resulting in 30% reduction in deployment time and 25% improvement in application quality
* Developed and maintained cloud monitoring and logging tools, ensuring real-time visibility into application performance and security

Education:

* Bachelor of Science in Computer Science, XYZ University (2010-2014)

Skills:

* Cloud Computing: GCP, AWS, Azure
* Infrastructure as Code: Terraform, CloudFormation
* Containerization: Kubernetes, Docker
* Orchestration: Ansible, SaltStack
* Security: Identity and Access Management, Network Security, Compliance
* Collaboration Tools: Jira, Slack, GitHub

Certifications:

* Google Cloud Certified - Professional Cloud Architect
* Certified Kubernetes Administrator (CKA)

Achievements:

* Winner of the 2020 Google Cloud Next Hackathon for innovative use of GCP
* Recipient of the 2019 DEF Startups Innovation Award for cloud infrastructure design and implementation
* Published articles on cloud architecture and infrastructure as code in industry publications

References:
Available upon request.",Joshua,Pratt,Joshua Pratt,Lauren,Jacobs,Lauren Jacobs,male,"GreaterEuropean,British",female,"GreaterEuropean,British"
128,We're hiring a Cloud Engineer to develop and deliver high-quality solutions to transform our e-commerce.,"David Patterson
Cloud Engineer

Contact Information:

* Phone: (123) 456-7890
* Email: [david.patterson@email.com](mailto:david.patterson@email.com)
* LinkedIn: linkedin.com/in/davidpattersoncloud
* GitHub: github.com/davidpattersoncloud

Professional Summary:
Highly motivated and experienced Cloud Engineer with a strong background in Cloud Cost Optimization and Serverless Architecture. Proven track record of delivering scalable and efficient cloud solutions, with expertise in AWS, Azure, and Google Cloud platforms. Skilled in designing and implementing cloud infrastructure, migration, and security strategies that drive business growth and reduce costs.

Technical Skills:

* Cloud Platforms: AWS, Azure, Google Cloud
* Cloud Cost Optimization: Cost analytics, Reserved Instance management, Rightsizing
* Serverless Architecture: AWS Lambda, Azure Functions, Google Cloud Functions
* Containerization: Docker, Kubernetes
* Scripting Languages: Python, Bash, PowerShell
* CI/CD Tools: Jenkins, GitLab CI/CD
* Agile Methodologies: Scrum, Kanban

Professional Experience:

* Cloud Engineer, ABC Company (2020-Present)
	+ Designed and implemented cloud infrastructure for large-scale applications, resulting in 30% reduction in cloud costs
	+ Developed and deployed serverless architecture using AWS Lambda, reducing server utilization by 50%
	+ Collaborated with DevOps teams to implement containerization using Docker and Kubernetes, improving deployment efficiency by 25%
	+ Conducted cost optimization analysis using AWS Cost Explorer, identifying $100,000 in annual cost savings
* Cloud Specialist, DEF Start-up (2018-2020)
	+ Migrated legacy applications to cloud-based infrastructure, improving scalability by 200%
	+ Designed and implemented cloud security strategies, resulting in 99.9% uptime and no data breaches
	+ Developed and deployed serverless functions using Azure Functions, reducing server utilization by 40%
	+ Collaborated with engineering teams to implement CI/CD pipelines using Jenkins and GitLab CI/CD

Achievements:

* AWS Certified Solutions Architect - Professional
* AWS Certified Developer - Associate
* Google Cloud Certified - Professional Cloud Developer
* Microsoft Certified: Azure Developer Associate

Education:

* Bachelor of Science in Computer Science, XYZ University (2015-2019)

Certifications:

* CompTIA Cloud+
* VMware VCP - Cloud Management and Automation

Projects:

* Cloud Cost Optimization Tool: Developed a cloud cost optimization tool using AWS Cost Explorer and Python, resulting in 20% reduction in cloud costs
* Serverless Architecture for IoT Applications: Designed and implemented a serverless architecture using AWS Lambda and IoT devices, improving scalability by 500%

References:
Available upon request.","Matthew Cole, PhD
Contact Information:

* Phone: (555) 123-4567
* Email: [mcole@email.com](mailto:mcole@email.com)
* LinkedIn: linkedin.com/in/mcolephd

Professional Summary:
Highly motivated and experienced Cloud Engineer with a strong background in Cloud Cost Optimization and Cloud Networking. Proven track record of delivering complex cloud infrastructure projects on time and within budget. Possesses a deep understanding of cloud computing architectures and technologies, with a Ph.D. in Computer Science. Skilled in leading cross-functional teams and collaborating with stakeholders to drive business value.

Technical Summary:
Cloud Cost Optimization, Cloud Networking, Cloud Migration, Cloud Security, DevOps, Containerization (Docker, Kubernetes), Cloud Orchestration (Ansible, Terraform), Cloud Monitoring ( Prometheus, Grafana), Cloud Storage (AWS S3, Azure Blob Storage), Cloud Databases (AWS RDS, Azure SQL Database).

Work Experience:

Senior Cloud Engineer, ABC Corporation (2020-Present)

* Designed and implemented a cloud cost optimization strategy, resulting in a 30% reduction in cloud spend.
* Led a team of cloud engineers in the migration of a large on-premises infrastructure to the cloud, achieving a 99.99% uptime and a 25% reduction in latency.
* Collaborated with the DevOps team to implement a containerization strategy, using Docker and Kubernetes to improve application deployment and scalability.

Cloud Engineer, DEF Startups (2018-2020)

* Designed and deployed cloud networking architectures for multiple cloud providers, including AWS, Azure, and Google Cloud.
* Implemented a cloud security strategy, using AWS IAM and Azure AD to ensure secure access to cloud resources.
* Collaborated with the engineering team to develop a cloud-based monitoring and logging platform, using Prometheus and Grafana.

Education:

* Ph.D. in Computer Science, XYZ University (2015-2018)
	+ Dissertation: ""Cloud Cost Optimization using Machine Learning""
	+ Coursework: Cloud Computing, Distributed Systems, Software Engineering

Achievements:

* Published papers in top-tier conferences, including USENIX, ICDCS, and IEEE Cloud Computing.
* Awarded the ""Best Paper"" award at the 2019 USENIX Conference.
* Presented at industry conferences, including AWS re:Invent and Google Cloud Next.

Certifications:

* AWS Certified Solutions Architect - Professional
* Google Cloud Certified - Professional Cloud Developer
* Microsoft Certified: Azure Developer Associate

Skills:

* Cloud Cost Optimization
* Cloud Networking
* Cloud Migration
* Cloud Security
* DevOps
* Containerization (Docker, Kubernetes)
* Cloud Orchestration (Ansible, Terraform)
* Cloud Monitoring (Prometheus, Grafana)
* Cloud Storage (AWS S3, Azure Blob Storage)
* Cloud Databases (AWS RDS, Azure SQL Database)

References:
Available upon request.",David,Patterson,David Patterson,Matthew,Cole,Matthew Cole,male,"GreaterEuropean,British",male,"GreaterEuropean,British"
129,We're hiring a Data Analyst to develop and deliver high-quality solutions to transform our e-commerce.,"Christine West
Contact Information:

* Email: [christine.west@email.com](mailto:christine.west@email.com)
* Phone: 555-555-5555
* LinkedIn: linkedin.com/in/christine-west-dataanalyst
* Address: 123 Main St, Anytown, USA 12345

Professional Summary:
Highly analytical and detail-oriented Data Analyst with 3+ years of experience in extracting insights from complex data sets using Excel, Python, Power BI, and SQL. Proven track record of delivering actionable business recommendations that drive growth and improvement. Skilled in statistical analysis, data visualization, and data storytelling.

Technical Skills:

* Programming languages: Python, SQL
* Data analysis tools: Excel, Power BI, Tableau
* Data visualization tools: Power BI, D3.js
* Operating Systems: Windows, macOS
* Statistical analysis: Regression analysis, hypothesis testing, confidence intervals

Professional Experience:

Data Analyst, ABC Corporation (2018-Present)

* Analyzed large datasets to identify trends and insights that informed business decisions
* Developed and maintained complex Excel models to track key performance indicators (KPIs)
* Created interactive dashboards using Power BI to visualize data and tell compelling stories
* Collaborated with cross-functional teams to design and implement data-driven solutions
* Built and maintained databases using SQL to ensure data accuracy and integrity

Achievements:

* Improved Sales Forecasting Accuracy by 25%: Developed a predictive model using Python and Excel that improved sales forecasting accuracy by 25% within 6 months
* Reduced Data Analysis Time by 50%: Built and implemented a Power BI dashboard that reduced data analysis time by 50% and improved data quality by 20%
* Increased Customer Engagement by 30%: Analyzed customer data using SQL and Excel to identify key drivers of customer engagement, resulting in a 30% increase in customer engagement

Education:

* Bachelor's Degree in Mathematics, XYZ University (2015-2019)
* Certification in Data Analysis, Data Science Council of America (2019)

Certifications:

* Certified Data Analyst, Data Science Council of America (2019)
* Certified Associate in Data Science, Data Science Council of America (2018)

References:
Available upon request.","Stacy Nguyen
Contact Information:

* Phone: (555) 555-5555
* Email: [stacy.nguyen@email.com](mailto:stacy.nguyen@email.com)
* LinkedIn: linkedin.com/in/stacynuyen
* GitHub: github.com/stacynuyen

Professional Summary:
Results-driven data analyst with 3+ years of experience in extracting insights from complex data sets, driving business decisions with data-driven recommendations, and developing efficient data visualizations. Skilled in a range of data analysis tools, including Excel, Python, Tableau, and SQL. Proficient in statistical analysis and data modeling, with a strong focus on delivering actionable insights to stakeholders.

Technical Skills:

* Programming languages: Python
* Data analysis tools: Excel, Tableau, SQL
* Statistical analysis: Hypothesis testing, regression analysis, confidence intervals
* Data visualization: Tableau, D3.js
* Operating Systems: Windows, macOS

Work Experience:

Data Analyst, ABC Corporation (2020-Present)

* Extracted insights from large datasets using Python, SQL, and Excel, driving business decisions with data-driven recommendations
* Developed and maintained complex data visualizations using Tableau, resulting in a 25% increase in sales
* Collaborated with cross-functional teams to design and implement data-driven solutions, resulting in a 30% reduction in costs
* Conducted statistical analysis and modeling to identify trends and correlations, providing actionable insights to stakeholders

Data Analyst, DEF Startups (2018-2020)

* Analyzed customer data to identify trends and patterns, providing insights to inform marketing strategies
* Developed and maintained data dashboards using Excel and Tableau, resulting in a 20% increase in customer engagement
* Conducted A/B testing and experimentation to optimize marketing campaigns, resulting in a 15% increase in conversions
* Collaborated with the product team to design and implement data-driven product features, resulting in a 25% increase in customer satisfaction

Education:

* Bachelor's Degree in Mathematics, XYZ University (2018)
* Certified Data Analyst, Data Science Council of America (2020)

Achievements:

* Winner, ABC Corporation's Data Analytics Competition (2020)
* Recipient, DEF Startups' Innovation Award (2019)
* Published, ""Applying Machine Learning to Predict Customer Churn"" in the Journal of Data Science (2020)

Certifications:

* Certified Data Analyst, Data Science Council of America (2020)
* Certified Tableau Developer, Tableau Software (2019)

References:
Available upon request.",Christine,West,Christine West,Stacy,Nguyen,Stacy Nguyen,female,"GreaterEuropean,British",female,"GreaterEuropean,British"
130,We're hiring a Data Architect to develop and deliver high-quality solutions to transform our finance.,"Lisa Torres
Data Architect Candidate

Contact Information:

* Email: [lisa.torres@email.com](mailto:lisa.torres@email.com)
* Phone: 555-555-5555
* LinkedIn: linkedin.com/in/lisatorresdata

Professional Summary:
Highly skilled Data Architect with 8+ years of experience in designing and implementing data models, cloud data solutions, and database designs. Proven track record of improving data quality, reducing data latency, and enhancing business insights. Proficient in leading cross-functional teams and collaborating with stakeholders to achieve business objectives.

Technical Skills:

* Data Modeling: ERwin, PowerDesigner, SQL Server Data Tools
* Cloud Data Solutions: Amazon Web Services (AWS), Microsoft Azure, Google Cloud Platform (GCP)
* Database Design: Relational databases (SQL Server, Oracle), NoSQL databases (MongoDB, Cassandra)
* Data Integration: ETL tools (Informatica, Talend), APIs (REST, GraphQL)
* Data Governance: Data catalogs (Alation, Collibra), metadata management (Stibo, Metadata Manager)

Professional Experience:

Senior Data Architect
ABC Corporation (2018-Present)

* Designed and implemented a cloud-based data warehouse on AWS, reducing data latency by 80% and improving data quality by 95%
* Led a team of 3 data engineers to develop a data governance framework, resulting in a 30% reduction in data-related errors
* Collaborated with business stakeholders to design and implement a data analytics platform, driving a 25% increase in business insights and decision-making

Data Architect
DEF Startups (2015-2018)

* Designed and implemented a microservices-based data architecture on Azure, improving data scalability by 500% and reducing costs by 40%
* Developed and maintained a data catalog, resulting in a 90% reduction in data-related errors and a 20% increase in data reuse
* Worked closely with product teams to design and implement data-driven features, resulting in a 15% increase in product adoption

Education:

* Bachelor's Degree in Computer Science, XYZ University (2010-2014)

Certifications:

* Certified Data Architect, Data Architecture Association
* Certified Solution Architect, AWS

Achievements:

* Winner of the 2019 Data Architecture Association Innovation Award for ""Best Data Warehouse Design""
* Speaker at the 2018 Data Architecture Conference on ""Cloud Data Solutions for Enterprise""
* Published articles in Data Architecture Magazine on ""Data Governance for Cloud Data Solutions"" and ""Designing Data Models for Big Data""

References:
Available upon request.","Matthew O'Connor
Contact Information:

* Address: 123 Main St, Anytown, USA 12345
* Phone: (555) 555-5555
* Email: [matthew.oconnor@email.com](mailto:matthew.oconnor@email.com)
* LinkedIn: linkedin.com/in/matthewoconnor

Professional Summary:
Highly motivated and experienced data professional with 8+ years of expertise in data modeling, data integration, ETL tools, and database design. Proven track record of delivering complex data solutions that drive business growth and improve operational efficiency. Skilled in designing and implementing scalable, secure, and high-performance data architectures that meet the needs of business stakeholders.

Technical Skills:

* Data Modeling: ERwin, PowerDesigner, IBM Rational Method Composer
* Data Integration: Informatica PowerCenter, Talend, Microsoft SSIS
* ETL Tools: Informatica PowerCenter, Oracle Data Integrator, Microsoft SSIS
* Database Design: Oracle, Microsoft SQL Server, IBM DB2
* Data Warehousing: Kimball, Inmon, Data Virtualization
* Business Intelligence: Tableau, Power BI, QlikView
* Operating Systems: Windows, Linux, Unix

Professional Experience:

* Senior Data Architect, ABC Corporation (2018-Present)
	+ Designed and implemented a data warehousing solution for a large retail client, resulting in a 30% reduction in reporting time and a 25% increase in data quality.
	+ Led a team of data engineers to develop a data integration framework using Informatica PowerCenter, which reduced data integration time by 50% and improved data accuracy by 20%.
	+ Collaborated with business stakeholders to develop a data governance framework, resulting in a 25% reduction in data-related errors and a 20% increase in data quality.
* Data Architect, DEF Company (2015-2018)
	+ Designed and implemented a data integration solution using Talend, which resulted in a 40% reduction in data integration time and a 30% increase in data accuracy.
	+ Developed a data modeling framework using ERwin, which improved data quality by 25% and reduced data inconsistencies by 20%.
	+ Collaborated with business stakeholders to develop a data warehousing strategy, resulting in a 20% increase in business intelligence and a 15% reduction in reporting time.
* Data Engineer, GHI Company (2012-2015)
	+ Developed and implemented ETL processes using Microsoft SSIS, which resulted in a 25% reduction in data integration time and a 20% increase in data accuracy.
	+ Collaborated with data architects to design and implement a data warehousing solution, resulting in a 15% increase in business intelligence and a 10% reduction in reporting time.

Education:

* Master of Science in Computer Science, XYZ University (2012)
* Bachelor of Science in Computer Science, ABC University (2010)

Certifications:

* Oracle Certified Professional, Oracle Corporation (2015)
* Microsoft Certified Professional, Microsoft Corporation (2012)

Achievements:

* Winner of the 2018 ABC Corporation Data Innovation Award for delivering a data warehousing solution that exceeded business expectations.
* Recipient of the 2015 DEF Company Data Excellence Award for developing a data governance framework that improved data quality by 25%.
* Published articles in Data Management Magazine and Information Management Magazine on data warehousing and data governance best practices.

References:
Available upon request.",Lisa,Torres,Lisa Torres,Contact,Information,Contact Information,female,"GreaterEuropean,WestEuropean,Hispanic",unknown,"GreaterEuropean,British"
131,We're hiring a Data Architect to develop and deliver high-quality solutions to transform our healthcare.,"Christopher Singh
Contact Information:

* Address: 123 Main St, Anytown, USA 12345
* Phone: (555) 555-5555
* Email: [christophersingh@email.com](mailto:christophersingh@email.com)
* LinkedIn: linkedin.com/in/christophersingh

Professional Summary:

Results-driven Data Architect with 8+ years of experience in designing, implementing, and optimizing large-scale data solutions using Big Data and Cloud technologies. Proven track record of delivering high-quality solutions that drive business growth and improve operational efficiency. Skilled in Database Design, Data Modeling, and Cloud Data Solutions, with expertise in AWS, Azure, and Google Cloud platforms.

Technical Skills:

* Big Data Technologies: Hadoop, Spark, NoSQL databases (Cassandra, MongoDB), data processing frameworks (MapReduce, Flume, Kafka)
* Cloud Data Solutions: AWS (S3, Redshift, EMR), Azure (Data Lake, Cosmos DB), Google Cloud (BigQuery, Cloud Storage)
* Database Design: relational databases (MySQL, PostgreSQL), data modeling, database performance optimization
* Programming Languages: Java, Python, Scala, SQL
* Operating Systems: Windows, Linux, Unix

Professional Experience:

Senior Data Architect, ABC Corporation (2018-Present)

* Designed and implemented a scalable data architecture for a large e-commerce platform using AWS and Hadoop
* Led a team of data engineers to develop a real-time data processing pipeline using Apache Kafka and Spark
* Collaborated with cross-functional teams to integrate data into business applications and analytics platforms
* Developed and maintained data models, data dictionaries, and data quality standards for the organization

Data Architect, DEF Company (2015-2018)

* Designed and implemented a cloud-based data warehouse using Azure and SQL Server
* Developed and maintained data pipelines using Azure Data Factory and Azure Functions
* Collaborated with data scientists to develop predictive models using machine learning algorithms
* Provided technical guidance and support to data analysts and business stakeholders

Education:

* Bachelor's Degree in Computer Science, XYZ University (2010-2014)

Certifications:

* Certified Data Architect, Data Science Council of America (DASCA)
* Certified Cloud Architect, AWS (CA)
* Certified Data Engineer, Google Cloud (CDE)

Achievements:

* Successfully designed and implemented a data architecture that reduced data processing time by 50% and improved data quality by 30%
* Led a team to develop a real-time analytics platform that improved business decision-making by 25%
* Developed and maintained a data governance framework that improved data security and compliance by 20%

References:

Available upon request.","Isabella Shaw
Contact Information:

* Email: [isabella.shaw@email.com](mailto:isabella.shaw@email.com)
* Phone: (123) 456-7890
* LinkedIn: linkedin.com/in/isabellashaw
* Address: 123 Main St, Anytown, USA 12345

Summary:
Highly skilled Data Architect with 8+ years of experience in designing, implementing, and managing large-scale data integration solutions. Proficient in Big Data technologies, Cloud Data Solutions, and data warehousing. Proven track record of delivering high-impact projects that drive business growth and improve decision-making. Seeking a challenging role as a Data Architect where I can leverage my expertise to drive innovation and excellence.

Professional Experience:

Senior Data Architect, ABC Corporation (2018-Present)

* Designed and implemented a cloud-based data warehouse solution for a large retail client, resulting in a 30% reduction in data processing times and a 25% increase in sales forecasting accuracy
* Led a team of 3 data engineers to develop a big data processing pipeline using Apache Spark and Hadoop, processing 10TB of data per day
* Collaborated with business stakeholders to design and implement a data governance framework, ensuring data quality and compliance with regulatory requirements
* Developed and maintained a data architecture roadmap, ensuring alignment with business objectives and industry trends

Data Architect, DEF Startups (2015-2018)

* Designed and implemented a real-time data integration solution using Apache Kafka and AWS Lambda, enabling real-time analytics and decision-making
* Developed a data warehousing solution using Amazon Redshift, providing business users with self-service analytics and insights
* Worked with cross-functional teams to develop a data-driven culture, including data storytelling and visualization best practices
* Collaborated with data scientists to develop predictive models using machine learning algorithms

Education:

* Master of Science in Data Science, XYZ University (2015)
* Bachelor of Science in Computer Science, ABC University (2010)

Skills:

* Data Integration: ETL, data warehousing, data governance
* Big Data: Hadoop, Spark, NoSQL databases
* Cloud Data Solutions: AWS, Azure, Google Cloud
* Data Warehousing: Amazon Redshift, Snowflake
* Data Governance: data quality, data security, compliance
* Programming languages: Java, Python, SQL, Scala

Achievements:

* Received the ""Data Architect of the Year"" award at the 2020 Data Architecture Conference
* Published a paper on ""Designing Cloud-Based Data Warehouses for Real-Time Analytics"" in the Journal of Data Science
* Certified in Cloud Data Solutions (AWS, Azure, Google Cloud) and Data Governance (GDPR, HIPAA)

Certifications:

* Certified Data Architect (CDA), Data Architecture Association
* Certified Cloud Data Solutions (CCDS), Cloud Data Solutions Association
* Certified Data Governance (CDG), Data Governance Association

References:
Available upon request.",Christopher,Singh,Christopher Singh,Isabella,Shaw,Isabella Shaw,male,"Asian,IndianSubContinent",female,"GreaterEuropean,British"
132,We're hiring a Digital Marketing Specialist to develop and deliver high-quality solutions to transform our healthcare.,"Chelsea Shannon
Digital Marketing Specialist

Contact Information:

* Phone: (555) 123-4567
* Email: [chelseashannon@email.com](mailto:chelseashannon@email.com)
* LinkedIn: linkedin.com/in/chelseashannon

Professional Summary:
Results-driven Digital Marketing Specialist with 5+ years of experience in driving online engagement, conversion, and revenue growth through Google Ads, Social Media Marketing, and Email Marketing. Proven expertise in analytics tools, including Google Analytics and tracking software. Skilled in creating and executing multi-channel digital marketing strategies that deliver measurable results.

Experience:

Digital Marketing Specialist
ABC Marketing Agency (2018-Present)

* Developed and executed comprehensive digital marketing strategies for clients across various industries, resulting in 25% increase in website traffic and 50% increase in conversions
* Managed campaigns across Google Ads, Social Media (Facebook, Instagram, Twitter), and Email Marketing platforms, achieving an average CTR of 3.5% and conversion rate of 2.5%
* Implemented and tracked key performance indicators (KPIs) using Google Analytics, A/B testing, and data analysis to optimize campaigns for improved ROI
* Collaborated with cross-functional teams to develop and launch new marketing campaigns, resulting in a 30% increase in brand awareness and 20% increase in sales

Marketing Coordinator
DEF Company (2015-2018)

* Created and implemented social media marketing campaigns across multiple platforms, resulting in a 500% increase in followers and 200% increase in engagement
* Managed and maintained company website, including content creation, updates, and analytics tracking
* Coordinated and executed email marketing campaigns, resulting in a 25% increase in open rates and 15% increase in click-through rates
* Assisted in the development and implementation of Google Ads campaigns, resulting in a 20% increase in website traffic and 15% increase in conversions

Education:

* Bachelor's Degree in Marketing, XYZ University (2015)

Skills:

* Google Ads (Search, Display, Video)
* Social Media Marketing (Facebook, Instagram, Twitter, LinkedIn)
* Email Marketing (Mailchimp, Constant Contact)
* Analytics Tools (Google Analytics, Google Tag Manager, A/B testing software)
* Data Analysis and Reporting
* Content Creation (blog posts, social media content, email newsletters)
* Cross-Functional Team Collaboration

Certifications:

* Google Analytics Certification
* HubSpot Inbound Marketing Certification
* Hootsuite Social Media Marketing Certification

Achievements:

* Winner of the 2019 ABC Marketing Agency's ""Marketing Team of the Year"" award
* Featured speaker at the 2018 DEF Company's ""Marketing Summit"" event
* Published articles in industry publications, including ""The Digital Marketing Times"" and ""Marketing Magazine""

References:
Available upon request.","James Mcdowell
Contact Information:

* Address: 123 Main St, Anytown, USA 12345
* Phone: 555-555-5555
* Email: [james.mcdowell@email.com](mailto:james.mcdowell@email.com)
* LinkedIn: linkedin.com/in/jamesmcdowell

Professional Summary:
Results-driven digital marketing professional with 5+ years of experience in driving online growth through SEO, Content Marketing, and Email Marketing. Proven track record of increasing website traffic, improving conversion rates, and boosting brand awareness. Skilled in analyzing data, creating and implementing effective marketing strategies, and collaborating with cross-functional teams to achieve business objectives.

Digital Marketing Experience:

* Senior Digital Marketing Specialist, XYZ Corporation (2018-Present)
	+ Developed and executed comprehensive digital marketing strategies to drive online growth, resulting in a 30% increase in website traffic and a 25% boost in conversion rates.
	+ Conducted SEO audits and implemented on-page optimization techniques, improving search engine rankings by 50% within 6 months.
	+ Created and published high-quality, engaging content that generated 500+ social media shares and 200+ leads per month.
	+ Collaborated with the sales team to develop targeted email campaigns, resulting in a 40% open rate and a 20% conversion rate.
* Digital Marketing Consultant, ABC Agency (2015-2018)
	+ Provided digital marketing services to small businesses, including SEO, content creation, and email marketing strategy development.
	+ Conducted market research and analyzed data to identify areas of improvement and develop targeted marketing campaigns.
	+ Created and implemented social media marketing campaigns, resulting in a 100% increase in followers and a 50% increase in engagement.

Skills:

* SEO (Keyword research, On-page optimization, Technical SEO)
* Content Marketing (Content creation, Content strategy, Blogging)
* Email Marketing (Email campaign creation, Email list building, Email automation)
* Social Media Marketing (Social media strategy, Social media content creation, Social media advertising)
* Analytics and Reporting (Google Analytics, Google Tag Manager, Data analysis and interpretation)
* Project Management (Asana, Trello, Project planning and execution)

Education:

* Bachelor's Degree in Marketing, University of Anytown (2015)

Certifications:

* Google Analytics Certification, Google (2016)
* HubSpot Inbound Marketing Certification, HubSpot (2017)

Achievements:

* Winner of the 2019 Digital Marketing Award for Best SEO Campaign
* Featured speaker at the 2018 Digital Marketing Conference
* Published articles on digital marketing best practices in industry-leading publications

References:
Available upon request.",Chelsea,Shannon,Chelsea Shannon,James,Mcdowell,James Mcdowell,female,"GreaterEuropean,British",male,"GreaterEuropean,British"
133,We're hiring a E-commerce Specialist to develop and deliver high-quality solutions to transform our healthcare.,"Shelley Brown
E-commerce Specialist

Contact Information:

* Email: [shelley.brown@email.com](mailto:shelley.brown@email.com)
* Phone: 555-555-5555
* LinkedIn: linkedin.com/in/shelleybrown

Summary:
Results-driven E-commerce Specialist with 5+ years of experience in product listing, SEO optimization, and online advertising. Proven track record of increasing online sales and improving website visibility through data-driven strategies. Skilled in analyzing market trends, optimizing product listings, and implementing effective online marketing campaigns.

Professional Experience:

* E-commerce Specialist, ABC Retail Company (2018-Present)
	+ Created and implemented optimized product listings to improve search engine rankings and drive sales growth
	+ Conducted keyword research and analysis to inform SEO strategies, resulting in a 25% increase in organic traffic
	+ Developed and executed online advertising campaigns across Google Ads, Facebook Ads, and Instagram Ads, resulting in a 30% increase in conversions
	+ Collaborated with cross-functional teams to launch new product lines and promotions, driving a 20% increase in sales
* E-commerce Coordinator, DEF E-commerce Company (2015-2018)
	+ Managed product listings, descriptions, and images to ensure accuracy and consistency across multiple online marketplaces
	+ Conducted A/B testing to optimize product listings and improve conversion rates, resulting in a 15% increase in sales
	+ Provided exceptional customer service to online customers, resolving issues and improving customer satisfaction ratings

Education:

* Bachelor of Science in Marketing, XYZ University (2015)

Skills:

* Product listing and optimization
* SEO for e-commerce
* Online advertising (Google Ads, Facebook Ads, Instagram Ads)
* Analytical tools (Google Analytics, SEMrush)
* Content creation and copywriting
* Customer service and communication

Achievements:

* Certified E-commerce Specialist, E-commerce Certification Institute (2019)
* Google Analytics Certification, Google Analytics Academy (2018)
* SEMrush Certification, SEMrush Academy (2017)

Tools and Software:

* Google Analytics
* SEMrush
* Google Ads
* Facebook Ads
* Instagram Ads
* Adobe Creative Cloud (Photoshop, InDesign)
* Microsoft Office (Word, Excel, PowerPoint)

References:
Available upon request.","Lynn Hughes
E-commerce Specialist

Contact Information:

* Email: [lhughes@email.com](mailto:lhughes@email.com)
* Phone: (123) 456-7890
* LinkedIn: linkedin.com/in/lynnhughes

Professional Summary:

Results-driven E-commerce Specialist with 5+ years of experience in product listing, inventory management, online advertising, customer service, and analytics. Proven track record of increasing sales, improving customer satisfaction, and driving business growth. Skilled in leveraging data-driven insights to inform strategic decisions and optimize e-commerce operations.

Work Experience:

E-commerce Operations Specialist, ABC Company (2018-Present)

* Managed product listings across multiple online marketplaces, resulting in a 25% increase in sales revenue within 6 months
* Coordinated inventory management, ensuring accurate stock levels and minimizing stockouts or overstocking
* Developed and executed online advertising campaigns, achieving a 30% increase in website traffic and a 20% increase in conversion rates
* Provided exceptional customer service, resolving 95% of customer complaints within 24 hours
* Analyzed website analytics to identify areas for improvement, resulting in a 15% increase in average order value

Senior Customer Service Representative, DEF Retail (2015-2018)

* Responded to customer inquiries via phone, email, and chat, resolving 90% of issues within 1 hour
* Collaborated with internal teams to resolve complex customer complaints and provide excellent service
* Assisted with product returns and exchanges, resulting in a 20% reduction in return rates
* Developed and implemented process improvements to increase customer satisfaction ratings by 15%

Education:

* Bachelor's Degree in Business Administration, XYZ University (2015)

Skills:

* Product listing and management
* Inventory management and control
* Online advertising (Google Ads, Facebook Ads)
* Customer service and support
* Analytics and data analysis (Google Analytics, Excel)
* E-commerce platforms (Shopify, Magento)
* Microsoft Office Suite (Excel, Word, PowerPoint)

Achievements:

* Winner of ABC Company's Excellence in E-commerce Award (2020)
* Recipient of DEF Retail's Outstanding Customer Service Award (2017)
* Completed Google Analytics certification program (2019)

Certifications:

* Google Analytics Certification
* Shopify Certified E-commerce Specialist

References:

Available upon request.",Shelley,Brown,Shelley Brown,Lynn,Hughes,Lynn Hughes,female,"GreaterEuropean,British",female,"GreaterEuropean,British"
134,We're hiring a IT Support Specialist to develop and deliver high-quality solutions to transform our e-commerce.,"Ashley Guerrero
Contact Information:

* Phone: (555) 123-4567
* Email: [ashley.guerrero@email.com](mailto:ashley.guerrero@email.com)
* LinkedIn: linkedin.com/in/ashleyguerrero

Professional Summary:
Highly motivated and detail-oriented IT professional with 5+ years of experience in hardware and software knowledge, network administration, and technical support. Proven track record of resolving complex technical issues, improving system efficiency, and providing excellent customer service. Seeking an IT Support Specialist role where I can utilize my expertise to drive innovation and improve organizational performance.

Technical Skills:

* Hardware: PC, laptop, tablet, smartphone, and peripheral devices
* Software: Windows, macOS, Linux, and mobile operating systems
* Networking: TCP/IP, DNS, DHCP, VPN, and network protocols
* IT Help Desk Software: ServiceNow, JIRA, and Zendesk
* Proficient in troubleshooting and problem-solving techniques

Work Experience:

IT Support Specialist
ABC Corporation (2018-Present)

* Provide technical support for desktops, laptops, mobile devices, and printers for a team of 50 employees
* Troubleshoot and resolve hardware and software issues, including network connectivity, virus removal, and software updates
* Configure and maintain network devices, including routers, switches, and firewalls
* Collaborate with IT team to resolve complex technical issues and improve system efficiency
* Develop and maintain IT documentation, including user guides and technical manuals

Senior Technical Support Specialist
XYZ Inc. (2015-2018)

* Provided technical support for a team of 100 employees, including desktops, laptops, and mobile devices
* Troubleshoot and resolve hardware and software issues, including network connectivity, virus removal, and software updates
* Configured and maintained network devices, including routers, switches, and firewalls
* Collaborated with IT team to resolve complex technical issues and improve system efficiency
* Developed and maintained IT documentation, including user guides and technical manuals

Education:

* Bachelor of Science in Computer Science, University of California, Los Angeles (2015)

Certifications:

* CompTIA A+ (2016)
* CompTIA Network+ (2017)
* Cisco CCNA Routing and Switching (2018)

Achievements:

* Improved system efficiency by 25% by implementing a new network configuration
* Reduced mean time to resolve (MTTR) issues by 30% through effective troubleshooting and problem-solving techniques
* Developed and implemented a comprehensive IT documentation system, resulting in a 90% reduction in IT-related errors
* Collaborated with IT team to design and implement a new IT support system, resulting in a 50% increase in customer satisfaction

References:
Available upon request.","Doris Walter
IT Support Specialist

Contact Information:

* Phone: (555) 123-4567
* Email: [doris.walter@email.com](mailto:doris.walter@email.com)
* LinkedIn: linkedin.com/in/doriswalter

Professional Summary:
Highly skilled IT Support Specialist with 8+ years of experience in troubleshooting, hardware/software knowledge, and networking. Proven track record of providing top-notch technical support to end-users, resolving complex issues, and maintaining efficient IT operations. Possess excellent communication and problem-solving skills, with a strong passion for staying up-to-date with the latest technologies.

Technical Skills:

* Operating Systems: Windows, macOS, Linux
* Hardware: Desktops, Laptops, Mobile Devices, Printers, Scanners, and Networking Equipment
* Software: Microsoft Office, Adobe Creative Cloud, Antivirus Software, and Help Desk Ticketing Systems
* Networking: TCP/IP, DNS, DHCP, and Firewalls
* Troubleshooting: Methodical and systematic approach to identifying and resolving issues
* Communication: Excellent written and verbal communication skills

Professional Experience:

IT Support Specialist
XYZ Corporation (2018-Present)

* Provide technical support to employees, resolving hardware, software, and networking issues
* Troubleshoot complex technical problems, using methodical and systematic approaches
* Configure and maintain network equipment, ensuring smooth and efficient IT operations
* Develop and maintain technical documentation, including user guides and troubleshooting procedures
* Collaborate with other IT teams to resolve enterprise-wide IT issues
* Maintain accurate records of technical support interactions, using help desk ticketing systems

Technical Support Specialist
ABC Inc. (2015-2018)

* Responded to technical support requests, resolving hardware, software, and networking issues
* Conducted site visits to provide on-site technical support to employees
* Assisted in the implementation of new technology, including software and hardware upgrades
* Troubleshooted and resolved technical issues related to email, phone, and internet connectivity
* Developed and maintained technical documentation, including user guides and troubleshooting procedures

Education:

* Bachelor's Degree in Computer Science, [University Name] (2015)

Certifications:

* CompTIA A+ Certification (2016)
* Microsoft Certified Professional (MCP) Certification (2018)

Achievements:

* Successfully implemented a new help desk ticketing system, resulting in 25% decrease in average ticket resolution time
* Collaborated with the IT team to develop and implement a comprehensive technical support plan, resulting in 15% increase in employee satisfaction with IT services
* Developed and delivered technical training sessions to employees, resulting in 30% increase in employee proficiency with new software applications

References:
Available upon request.",Ashley,Guerrero,Ashley Guerrero,Doris,Walter,Doris Walter,female,"GreaterEuropean,WestEuropean,Hispanic",female,"GreaterEuropean,British"
135,We're hiring a QA Engineer to develop and deliver high-quality solutions to transform our finance.,"Timothy Smith
Quality Assurance (QA) Engineer

Contact Information:

* Address: 123 Main St, Anytown, USA 12345
* Phone: (555) 555-5555
* Email: [timothy.smith@email.com](mailto:timothy.smith@email.com)
* LinkedIn: linkedin.com/in/timothysmithqa

Professional Summary:
Highly skilled QA Engineer with 5+ years of experience in software testing, specializing in automation testing using Selenium, Bug Tracking, and Performance Testing. Proven track record of delivering high-quality software products on time, with a strong focus on collaboration and innovation. Possess excellent problem-solving skills, with a strong understanding of software development lifecycles and Agile methodologies.

Technical Skills:

* Programming languages: Java, Python
* Automation testing tools: Selenium (Webdriver, Grid, etc.)
* Bug tracking tools: JIRA, TestRail
* Performance testing tools: JMeter, LoadRunner
* Operating Systems: Windows, Linux, macOS
* Agile methodologies: Scrum, Kanban

Professional Experience:

QA Engineer, ABC Corporation (2018-Present)

* Designed and developed automated test scripts using Selenium for web applications, resulting in a 30% reduction in manual testing time
* Collaborated with development team to identify and prioritize defects, ensuring timely resolution and minimizing business impact
* Conducted performance testing using JMeter and LoadRunner to ensure application scalability and responsiveness
* Implemented and maintained comprehensive bug tracking using JIRA, ensuring seamless tracking and reporting of defects
* Worked closely with cross-functional teams to ensure high-quality software delivery, adhering to Agile methodologies and best practices

QA Engineer, DEF Startups (2015-2018)

* Developed and executed manual test plans for web and mobile applications, ensuring thorough testing and defect identification
* Collaborated with development team to identify and prioritize defects, ensuring timely resolution and minimizing business impact
* Conducted exploratory testing to identify defects and provide feedback to development team
* Implemented and maintained test cases using TestRail, ensuring accurate tracking and reporting of defects
* Participated in code reviews to ensure adherence to coding standards and best practices

Education:

* Bachelor of Science in Computer Science, XYZ University (2015)

Certifications:

* Certified Selenium Tester, Selenium Certification Board (2019)
* Certified Agile Practitioner, Agile Certification Institute (2018)

Achievements:

* Best QA Engineer Award, ABC Corporation (2020)
* Team Player Award, DEF Startups (2017)
* Published Article on Automated Testing using Selenium, Software Testing Magazine (2019)

References:
Available upon request.","Holly Burke
Contact Information:

* Email: [holly.burke@email.com](mailto:holly.burke@email.com)
* Phone: 555-555-5555
* LinkedIn: linkedin.com/in/hollyburke
* GitHub: github.com/hollyburke

Professional Summary:
Dedicated and detail-oriented QA Engineer with 5+ years of experience in automated testing, bug tracking, and software development life cycles. Skilled in Selenium, Java, and Agile methodologies. Proven track record of delivering high-quality software products and improving testing processes.

Technical Skills:

* Automated testing tools: Selenium, TestNG, JUnit
* Programming languages: Java, Python
* Bug tracking tools: JIRA, Bugzilla
* Agile methodologies: Scrum, Kanban
* Operating Systems: Windows, Linux
* Version control systems: Git, SVN

Professional Experience:

QA Engineer, ABC Company (2018-Present)

* Designed and implemented automated test suites using Selenium WebDriver for web applications
* Collaborated with cross-functional teams to identify and prioritize testing efforts
* Created and maintained comprehensive bug tracking reports using JIRA
* Conducted regular code reviews to ensure high-quality code and adherence to coding standards
* Participated in Agile development teams, contributing to sprint planning, testing, and deployment

Senior QA Engineer, DEF Company (2015-2018)

* Led the development of automated testing frameworks using Selenium and TestNG
* Trained junior QA engineers on testing methodologies and tools
* Developed and maintained test automation frameworks for multiple web applications
* Collaborated with development teams to identify and resolve defects
* Conducted testing and quality assurance for mobile and web applications

Education:

* Bachelor's Degree in Computer Science, XYZ University (2015)

Achievements:

* Successfully reduced test cycle time by 30% through the implementation of automated testing frameworks
* Improved test coverage by 25% through the creation of comprehensive test suites
* Contributed to the development of a company-wide testing framework, resulting in increased efficiency and reduced costs
* Received the ""QA Engineer of the Year"" award for outstanding contributions to the QA team

Certifications:

* Certified Scrum Master (CSM)
* Certified Selenium Professional (CSP)

References:
Available upon request.",Timothy,Smith,Timothy Smith,Holly,Burke,Holly Burke,male,"GreaterEuropean,British",female,"GreaterEuropean,British"
136,We're hiring a Software Engineer to develop and deliver high-quality solutions to transform our e-commerce.,"Rebecca Wilcox
Software Engineer

Contact Information:

* Email: [rwilcox@email.com](mailto:rwilcox@email.com)
* Phone: 555-555-5555
* LinkedIn: linkedin.com/in/rebeccawilcox
* GitHub: github.com/rwilcox

Professional Summary:
Highly motivated and detail-oriented software engineer with 5+ years of experience in designing, developing, and deploying scalable software systems. Proficient in a range of programming languages, including Java, C++, and Python. Proven track record of delivering high-quality software solutions on time and on budget.

Technical Skills:

* Programming languages: Java, C++, Python
* Data structures: Arrays, Linked lists, Stacks, Queues, Trees, Graphs
* Algorithms: Sorting, Searching, Dynamic programming, Greedy algorithms
* System design: Microservices, RESTful APIs, Distributed systems
* Development frameworks: Spring, Hibernate, Django
* Databases: MySQL, MongoDB, PostgreSQL

Professional Experience:

Software Engineer, ABC Company (2018-Present)

* Designed and developed multiple features for a large-scale e-commerce platform using Java and Spring framework
* Implemented a high-performance search engine using Elasticsearch and Python
* Collaborated with cross-functional teams to deliver a scalable and secure payment gateway using C++ and Microservices architecture
* Mentored junior engineers and provided code reviews to ensure high-quality code
* Achieved a 30% reduction in bug density and a 25% improvement in code readability

Senior Software Engineer, DEF Startups (2015-2018)

* Led a team of 3 engineers to design and develop a cloud-based CRM system using Python and Django framework
* Implemented a machine learning model to predict customer behavior using scikit-learn and TensorFlow
* Collaborated with product managers to define requirements and deliver features on time
* Conducted code reviews and ensured adherence to coding standards
* Achieved a 40% increase in customer satisfaction and a 20% reduction in support requests

Education:

* Bachelor of Science in Computer Science, XYZ University (2015)

Achievements:

* Winner of the 2019 ABC Hackathon for developing a innovative solution using Java and Spring framework
* Featured in the 2018 DEF Startups' annual report for outstanding contributions to the company's growth
* Completed the 2015 Google Summer of Code program and contributed to the open-source project, ""OpenStreetMap""

Certifications:

* Certified Java Developer, Oracle Corporation
* Certified Python Developer, Python Institute

References:
Available upon request.","Michele Floyd
Software Engineer

Contact Information:

* Phone: (123) 456-7890
* Email: [michelefloyd@email.com](mailto:michelefloyd@email.com)
* LinkedIn: linkedin.com/in/michelefloyd
* GitHub: github.com/michelefloyd

Professional Summary:
Highly motivated and detail-oriented software engineer with 5+ years of experience in designing, developing, and deploying scalable and efficient software systems. Skilled in Java, Python, and multiple programming languages with a strong foundation in algorithms, data structures, and system design. Proven track record of delivering high-quality software solutions on time and on budget.

Technical Skills:

* Programming languages: Java, Python, C++, JavaScript
* Development frameworks: Spring Boot, Django, React
* Database management: MySQL, PostgreSQL, MongoDB
* Operating Systems: Windows, Linux, macOS
* DevOps tools: Docker, Kubernetes, Jenkins, Git
* Cloud platforms: Amazon Web Services (AWS), Microsoft Azure

Professional Experience:

Senior Software Engineer, ABC Company (2018-Present)

* Designed, developed, and deployed multiple software systems using Java, Python, and Spring Boot
* Collaborated with cross-functional teams to identify and prioritize project requirements
* Implemented automated testing and continuous integration using Jenkins and Git
* Mentored junior engineers and provided guidance on coding best practices
* Participated in code reviews and ensured adherence to coding standards

Software Engineer, DEF Startups (2015-2018)

* Developed multiple web applications using Python, Django, and React
* Designed and implemented scalable and efficient algorithms and data structures
* Worked with database administrators to optimize database performance
* Collaborated with product managers to identify and prioritize project requirements
* Implemented automated testing and continuous integration using Git and Jenkins

Education:

* Bachelor of Science in Computer Science, XYZ University (2015)
* Master of Science in Computer Science, ABC University (2018)

Achievements:

* Winner, Hackathon 2018, developed a machine learning-based chatbot using Python and TensorFlow
* Recipient, Best Paper Award, 2019 Conference on Computer Science, presented research on efficient algorithm design
* Contributor, Open-source project, GitHub, contributed to multiple open-source projects and received recognition from the community

Certifications:

* Certified Scrum Master, Scrum Alliance (2019)
* Certified Java Developer, Oracle Corporation (2018)

References:
Available upon request.",Rebecca,Wilcox,Rebecca Wilcox,Michele,Floyd,Michele Floyd,female,"GreaterEuropean,British",female,"GreaterEuropean,British"
137,We're hiring a Software Engineer to develop and deliver high-quality solutions to transform our healthcare.,"Michael Lane
Software Engineer

Contact Information:

* Email: [michael.lane@email.com](mailto:michael.lane@email.com)
* Phone: (123) 456-7890
* LinkedIn: linkedin.com/in/michaellane
* GitHub: github.com/michaellane

Summary:

Highly motivated and detail-oriented software engineer with a strong foundation in C++ and Python programming languages. Proven expertise in designing and implementing efficient algorithms and data structures, as well as a solid understanding of DevOps principles. Proficient in collaborating with cross-functional teams to deliver high-quality software products.

Professional Experience:

Software Engineer, ABC Corporation (2018-Present)

* Designed and developed multiple software applications using C++ and Python, resulting in a 30% increase in efficiency and a 25% reduction in development time
* Collaborated with the DevOps team to implement continuous integration and continuous deployment (CI/CD) pipelines, resulting in a 99% uptime rate for the production environment
* Created and maintained high-quality documentation for code, including comments, API documentation, and release notes
* Participated in code reviews, providing constructive feedback to improve code quality and maintainability

Software Engineer, DEF Startups (2015-2018)

* Developed and maintained a scalable web application using Python and Flask, handling over 10,000 concurrent users
* Implemented a caching system using Redis, resulting in a 50% reduction in database queries
* Collaborated with the QA team to identify and resolve issues, resulting in a 90% reduction in bug reports
* Participated in the development of a machine learning model using scikit-learn, resulting in a 20% improvement in accuracy

Education:

* Bachelor of Science in Computer Science, XYZ University (2015)

Skills:

* Programming languages: C++, Python
* Data structures: Arrays, Linked Lists, Stacks, Queues, Trees, Graphs
* Algorithms: Sorting, Searching, Dynamic Programming, Greedy Algorithms
* DevOps: Continuous Integration, Continuous Deployment, Containerization (Docker), Orchestration (Kubernetes)
* Agile methodologies: Scrum, Kanban
* Operating Systems: Windows, Linux, macOS

Achievements:

* Winner of the XYZ University Hackathon (2014) for developing a chatbot using C++ and natural language processing
* Published a research paper on ""Efficient Algorithms for String Matching"" in the Journal of Algorithms and Data Structures (2016)
* Participated in the Google Code-in contest, completing multiple challenges and earning a certificate of participation (2017)

Certifications:

* Certified Scrum Master (CSM), Scrum Alliance (2019)
* Certified DevOps Engineer, DevOps Institute (2020)

References:

Available upon request.","Brandi Morrison

Contact Information:

* Phone: (555) 123-4567
* Email: [brandi.morrison@email.com](mailto:brandi.morrison@email.com)
* LinkedIn: linkedin.com/in/brandimorrison
* GitHub: github.com/brandimorrison

Professional Summary:

Highly motivated and detail-oriented software engineer with 5+ years of experience in designing and developing scalable software systems using C++, Python, and other programming languages. Skilled in algorithms, data structures, system design, and software development best practices. Proven track record of delivering high-quality software solutions that meet customer requirements. Passionate about staying up-to-date with industry trends and technologies.

Technical Skills:

* Programming languages: C++, Python, Java, JavaScript
* Algorithms and data structures: sorting, searching, graph theory, dynamic programming, etc.
* System design: cloud computing, microservices, containerization, etc.
* Development frameworks: Flask, Django, Spring Boot, etc.
* Agile development methodologies: Scrum, Kanban, etc.
* Version control systems: Git, SVN, etc.
* Operating systems: Windows, Linux, macOS

Professional Experience:

Software Engineer, ABC Corporation (2018-Present)

* Designed and developed multiple software systems using C++, Python, and other programming languages
* Collaborated with cross-functional teams to deliver high-quality software solutions that meet customer requirements
* Implemented algorithms and data structures to optimize system performance and scalability
* Conducted code reviews and provided feedback to improve code quality and maintainability
* Participated in agile development methodologies to ensure timely delivery of software releases

Software Development Intern, DEF Startups (Summer 2017)

* Assisted in the development of a web application using Python and Flask
* Contributed to the design and implementation of algorithms and data structures to improve system performance
* Collaborated with the development team to resolve technical issues and improve code quality

Education:

* Bachelor of Science in Computer Science, XYZ University (2015-2019)
* Coursework: Data Structures, Algorithms, Computer Systems, Computer Networks, etc.

Certifications:

* Certified Scrum Master (CSM), Scrum Alliance (2019)
* Certified Python Developer, Python Institute (2018)

Achievements:

* Developed and deployed a scalable software system using C++ and Python, resulting in a 30% increase in system performance
* Collaborated with a team to design and implement a cloud-based system using microservices and containerization, achieving a 25% reduction in development time
* Created and maintained a personal project using Python and Flask, which has been open-sourced and has received over 1,000 stars on GitHub

References:

Available upon request.",Michael,Lane,Michael Lane,Brandi,Morrison,Brandi Morrison,male,"GreaterEuropean,British",female,"GreaterEuropean,British"
138,We're hiring a UI Engineer to develop and deliver high-quality solutions to transform our e-commerce.,"Haley Blankenship
UI Engineer

Contact Information:

* Email: [hblankenship@email.com](mailto:hblankenship@email.com)
* Phone: 555-555-5555
* LinkedIn: linkedin.com/in/haleyblankenship
* GitHub: github.com/hblankenship

Professional Summary:
Highly motivated and detail-oriented UI Engineer with 3+ years of experience in designing and developing user interfaces for web applications. Skilled in HTML, CSS, React, and UI/UX Design principles. Proven track record of creating visually appealing and user-friendly interfaces that drive business results. Proficient in wireframing and prototyping tools, with a passion for staying up-to-date with the latest design trends and technologies.

Technical Skills:

* Programming languages: HTML, CSS, JavaScript
* Frameworks: React, Redux
* Design tools: Sketch, Figma, Adobe XD
* Wireframing and prototyping tools: Adobe XD, InVision
* Version control: Git, GitHub
* Operating Systems: Windows, macOS

Experience:

UI Engineer, XYZ Corporation (2019-Present)

* Designed and developed user interfaces for multiple web applications, resulting in a 25% increase in user engagement
* Collaborated with cross-functional teams to create wireframes and prototypes for new features and products
* Implemented responsive design principles to ensure seamless user experiences across devices
* Utilized React and Redux to build reusable and maintainable components
* Conducted A/B testing and usability studies to inform design decisions

Senior UI Design Specialist, ABC Agency (2017-2019)

* Created high-fidelity wireframes and prototypes for clients, resulting in a 90% client satisfaction rate
* Conducted user research and analysis to inform design decisions
* Developed and implemented UI design systems for multiple clients
* Collaborated with developers to ensure seamless integration of designs
* Presented design concepts and prototypes to clients and stakeholders

Education:

* Bachelor of Science in Computer Science, [University Name] (2017)

Achievements:

* Winner of the XYZ Corporation's annual hackathon, creating a prototype for a new mobile app
* Featured speaker at the [Conference Name] 2019, presenting on ""Designing for Accessibility in Web Applications""
* Published articles on UI/UX design and front-end development on [Publication Name]

Certifications:

* Certified UI Designer, [Certification Name] (2018)
* Certified Front-end Developer, [Certification Name] (2019)

References:
Available upon request.","Sarah Rocha
Contact Information:

* Email: [sarah.rocha@email.com](mailto:sarah.rocha@email.com)
* Phone: (123) 456-7890
* LinkedIn: linkedin.com/in/sarahrocha
* GitHub: github.com/sarahrocha

Professional Summary:
Highly skilled UI Engineer with 5+ years of experience in designing and developing user-centered, visually stunning web applications using HTML, JavaScript, React, and other modern web technologies. Proven track record of delivering high-quality, scalable, and maintainable user interfaces that meet business requirements and exceed user expectations.

Technical Skills:

* Programming languages: HTML, JavaScript, TypeScript
* Frameworks: React (including React Hooks, Context API), Angular
* UI/UX Design: Figma, Sketch, Adobe XD, InVision
* Front-end build tools: Webpack, Babel, Gulp
* Version control: Git, GitHub
* Agile methodologies: Scrum, Kanban

Professional Experience:

Senior UI Engineer, ABC Company (2018-Present)

* Designed and developed high-performance, responsive user interfaces for multiple web applications using React, HTML, and CSS
* Collaborated with cross-functional teams to gather requirements, create design specifications, and implement UI components
* Developed and maintained reusable UI components using React Hooks and Context API
* Worked with front-end build tools such as Webpack and Babel to optimize application performance
* Participated in code reviews and ensured adherence to coding standards and best practices

UI/UX Design Intern, DEF Startups (Summer 2015)

* Designed and prototyped user interfaces for multiple web and mobile applications using Figma, Sketch, and Adobe XD
* Conducted user research and usability testing to inform design decisions
* Collaborated with developers to implement design specifications and provide feedback on UI components
* Developed and maintained design systems and style guides for consistency across applications

Achievements:

* Improved application performance by 30% through optimization of React components and front-end build tools
* Reduced maintenance costs by 25% through development of reusable UI components and automated testing
* Increased user engagement by 15% through design improvements and A/B testing
* Received the ""UI Engineer of the Year"" award at ABC Company in 2020

Education:

* Bachelor's Degree in Computer Science, XYZ University (2015-2019)

Certifications:

* Certified Scrum Master (CSM), Scrum Alliance (2019)
* Certified UI Designer, Nielsen Norman Group (2017)

References:
Available upon request.",Haley,Blankenship,Haley Blankenship,Sarah,Rocha,Sarah Rocha,female,"GreaterEuropean,British",female,"GreaterAfrican,Africans"
139,We're hiring a UI Engineer to develop and deliver high-quality solutions to transform our finance.,"Sherri Harrison
UI Engineer

Contact Information:

* Email: [sherri.harrison@email.com](mailto:sherri.harrison@email.com)
* Phone: 555-555-5555
* LinkedIn: linkedin.com/in/sherriharrison
* GitHub: github.com/sherriharrison

Professional Summary:
Highly motivated and experienced UI Engineer with a strong background in front-end development, UI/UX design, and wireframing. Skilled in CSS, JavaScript, and React, with a passion for creating visually appealing and user-friendly interfaces. Proven track record of delivering high-quality solutions that meet business requirements and exceed user expectations.

Technical Skills:

* Front-end development: CSS, JavaScript, HTML5
* UI frameworks: React, React Native
* Design tools: Sketch, Figma, Adobe XD
* Wireframing: Axure, InVision
* Version control: Git, SVN
* Operating Systems: Windows, macOS
* Languages: English (native), Spanish (fluent)

Professional Experience:

UI Engineer, ABC Corporation (2018-Present)

* Designed and developed multiple high-profile web applications using React, CSS, and JavaScript
* Collaborated with cross-functional teams to create innovative and user-centered solutions
* Utilized Sketch and Figma to create detailed wireframes and prototypes, ensuring seamless handoffs to development teams
* Implemented responsive design principles to ensure optimal user experience across various devices
* Participated in code reviews, providing feedback and suggestions for improvement
* Mentored junior developers in best practices and coding standards

Senior UI Designer, DEF Agency (2015-2018)

* Led the design and development of multiple web and mobile applications, resulting in a 25% increase in user engagement
* Created and maintained design systems, ensuring consistency across multiple products
* Conducted user research and usability testing to inform design decisions
* Collaborated with development teams to ensure seamless implementation of designs
* Developed and taught design workshops for junior designers and developers

Education:

* Bachelor of Science in Computer Science, XYZ University (2010-2014)

Achievements:

* Winner of the 2019 React.js Hackathon, creating a real-time chat application using React and Node.js
* Published multiple articles on front-end development and UI/UX design on popular blogs and websites
* Spoke at industry conferences, sharing knowledge and expertise on UI/UX design and front-end development
* Created and maintained open-source projects on GitHub, contributing to the front-end development community

Certifications:

* Certified UI/UX Designer, UX Design Institute (2017)
* Certified Front-end Developer, Front-end Masters (2016)

References:
Available upon request.","Cynthia Davis
UI Engineer

Contact Information:

* Email: [cynthia.davis@email.com](mailto:cynthia.davis@email.com)
* Phone: 555-123-4567
* LinkedIn: linkedin.com/in/cynthiadavis
* GitHub: github.com/cynthiadavis

Professional Summary:

Highly motivated and detail-oriented UI Engineer with 5+ years of experience in designing and developing visually appealing and user-friendly interfaces using HTML, CSS, and React. Proven track record of delivering high-quality solutions that meet and exceed customer expectations. Skilled in agile development methodologies and passionate about staying up-to-date with the latest front-end technologies.

Technical Skills:

* Programming languages: HTML, CSS, JavaScript
* Frameworks: React, React Native
* Libraries: Redux, React Query
* Tools: Webpack, Babel, ESLint
* Operating Systems: Windows, macOS
* Agile development methodologies: Scrum, Kanban

Professional Experience:

Senior UI Engineer, ABC Company (2018-Present)

* Designed and developed multiple UI components using React, HTML, and CSS for a large e-commerce platform, resulting in a 30% increase in user engagement.
* Collaborated with cross-functional teams to implement a new UI framework, reducing development time by 25%.
* Mentored junior engineers on best practices for UI development, improving code quality and reducing bugs by 15%.

UI Engineer, DEF Startups (2015-2018)

* Developed UI components for a mobile app, resulting in a 40% increase in app downloads.
* Worked with designers to implement responsive design patterns, improving user experience by 20%.
* Participated in code reviews, ensuring high-quality code and reducing bugs by 10%.

Education:

* Bachelor of Science in Computer Science, XYZ University (2010-2014)

Achievements:

* Created an open-source React library, which received over 1,000 stars on GitHub.
* Presented at a conference on ""Best Practices for UI Development with React"".
* Awarded ""Engineer of the Quarter"" at ABC Company for outstanding contributions to UI development.

Certifications:

* Certified Scrum Master (CSM)
* Certified React Developer (CRD)

References:

Available upon request.",Sherri,Harrison,Sherri Harrison,Cynthia,Davis,Cynthia Davis,female,"GreaterEuropean,British",female,"GreaterEuropean,British"
140,We're hiring a UX Designer to develop and deliver high-quality solutions to transform our education.,"Juan Jordan
Contact Information:

* Email: [juan.jordan@email.com](mailto:juan.jordan@email.com)
* Phone: 555-555-5555
* LinkedIn: linkedin.com/in/juanjordanux
* Portfolio: juanjordan.design

Professional Summary:
Highly motivated and detail-oriented UX Designer with 5+ years of experience in creating user-centered design solutions. Proven track record of delivering successful projects that meet business goals and exceed user expectations. Skilled in user research, wireframing, interaction design, and usability testing.

Summary of Experience:

* Senior UX Designer, ABC Company (2018-Present)
	+ Conducted user research to inform design decisions and improve user experience
	+ Created wireframes, prototypes, and high-fidelity designs for web and mobile applications
	+ Collaborated with cross-functional teams to develop and launch successful products
	+ Conducted usability testing and gathered feedback to iterate and improve designs
* UX Designer, DEF Agency (2015-2018)
	+ Conducted user interviews and surveys to gather data for design projects
	+ Created user personas, user journeys, and wireframes to inform design decisions
	+ Designed and developed interactive prototypes to test and refine designs
	+ Conducted usability testing and gathered feedback to iterate and improve designs

Achievements:

* Improved Conversion Rates by 25%: Designed and developed a new e-commerce platform that increased conversion rates by 25% through user-centered design solutions
* Reduced Bounce Rates by 30%: Conducted user research and designed a new website layout that reduced bounce rates by 30% and improved user engagement
* Increased User Engagement by 50%: Designed and developed a mobile app that increased user engagement by 50% through gamification and personalized experiences

Education:

* Bachelor's Degree in Design, XYZ University (2010-2014)

Skills:

* User research and analysis
* Wireframing and prototyping
* Interaction design and usability testing
* Design systems and consistency
* Front-end development (HTML, CSS, JavaScript)
* Collaboration and communication

Tools:

* Sketch, Figma, Adobe XD
* InVision, Axure
* Jira, Asana
* Google Analytics, Hotjar

Certifications:

* Certified UX Designer, UX Design Institute (2016)
* Certified Wireframing Specialist, Wireframing Institute (2017)

References:
Available upon request.","Carmen Miller
UX Designer

Contact Information:

* Email: [carmen.miller@email.com](mailto:carmen.miller@email.com)
* Phone: 555-555-5555
* LinkedIn: linkedin.com/in/carmenmillerux
* Portfolio: carmendesigner.com

Professional Summary:

Highly motivated and detail-oriented UX Designer with 5+ years of experience in user research, usability testing, and interaction design. Proven track record of delivering user-centered design solutions that drive business results. Skilled in creating intuitive and engaging digital products that meet user needs and exceed business objectives.

Experience:

UX Designer, ABC Company (2018-Present)

* Led user research and usability testing efforts to inform design decisions and improve product usability
* Designed and implemented interactive prototypes to test hypotheses and gather user feedback
* Collaborated with cross-functional teams to develop and launch successful product launches
* Conducted A/B testing and analytics analysis to inform design decisions and optimize product performance
* Mentored junior designers and contributed to the development of design systems and guidelines

Senior UX Researcher, DEF Agency (2015-2018)

* Conducted in-depth user research and interviews to inform design strategies and identify business opportunities
* Developed and implemented usability testing protocols to evaluate product usability and identify areas for improvement
* Analyzed and presented research findings to stakeholders and design teams
* Collaborated with designers to develop and refine design concepts based on research insights
* Wrote and edited user experience (UX) documentation and design briefs

Education:

* Master of Science in Human-Computer Interaction, XYZ University (2015)
* Bachelor of Arts in Design, ABC University (2013)

Skills:

* User research and usability testing
* Interaction design and prototyping
* Usability analysis and A/B testing
* Design systems and guidelines
* Agile project management
* Collaboration and communication with cross-functional teams
* Proficient in Sketch, Figma, Adobe Creative Suite, and InVision

Achievements:

* Successfully launched a new product feature that resulted in a 25% increase in user engagement and a 15% increase in revenue
* Conducted user research and usability testing that informed the redesign of a complex software application, resulting in a 30% reduction in user errors and a 20% increase in user satisfaction
* Developed and implemented a design system that improved design consistency and reduced design review time by 50%

Certifications:

* Certified UX Designer, Human-Centered Design Institute (2016)
* Certified in InVision, InVision (2018)

References:

Available upon request.",Juan,Jordan,Juan Jordan,Carmen,Miller,Carmen Miller,male,"GreaterEuropean,WestEuropean,Hispanic",female,"GreaterEuropean,British"
141,We're seeking a talented AI Researcher to work on cloud migration and bring new ideas to life.,"Shawn Gentry
Contact Information:

* Email: [shawn.gentry@email.com](mailto:shawn.gentry@email.com)
* Phone: (123) 456-7890
* LinkedIn: linkedin.com/in/shawngentry

Summary:
Highly motivated and detail-oriented AI researcher with expertise in Natural Language Processing, Generative Adversarial Networks, Transformers, and Computer Vision. Proficient in PyTorch and experienced in designing and implementing various AI models for real-world applications. Skilled in data analysis, algorithm development, and model deployment.

Professional Experience:

* AI Researcher, ABC Research Institute (2020-Present)
	+ Designed and implemented multiple AI models using NLP and Computer Vision techniques for image and text classification tasks
	+ Developed and trained deep learning models using PyTorch, achieving state-of-the-art performance on multiple benchmark datasets
	+ Collaborated with cross-functional teams to integrate AI models into real-world applications, including object detection and sentiment analysis
	+ Published research papers on NLP and Computer Vision in top-tier conferences, including ICML and CVPR
* Research Assistant, DEF University (2018-2020)
	+ Assisted in designing and implementing various AI models, including GANs and Transformers, for image and text generation tasks
	+ Conducted experiments and analyzed results to improve model performance and identify areas for improvement
	+ Co-authored research papers on NLP and Computer Vision, published in top-tier conferences, including ACL and ICCV

Education:

* Ph.D. in Computer Science, DEF University (2018)
	+ Coursework: Machine Learning, NLP, Computer Vision, and Deep Learning
	+ Research focus: Natural Language Processing and Computer Vision
* M.S. in Computer Science, DEF University (2016)
	+ Coursework: Machine Learning, NLP, and Computer Vision

Skills:

* Programming languages: Python, PyTorch, TensorFlow
* AI frameworks: PyTorch, TensorFlow
* Computer Vision: Image classification, object detection, segmentation
* NLP: Text classification, sentiment analysis, language modeling
* Generative Models: GANs, VAEs, Transformers
* Data analysis and visualization tools: NumPy, Pandas, Matplotlib, Seaborn

Achievements:

* Best Paper Award, ICML 2020, for research on ""Improving Image Classification using Generative Adversarial Networks""
* Top 10% in CVPR 2020, for research on ""Image-to-Image Translation using Transformers""
* Published 10+ research papers in top-tier conferences, including ICML, CVPR, ACL, and ICCV

Certifications:

* Certified AI Researcher, AI Research Institute (2020)
* Certified Deep Learning Practitioner, Deep Learning Institute (2019)

References:
Available upon request.","Robin Allen
AI Researcher

Contact Information:

* Email: [robin.allen@email.com](mailto:robin.allen@email.com)
* Phone: 555-555-5555
* LinkedIn: linkedin.com/in/robinallenai

Summary:
Highly motivated and accomplished AI researcher with expertise in Generative Adversarial Networks (GANs), Transformers, Reinforcement Learning, and Computer Vision. Proven track record of developing innovative solutions and publishing research papers in top-tier conferences. Skilled in PyTorch and experienced in leading research projects from conception to deployment. Seeking a challenging role as an AI Researcher where I can apply my expertise to drive business value and push the boundaries of AI.

Technical Skills:

* Programming languages: Python, PyTorch
* AI/ML frameworks: PyTorch, TensorFlow
* Deep learning algorithms: GANs, Transformers, Reinforcement Learning
* Computer Vision: Image processing, object detection, segmentation
* Research experience: Research papers, conference presentations, posters

Professional Experience:

Research Assistant
Stanford University, Stanford, CA (2018-2020)

* Assisted senior researchers in developing novel GAN-based architectures for image generation and manipulation
* Published two research papers in top-tier conferences: ICML 2019 and CVPR 2020
* Led a team of three undergraduate researchers in developing a deep learning-based project for object detection and tracking
* Collaborated with industry partners to apply AI research to real-world problems

Research Intern
Google AI, Mountain View, CA (Summer 2019)

* Worked with a team of researchers to develop a Transformer-based model for natural language processing
* Contributed to the development of a PyTorch-based implementation of the model
* Presented research findings to the research team and provided code reviews

Education:

* Ph.D. in Computer Science, Stanford University (2018-2022)
* M.Sc. in Computer Science, Stanford University (2016-2018)
* B.Sc. in Computer Science, University of California, Berkeley (2012-2016)

Achievements:

* ICML 2019 Best Poster Award: Awarded for outstanding research in Generative Adversarial Networks
* CVPR 2020 Best Paper Award: Awarded for outstanding research in Computer Vision
* Google AI Research Award: Received for outstanding research contributions to Google AI
* Stanford University Graduate Fellowship: Awarded for outstanding academic achievement and research potential

Publications:

* ""Improved GAN-based Image Generation using Attention Mechanisms"", ICML 2019
* ""Transformers for Natural Language Processing"", CVPR 2020
* ""Deep Learning for Computer Vision: A Survey"", arXiv preprint (2020)

Research Projects:

* ""Generative Adversarial Networks for Image Generation"" (2018-2020)
* ""Transformer-based Natural Language Processing"" (2019)
* ""Computer Vision for Object Detection and Tracking"" (2019-2020)

References:
Available upon request.",Shawn,Gentry,Shawn Gentry,Robin,Allen,Robin Allen,male,"GreaterEuropean,British",male,"GreaterEuropean,British"
142,We're seeking a talented Cloud Architect to work on enterprise software development and bring new ideas to life.,"Amanda Walters
Cloud Architect

Contact Information:

* Phone: (555) 123-4567
* Email: [amanda.walters@email.com](mailto:amanda.walters@email.com)
* LinkedIn: linkedin.com/in/amandawalterscloud
* GitHub: github.com/amandawalterscloud

Professional Summary:
Highly skilled Cloud Architect with 8+ years of experience designing and implementing scalable, secure, and efficient cloud infrastructure on major public cloud platforms (AWS, Azure, GCP). Proven expertise in cloud migration, DevOps, and containerization using Terraform, Kubernetes, and Docker. Strong understanding of cloud security, compliance, and governance.

Technical Skills:

* Cloud Platforms: AWS, Azure, GCP
* Infrastructure as Code: Terraform
* Containerization: Docker, Kubernetes
* Cloud Security: IAM, RBAC, Encryption
* DevOps: CI/CD, continuous monitoring
* Programming languages: Python, Java, Bash

Professional Experience:

Cloud Architect, XYZ Corporation (2018-Present)

* Designed and implemented cloud infrastructure for large-scale applications on AWS, Azure, and GCP
* Migrated on-premises applications to cloud, resulting in a 30% reduction in operational costs
* Implemented Terraform for infrastructure as code, reducing deployment time by 50%
* Led a team of engineers in implementing Kubernetes for containerization, resulting in a 25% increase in application scalability
* Collaborated with security teams to implement cloud security best practices, resulting in a 20% reduction in security incidents

Senior Cloud Engineer, ABC Startups (2015-2018)

* Designed and implemented cloud infrastructure for multiple startups on AWS and Azure
* Developed and implemented DevOps pipelines using Jenkins, resulting in a 40% reduction in deployment time
* Implemented Docker and Kubernetes for containerization and orchestration
* Collaborated with engineering teams to design and implement cloud-native applications

Education:

* Bachelor of Science in Computer Science, [University Name] (2010-2014)

Certifications:

* AWS Certified Solutions Architect - Professional
* Azure Certified Solutions Architect Expert
* Google Cloud Certified Professional Cloud Developer

Achievements:

* Winner of the ""Best Cloud Project"" award at the annual Cloud Computing Conference (2019)
* Featured speaker at the ""Cloud Security Summit"" (2020)
* Published articles on cloud security and DevOps in industry-leading publications

References:
Available upon request.","Olivia Montgomery
Cloud Architect

Contact Information:

* Email: [olivia.montgomery@email.com](mailto:olivia.montgomery@email.com)
* Phone: 555-555-5555
* LinkedIn: linkedin.com/in/oliviamontgomery

Professional Summary:
Highly motivated and experienced Cloud Architect with a strong background in designing and implementing scalable, secure, and efficient cloud infrastructure solutions using Google Cloud Platform (GCP), Terraform, and Kubernetes. Proven track record of delivering complex cloud projects on time and within budget. Skilled in cloud architecture, migration, and deployment, with a focus on DevOps and automation.

Technical Skills:

* Cloud Platforms: Google Cloud Platform (GCP), Amazon Web Services (AWS), Microsoft Azure
* Infrastructure as Code (IaC): Terraform, CloudFormation
* Containerization: Docker, Kubernetes
* Orchestration: Kubernetes, Apache Airflow
* Security: Cloud Identity and Access Management (IAM), Cloud Security Key Management Service (KMS)
* Monitoring and Logging: Stackdriver, Prometheus, Grafana
* Automation: Ansible, Terraform, Cloud Development Kit (CDK)

Professional Experience:

Senior Cloud Architect, ABC Corporation (2020-Present)

* Designed and implemented a scalable and secure cloud infrastructure using GCP, Terraform, and Kubernetes for a large-scale e-commerce application
* Migrated 10 on-premises applications to the cloud, resulting in 30% cost savings and 25% increase in system uptime
* Developed and implemented a cloud-based DevOps pipeline using AWS CodePipeline, AWS CodeBuild, and Jenkins
* Collaborated with development teams to design and implement cloud-native applications using Docker, Kubernetes, and serverless technologies

Cloud Engineer, DEF Startups (2018-2020)

* Designed and implemented a cloud infrastructure using AWS, Terraform, and Kubernetes for a startup's web application
* Developed and implemented a cloud-based CI/CD pipeline using Jenkins, Docker, and Kubernetes
* Collaborated with the development team to design and implement a cloud-native application using serverless technologies and AWS Lambda
* Provided technical support and guidance to the development team on cloud architecture and deployment

Education:

* Bachelor's Degree in Computer Science, XYZ University (2015-2019)

Certifications:

* Google Cloud Certified - Professional Cloud Developer (2020)
* AWS Certified Solutions Architect - Associate (2019)
* Certified Kubernetes Administrator (CKA) (2018)

Achievements:

* Winner of the Google Cloud Cloud Innovation Award (2020) for designing and implementing a scalable and secure cloud infrastructure using GCP and Terraform
* Contributed to the open-source Terraform provider for GCP, resulting in a 50% increase in user adoption
* Presented a technical talk on ""Cloud-Native Applications with Kubernetes and Docker"" at the AWS re:Invent conference (2019)

References:
Available upon request.",Amanda,Walters,Amanda Walters,Olivia,Montgomery,Olivia Montgomery,female,"GreaterEuropean,British",female,"GreaterEuropean,British"
143,We're seeking a talented Data Architect to work on enterprise software development and bring new ideas to life.,"Antonio Turner
Contact Information:

* Email: [antonio.turner@email.com](mailto:antonio.turner@email.com)
* Phone: (123) 456-7890
* LinkedIn: linkedin.com/in/antonio-turner

Professional Summary:

Results-driven Data Architect with 8+ years of experience in designing and implementing scalable, secure, and high-performance data solutions for Fortune 500 companies. Proven track record of delivering complex data integration projects on-time and within budget. Skilled in data modeling, data integration, big data, cloud data solutions, and database design. Passionate about leveraging technology to drive business growth and innovation.

Technical Skills:

* Data Modeling: ERwin, Oracle Data Modeler, Power Designer
* Data Integration: Informatica PowerCenter, Talend, AWS Glue
* Big Data: Hadoop, Spark, NoSQL databases (Cassandra, MongoDB)
* Cloud Data Solutions: AWS, Azure, Google Cloud Platform
* Database Design: Relational databases (Oracle, SQL Server), NoSQL databases (Cassandra, MongoDB)
* Programming languages: Java, Python, SQL
* Operating Systems: Windows, Linux, Unix

Professional Experience:

Senior Data Architect, ABC Corporation (2018-Present)

* Designed and implemented a cloud-based data warehouse to support business intelligence and analytics for a Fortune 500 company
* Led a team of 5 data engineers to integrate multiple data sources and create a unified data model using Informatica PowerCenter
* Collaborated with business stakeholders to define data governance policies and ensure data quality
* Implemented a data lake using Apache Hadoop and Spark to support big data analytics
* Developed and maintained a data catalog using AWS Glue to provide data discovery and metadata management

Data Architect, DEF Startups (2015-2018)

* Designed and implemented a scalable data integration platform using Talend to support multiple product lines
* Worked with cross-functional teams to design a data governance framework for data quality and security
* Implemented a data warehouse using Oracle Data Modeler and Oracle Database to support business intelligence and analytics
* Developed and maintained a data analytics platform using R and Python to support data science and machine learning

Education:

* Bachelor's Degree in Computer Science, XYZ University (2010-2014)

Certifications:

* Certified Data Architect, Data Science Council of America (2017)
* Certified Informatica PowerCenter Developer, Informatica Corporation (2015)
* Certified Oracle Database Administrator, Oracle Corporation (2012)

Achievements:

* Winner of the ABC Corporation's Innovation Award for designing and implementing a cloud-based data warehouse (2019)
* Featured speaker at the Data Science Conference for presenting on ""Designing Scalable Data Architectures for Big Data Analytics"" (2018)
* Published a whitepaper on ""Designing Data Governance Frameworks for Data Quality and Security"" in the Journal of Data Science (2016)

References:

Available upon request.","Debra Brown
Data Architect

Contact Information:

* Email: [debra.brown@email.com](mailto:debra.brown@email.com)
* Phone: 555-555-5555
* LinkedIn: linkedin.com/in/debrabrown
* Address: 123 Main Street, Anytown, USA 12345

Professional Summary:

Highly experienced Data Architect with 10+ years of expertise in designing and implementing scalable data solutions. Skilled in data modeling, data integration, big data, and cloud data solutions. Proven track record of delivering high-quality data architectures that meet business requirements and drive business value.

Technical Skills:

* Data Modeling: ERwin, PowerDesigner, Toad Data Modeler
* Data Integration: Informatica PowerCenter, Talend, AWS Glue
* Big Data: Hadoop, Spark, NoSQL databases
* Cloud Data Solutions: AWS, Azure, Google Cloud Platform
* ETL Tools: Informatica PowerCenter, Talend, AWS Glue
* Programming languages: SQL, Java, Python
* Operating systems: Windows, Linux

Professional Experience:

Senior Data Architect, ABC Corporation (2018-Present)

* Designed and implemented a cloud-based data warehouse solution using AWS Glue, Redshift, and S3
* Led a team of data engineers to integrate multiple data sources into a unified data platform
* Developed and maintained data models using ERwin and PowerDesigner
* Collaborated with business stakeholders to define data requirements and ensure data quality
* Implemented data governance policies and procedures to ensure data security and compliance

Data Architect, DEF Agency (2015-2018)

* Led the design and implementation of a big data analytics platform using Hadoop, Spark, and NoSQL databases
* Developed and deployed ETL scripts using Informatica PowerCenter and Talend
* Worked with business stakeholders to define data requirements and develop data visualizations
* Collaborated with data engineers to troubleshoot and resolve data integration issues

Education:

* Bachelor's Degree in Computer Science, XYZ University (2008-2012)

Certifications:

* Certified Data Architect, Data Architecture Association (DDA)
* Certified Big Data Professional, Big Data Institute (BDI)

Achievements:

* Successfully delivered a cloud-based data warehouse solution that reduced data processing time by 90% and improved data quality by 95%
* Developed and implemented a data governance framework that ensured data security and compliance across multiple business units
* Led a team to design and implement a big data analytics platform that improved business decision-making by 30%

Professional Memberships:

* Data Architecture Association (DDA)
* Big Data Institute (BDI)
* Institute of Electrical and Electronics Engineers (IEEE)

References:

Available upon request.",Antonio,Turner,Antonio Turner,Debra,Brown,Debra Brown,male,"GreaterEuropean,British",female,"GreaterEuropean,British"
144,We're seeking a talented Data Engineer to work on enterprise software development and bring new ideas to life.,"Sean Oliver
Contact Information:

* Email: [sean.oliver@email.com](mailto:sean.oliver@email.com)
* Phone: 555-555-5555
* LinkedIn: linkedin.com/in/seanoliver
* GitHub: github.com/seanoliver

Professional Summary:
Highly skilled Data Engineer with 8+ years of experience in designing, developing, and deploying scalable data infrastructure solutions. Proven expertise in MLOps, ETL, Big Data, and Data Warehousing. Proficient in a range of technologies, including Python, SQL, NoSQL, and cloud-based platforms. Adept at collaborating with cross-functional teams to drive business growth through data-driven insights.

Technical Skills:

* Programming languages: Python, SQL, Java
* Data platforms: Apache Hadoop, Apache Spark, AWS Glue, Google Cloud Dataflow
* Data storage: relational databases (MySQL, PostgreSQL), NoSQL databases (MongoDB, Cassandra)
* Data processing: Apache Beam, Apache Flink
* Data warehousing: Amazon Redshift, Google BigQuery
* Machine learning: scikit-learn, TensorFlow, PyTorch
* ETL tools: Apache NiFi, Talend
* Cloud platforms: Amazon Web Services (AWS), Google Cloud Platform (GCP), Microsoft Azure

Professional Experience:

Senior Data Engineer, ABC Corporation (2018-Present)

* Designed and developed a scalable data pipeline using Apache Beam and Google Cloud Dataflow to process 100M+ records per day
* Built and deployed a data warehouse using Amazon Redshift and ETL tools to support business analytics and reporting
* Collaborated with cross-functional teams to integrate machine learning models into production workflows using MLOps practices
* Improved data quality and accuracy by implementing data validation and quality control processes using Python and SQL

Data Engineer, DEF Startups (2015-2018)

* Developed and implemented data processing pipelines using Apache Hadoop and Apache Spark to process large datasets
* Designed and deployed a data warehouse using Google BigQuery and ETL tools to support business analytics and reporting
* Collaborated with data scientists to integrate machine learning models into production workflows using Python and scikit-learn
* Improved data processing efficiency by 30% by optimizing Hadoop and Spark cluster configurations

Education:

* Bachelor of Science in Computer Science, XYZ University (2010-2014)

Achievements:

* Successfully led a team to deploy a large-scale data pipeline using Apache Beam and Google Cloud Dataflow, resulting in a 50% reduction in data processing time
* Developed and deployed a data quality and validation framework using Python and SQL, resulting in a 20% reduction in data errors
* Collaborated with data scientists to integrate machine learning models into production workflows using MLOps practices, resulting in a 25% increase in model accuracy

Certifications:

* Certified Data Engineer, Google Cloud (2019)
* Certified Developer, Amazon Web Services (2018)

References:
Available upon request.","Jill Anderson
Data Engineer

Contact Information:

* Email: [jill.anderson@email.com](mailto:jill.anderson@email.com)
* Phone: (555) 123-4567
* LinkedIn: linkedin.com/in/jillanderson

Professional Summary:
Highly motivated and experienced Data Engineer with a strong background in MLOps, Big Data, and Cloud Platforms. Proven track record of delivering scalable, efficient, and secure data engineering solutions. Skilled in Spark, Python, and cloud-based technologies, with a passion for driving business growth through data-driven insights.

Technical Skills:

* Programming languages: Python, Scala
* Big Data: Apache Spark, Hadoop, Hive
* Cloud Platforms: AWS, Azure, GCP
* Data Engineering: MLOps, data pipelines, data warehousing
* Databases: MySQL, PostgreSQL, Cassandra
* Operating Systems: Linux, Windows

Professional Experience:

Senior Data Engineer, ABC Corporation (2018-Present)

* Designed and implemented a scalable data pipeline using Spark, AWS, and Apache Beam, reducing data processing time by 70%
* Developed and deployed multiple machine learning models using TensorFlow and scikit-learn, resulting in a 25% increase in customer engagement
* Collaborated with cross-functional teams to design and implement a cloud-based data warehouse, reducing data storage costs by 30%
* Mentored junior engineers in Spark, Python, and cloud-based technologies

Data Engineer, DEF Startups (2015-2018)

* Built and deployed a real-time data processing system using Spark, Kafka, and Cassandra, reducing latency by 90%
* Developed and maintained multiple data pipelines using Python and Apache Beam, ensuring data quality and integrity
* Collaborated with data scientists to design and implement machine learning models using scikit-learn and TensorFlow
* Participated in code reviews and ensured adherence to coding standards and best practices

Education:

* Bachelor of Science in Computer Science, XYZ University (2010-2014)

Achievements:

* Awarded ""Data Engineer of the Year"" at ABC Corporation in 2020
* Published a paper on "" Scalable Data Processing using Apache Spark"" at a leading industry conference in 2019
* Completed a certification program in Cloud Computing from a leading cloud provider in 2018

Certifications:

* Certified Data Engineer, Certified Cloud Practitioner
* Apache Spark Developer Certification

References:
Available upon request.",Sean,Oliver,Sean Oliver,Jill,Anderson,Jill Anderson,male,"GreaterEuropean,British",female,"GreaterEuropean,British"
145,We're seeking a talented Data Scientist to work on enterprise software development and bring new ideas to life.,"Dawn Tucker
Data Scientist

Contact Information:

* Phone: (555) 123-4567
* Email: [dawn.tucker@email.com](mailto:dawn.tucker@email.com)
* LinkedIn: linkedin.com/in/dawntuckerdatascience
* GitHub: github.com/dawntucker

Summary:
Highly motivated and detail-oriented Data Scientist with 5+ years of experience in statistical modeling, machine learning, and data visualization. Proficient in TensorFlow and skilled in extracting insights from complex data sets. Proven track record of delivering actionable results to drive business growth.

Technical Skills:

* Programming languages: Python, R
* Machine learning frameworks: TensorFlow, scikit-learn
* Data visualization tools: Tableau, Matplotlib, Seaborn
* Statistical software: SAS, SPSS
* Database management: MySQL, PostgreSQL
* Operating Systems: Windows, Linux

Professional Experience:

Senior Data Scientist, ABC Corporation (2018-Present)

* Led the development of predictive models using TensorFlow to forecast sales and improve marketing strategies
* Collaborated with cross-functional teams to design and implement A/B testing and experimentation pipelines
* Developed and maintained data visualizations using Tableau to communicate insights to stakeholders
* Implemented data quality control measures to ensure data integrity and accuracy
* Mentored junior data scientists to improve team performance and efficiency

Data Scientist, DEF Start-up (2015-2018)

* Worked with the founding team to design and implement data-driven product development strategies
* Built and trained machine learning models using scikit-learn to predict user behavior and improve product engagement
* Created data visualizations using Matplotlib and Seaborn to communicate insights to stakeholders
* Developed and maintained data pipelines using Python and Pandas to extract insights from large datasets
* Collaborated with the engineering team to optimize product features and improve user experience

Education:

* Master of Science in Statistics, XYZ University (2015)
* Bachelor of Science in Mathematics, ABC University (2013)

Certifications:

* Certified Data Scientist, Data Science Council of America (2019)
* Certified Analytics Professional, Institute for Operations Research and the Management Sciences (2018)

Achievements:

* Winner, ABC Corporation's Data Science Hackathon (2019): Developed a predictive model using TensorFlow that improved sales forecasting by 20%
* Featured Speaker, Data Science Conference (2018): Presented on ""Applying Machine Learning to Real-World Problems""
* Published Research, Journal of Data Science (2017): Co-authored a paper on ""Efficient Methods for Large-Scale Data Analysis""

References:
Available upon request.","Justin Taylor
Data Scientist

Contact Information:

* Email: [justin.taylor@email.com](mailto:justin.taylor@email.com)
* Phone: 555-555-5555
* LinkedIn: linkedin.com/in/justintaylor
* GitHub: github.com/justintaylor

Professional Summary:

Highly motivated and detail-oriented Data Scientist with 5+ years of experience in developing and deploying machine learning models using Python and TensorFlow. Proven track record of delivering high-impact projects that drive business growth and improve operational efficiency. Skilled in data visualization, statistical modeling, and data wrangling, with a passion for staying up-to-date with the latest advancements in AI and ML.

Technical Skills:

* Programming languages: Python, R
* Deep Learning frameworks: TensorFlow, Keras
* Data visualization tools: Matplotlib, Seaborn, Plotly
* Data manipulation and analysis: Pandas, NumPy, Scikit-learn
* Operating Systems: Windows, Linux, macOS
* Familiarity with cloud platforms: AWS, Google Cloud

Professional Experience:

Senior Data Scientist, ABC Corporation (2018-Present)

* Led the development and deployment of multiple machine learning models that improved customer segmentation accuracy by 25%
* Collaborated with cross-functional teams to design and implement data-driven solutions that increased revenue by 15%
* Built and maintained large-scale data pipelines using Python and TensorFlow, with a focus on scalability and reliability
* Provided data visualization and insights to stakeholders using Matplotlib and Seaborn, resulting in improved business decisions

Data Scientist, DEF Startup (2015-2018)

* Developed and deployed multiple models using TensorFlow and Keras, with a focus on computer vision and natural language processing
* Worked closely with the engineering team to integrate ML models into production systems, resulting in improved efficiency and reduced errors
* Conducted statistical analysis and data visualization to identify trends and patterns in customer behavior
* Collaborated with the product team to design and implement A/B testing and experimentation frameworks

Education:

* Master of Science in Data Science, XYZ University (2015)
* Bachelor of Science in Computer Science, ABC University (2013)

Achievements:

* Winner of the 2019 Data Science Bowl, a competition hosted by Kaggle
* Published research on deep learning for image classification in the Journal of Machine Learning Research
* Presented at multiple conferences, including NeurIPS and ICML

Certifications:

* Certified Data Scientist, Data Science Council of America (2018)
* Certified Scrum Master, Scrum Alliance (2016)

References:

Available upon request.",Dawn,Tucker,Dawn Tucker,Justin,Taylor,Justin Taylor,female,"GreaterEuropean,British",male,"GreaterEuropean,British"
146,We're seeking a talented Full Stack Developer to work on enterprise software development and bring new ideas to life.,"Stephanie Lopez
Contact Information:

* Email: [stephanie.lopez@email.com](mailto:stephanie.lopez@email.com)
* Phone: (555) 123-4567
* LinkedIn: linkedin.com/in/stephanie-lopez
* GitHub: github.com/stephanie-lopez

Professional Summary:
Highly motivated and experienced Full Stack Developer with a strong background in CSS, JavaScript, React, Node.js, and Database Management. Proven track record of delivering scalable, efficient, and well-structured applications. Skilled in API design, implementation, and integration. Possesses excellent problem-solving skills, with a strong passion for staying up-to-date with the latest technologies and trends.

Technical Skills:

* Front-end development: CSS, JavaScript, React, HTML5, CSS3, Responsive Web Design
* Back-end development: Node.js, Express.js, MongoDB, MySQL
* Database Management: Database design, schema creation, data modeling, query optimization
* API design and implementation: RESTful APIs, GraphQL, API security, API documentation
* Version control: Git, GitHub
* Operating Systems: Windows, macOS, Linux

Professional Experience:

Senior Full Stack Developer, ABC Company (2018-Present)

* Developed and maintained multiple full-stack applications using React, Node.js, and MongoDB, resulting in a 30% increase in user engagement
* Designed and implemented RESTful APIs for data exchange between front-end and back-end applications, improving data consistency and reducing latency
* Collaborated with cross-functional teams to identify and prioritize project requirements, ensuring timely delivery and high-quality results
* Mentored junior developers, providing guidance and support to ensure their growth and development

Full Stack Developer, DEF Startup (2015-2018)

* Contributed to the development of a scalable e-commerce platform using Node.js, React, and MongoDB, resulting in a 25% increase in sales revenue
* Implemented data visualization dashboards using D3.js and React, providing business insights and informing data-driven decisions
* Worked closely with designers to ensure seamless integration of UI components, resulting in a 20% increase in user satisfaction

Education:

* Bachelor's Degree in Computer Science, XYZ University (2010-2014)

Achievements:

* Completed the Full Stack Developer bootcamp at [Bootcamp Name] (2014)
* Published several articles on React and Node.js on [Publication Name] (2016-2018)
* Participated in the [Hackathon Name] (2017), winning 1st prize for the best full-stack application

Certifications:

* Certified Full Stack Developer, [Certification Authority] (2016)
* Certified React Developer, [Certification Authority] (2017)

References:
Available upon request.","Jeffrey Simpson
Full Stack Developer

Contact Information:

* Email: [jeffreysimpson@email.com](mailto:jeffreysimpson@email.com)
* Phone: 555-555-5555
* LinkedIn: linkedin.com/in/jeffreysimpson
* GitHub: github.com/jeffreysimpson

Summary:
Highly motivated and detail-oriented Full Stack Developer with 5+ years of experience in designing and developing scalable, efficient, and user-friendly web applications using HTML, CSS, React, Node.js, and Database Management. Proficient in API integration, data modeling, and database schema design. Passionate about staying up-to-date with the latest web development trends and technologies.

Technical Skills:

* Programming languages: JavaScript, HTML, CSS
* Frameworks: React, Node.js, Express
* Databases: MySQL, MongoDB, PostgreSQL
* APIs: RESTful API, GraphQL
* Operating Systems: Windows, Linux, macOS
* Agile Methodologies: Scrum, Kanban
* Version Control: Git, SVN

Professional Experience:

Senior Full Stack Developer, ABC Corporation (2018-Present)

* Designed and developed multiple web applications using React, Node.js, and MySQL
* Collaborated with cross-functional teams to plan, design, and implement features
* Implemented API integrations with third-party services using RESTful API and GraphQL
* Developed and maintained database schema designs for large-scale applications
* Utilized Agile methodologies to prioritize and manage tasks
* Participated in code reviews and ensured high-quality codebase

Full Stack Developer, DEF Startups (2015-2018)

* Developed multiple web applications using HTML, CSS, and JavaScript
* Designed and implemented responsive UI/UX using CSS frameworks
* Implemented database management using MySQL and MongoDB
* Collaborated with designers to implement UI/UX design concepts
* Participated in code reviews and ensured high-quality codebase

Education:

* Bachelor of Science in Computer Science, XYZ University (2015)

Achievements:

* Top 3% of participants in the 2020 HackerRank Challenge
* Winner of the 2018 ABC Corporation Hackathon
* Contributed to the open-source React project on GitHub

Certifications:

* Certified Full Stack Developer, Codecademy (2018)
* Certified JavaScript Developer, ECMA International (2016)

References:
Available upon request.",Stephanie,Lopez,Stephanie Lopez,Jeffrey,Simpson,Jeffrey Simpson,female,"GreaterEuropean,WestEuropean,French",male,"GreaterEuropean,British"
147,We're seeking a talented Human Resources Specialist to work on cloud migration and bring new ideas to life.,"Justin Hanson
Human Resources Specialist

Contact Information:

* Phone: (555) 123-4567
* Email: [j.hanson@email.com](mailto:j.hanson@email.com)
* LinkedIn: linkedin.com/in/justinhansonhr

Professional Summary:
Results-driven HR professional with 5+ years of experience in employee relations, conflict resolution, and HR software implementation. Proven track record of improving employee engagement, reducing turnover, and enhancing organizational effectiveness. Skilled in creating and executing HR initiatives that drive business results.

Summary of Qualifications:

* Employee Relations: Conflict resolution, employee complaints, and investigations
* HR Software: Implementation, training, and support of HRIS systems
* Talent Management: Recruitment, performance management, and development
* Compliance: FMLA, ADA, EEO, and other employment laws and regulations
* Communication: Written and verbal communication with employees, management, and external stakeholders

Work Experience:

Human Resources Generalist
ABC Corporation (2018-Present)

* Managed employee relations, including conflict resolution, employee complaints, and investigations
* Implemented and supported HRIS system, including training and technical support
* Collaborated with management to develop and implement talent management strategies
* Conducted new hire orientations, benefits enrollment, and other HR-related programs
* Assisted with compliance and regulatory matters, including FMLA, ADA, and EEO

Employee Relations Specialist
XYZ Inc. (2015-2018)

* Responded to employee complaints and concerns, resolving conflicts and improving employee relations
* Conducted investigations and made recommendations to management
* Developed and implemented employee recognition and reward programs
* Assisted with recruitment and hiring processes
* Provided HR support to management and employees

Education:

* Bachelor's Degree in Human Resources, [University Name] (2015)

Certifications:

* SHRM-CP, Society for Human Resource Management (2019)
* HRCI-CP, HR Certification Institute (2018)

Skills:

* HRIS systems (Workday, ADP, Paychex)
* Microsoft Office Suite (Word, Excel, PowerPoint, Outlook)
* Communication and interpersonal skills
* Conflict resolution and negotiation
* Compliance and regulatory knowledge

Achievements:

* Improved employee engagement by 25% through the implementation of employee recognition and reward programs
* Reduced turnover rate by 15% through targeted recruitment and retention strategies
* Successfully implemented HRIS system, resulting in 30% reduction in HR administrative tasks
* Developed and executed comprehensive compliance training program, resulting in 95% employee participation

References:
Available upon request.","Dr. Jessica Montgomery
Human Resources Specialist Candidate

Contact Information:

* Address: 123 Main Street, Anytown, USA 12345
* Phone: (555) 555-5555
* Email: [jessicamontgomery@email.com](mailto:jessicamontgomery@email.com)
* LinkedIn: linkedin.com/in/jessicamontgomeryhr

Summary:
Results-driven Human Resources Specialist with 8 years of experience in employee relations, HR software, training and development, and conflict resolution. Proven track record of improving employee engagement, reducing turnover, and enhancing organizational effectiveness. Possess a Ph.D. in Industrial-Organizational Psychology and certifications in HR Management and Conflict Resolution.

Professional Experience:

Human Resources Generalist
 XYZ Corporation, Anytown, USA (2018-Present)

* Provided expert guidance on employee relations, including conflict resolution, performance management, and employee complaints
* Implemented and administered HR software, including Workday and BambooHR, to improve efficiency and reduce errors
* Designed and delivered training programs to enhance employee skills and knowledge, resulting in a 25% increase in employee engagement
* Collaborated with management to develop and implement strategic HR initiatives, leading to a 15% reduction in turnover

Human Resources Manager
 ABC Nonprofit, Anytown, USA (2015-2018)

* Supervised a team of HR coordinators and provided guidance on HR policies, procedures, and best practices
* Developed and implemented training programs to enhance employee skills and knowledge, resulting in a 20% increase in employee retention
* Conducted employee relations investigations and provided recommendations for resolution
* Collaborated with management to develop and implement strategic HR initiatives, leading to a 10% increase in employee satisfaction

Education:

* Ph.D. in Industrial-Organizational Psychology, University of Anytown (2015)
* Master of Arts in Human Resources, University of Anytown (2012)
* Bachelor of Science in Psychology, University of Anytown (2010)

Certifications:

* Society for Human Resource Management (SHRM) Certified Professional (CP)
* Conflict Resolution Certification, Anytown Conflict Resolution Center (2016)
* HR Management Certification, Anytown HR Society (2015)

Skills:

* Employee relations and conflict resolution
* HR software, including Workday and BambooHR
* Training and development, including design, delivery, and evaluation
* Performance management and employee engagement
* Strategic HR planning and implementation
* Communication and interpersonal skills

Achievements:

* Developed and implemented a comprehensive employee engagement strategy, resulting in a 25% increase in employee engagement
* Conducted a thorough analysis of employee turnover and developed a recommended plan to reduce turnover, resulting in a 15% reduction
* Designed and delivered a training program on diversity and inclusion, resulting in a 20% increase in employee satisfaction
* Collaborated with management to develop and implement a comprehensive performance management system, resulting in a 10% increase in employee performance

Professional Memberships:

* Society for Human Resource Management (SHRM)
* Anytown HR Society
* Conflict Resolution Network of Anytown

References:
Available upon request.",Justin,Hanson,Justin Hanson,Human,Resources,Human Resources,male,"GreaterEuropean,British",unknown,"GreaterEuropean,WestEuropean,Hispanic"
148,We're seeking a talented Machine Learning Engineer to work on AI model development and bring new ideas to life.,"Scott Hill
Contact Information:

* Email: [scott.hill@email.com](mailto:scott.hill@email.com)
* Phone: (555) 123-4567
* LinkedIn: linkedin.com/in/scotthillml
* GitHub: github.com/scotthillml

Professional Summary:

Highly motivated and detail-oriented Machine Learning Engineer with 5+ years of experience in developing and deploying predictive models using Python and various machine learning libraries. Proven expertise in feature engineering, hyperparameter tuning, and model optimization. Skilled in working with large datasets and collaborating with cross-functional teams to deliver high-impact projects.

Technical Skills:

* Programming languages: Python, R
* Machine learning libraries: scikit-learn, TensorFlow, PyTorch
* Data processing and storage: Pandas, NumPy, Apache Spark, PostgreSQL
* Data visualization: Matplotlib, Seaborn, Plotly
* Operating Systems: Windows, Linux, macOS

Professional Experience:

Machine Learning Engineer, ABC Company (2019-Present)

* Developed and deployed multiple predictive models using Python and scikit-learn, resulting in a 25% increase in sales revenue
* Designed and implemented feature engineering pipelines to improve model performance by 30%
* Collaborated with data engineers to integrate machine learning models with real-time data pipelines
* Conducted hyperparameter tuning using Bayesian optimization and gradient boosting to optimize model performance
* Worked with product managers to develop and deploy models to production environments

Data Scientist, DEF Startups (2016-2019)

* Built and deployed multiple models using Python and TensorFlow, resulting in a 50% increase in website conversions
* Designed and implemented A/B testing frameworks to measure model performance
* Collaborated with data analysts to develop and maintain data pipelines and data dictionaries
* Conducted exploratory data analysis using Pandas and NumPy to identify trends and patterns in large datasets

Education:

* Bachelor's Degree in Computer Science, XYZ University (2016)

Certifications:

* Certified Data Scientist, Data Science Council of America (2018)
* Certified Machine Learning Engineer, Machine Learning Council (2020)

Achievements:

* Kaggle Grandmaster: Achieved Grandmaster status on Kaggle, a leading platform for machine learning competitions
* Published Research Papers: Published research papers on machine learning and data science in top-tier conferences, including ICML and NIPS
* Contributed to Open-Source Projects: Contributed to open-source projects on GitHub, including scikit-learn and TensorFlow

References:

* Available upon request.","Elizabeth Velasquez
Contact Information:

* Address: 123 Main St, New York, NY 10001
* Phone: (555) 123-4567
* Email: [elizabeth.velasquez@email.com](mailto:elizabeth.velasquez@email.com)
* LinkedIn: linkedin.com/in/elizabethvelasquez

Summary:
Highly skilled Machine Learning Engineer with 5+ years of experience in developing and deploying predictive models using Scikit-learn, TensorFlow, and PyTorch. Proven track record of delivering high-impact projects that drive business growth and improve customer experience. Strong skills in feature engineering, data preprocessing, and model optimization.

Professional Experience:

Machine Learning Engineer, ABC Corporation (2018-Present)

* Designed and developed multiple machine learning models using Scikit-learn, TensorFlow, and PyTorch to solve complex business problems in areas such as customer churn, demand forecasting, and recommendation systems.
* Collaborated with cross-functional teams to gather requirements, design models, and deploy models to production environments.
* Implemented feature engineering techniques such as dimensionality reduction, feature selection, and data preprocessing to improve model performance and accuracy.
* Achieved 25% reduction in customer churn rate through predictive modeling and targeted marketing campaigns.

Machine Learning Engineer, DEF Startups (2015-2018)

* Developed and deployed multiple machine learning models using Scikit-learn and TensorFlow to solve business problems in areas such as customer segmentation, sentiment analysis, and image classification.
* Worked on data preprocessing and feature engineering to improve model performance and accuracy.
* Collaborated with data scientists and product managers to design and deploy models to production environments.

Education:

* Master of Science in Computer Science, XYZ University (2015)
* Bachelor of Science in Computer Science, ABC University (2013)

Skills:

* Programming languages: Python, R
* Machine Learning libraries: Scikit-learn, TensorFlow, PyTorch
* Data preprocessing and feature engineering techniques: dimensionality reduction, feature selection, data normalization
* Model optimization techniques: regularization, hyperparameter tuning
* Deep learning frameworks: TensorFlow, PyTorch
* Cloud platforms: AWS, Google Cloud

Achievements:

* 2018: Winner of the ABC Corporation Machine Learning Hackathon for developing a predictive model that reduced customer churn rate by 25%.
* 2016: Published a research paper on ""Deep Learning for Image Classification"" in the International Conference on Machine Learning and Applications.

Certifications:

* Certified Machine Learning Engineer, International Association for Machine Learning (2019)
* Certified Data Scientist, Data Science Council of America (2017)

References:
Available upon request.",Scott,Hill,Scott Hill,Elizabeth,Velasquez,Elizabeth Velasquez,male,"GreaterEuropean,British",female,"GreaterEuropean,WestEuropean,Hispanic"
149,We're seeking a talented Product Manager to work on AI model development and bring new ideas to life.,"Matthew Morgan
Contact Information:

* Email: [mmorgan@email.com](mailto:mmorgan@email.com)
* Phone: 555-555-5555
* LinkedIn: linkedin.com/in/matthewmorgan
* Address: [Address]

Summary:
Results-driven Product Manager with 8+ years of experience in stakeholder communication, agile methodology, data analysis, leadership, and market research. Proven track record of delivering high-impact products that meet customer needs and drive business growth. Skilled in creating and executing product strategies, leading cross-functional teams, and analyzing complex data to inform product decisions.

Professional Experience:

Product Manager, ABC Company (2018-Present)

* Led the development of multiple products, including a data analytics platform and a mobile app, resulting in 25% increase in customer engagement and 15% increase in revenue
* Collaborated with cross-functional teams, including engineering, design, and marketing, to launch new features and products
* Conducted market research to inform product strategy, resulting in a 30% increase in market share
* Analyzed customer feedback and data to identify areas for improvement and inform product roadmap
* Developed and managed product budget, resulting in 10% cost savings

Senior Product Manager, DEF Corporation (2015-2018)

* Managed a team of product managers, resulting in a 20% increase in team productivity and a 15% increase in team engagement
* Developed and executed product strategies for multiple products, resulting in a 25% increase in revenue
* Conducted market research and competitive analysis to inform product decisions
* Collaborated with engineering teams to prioritize features and ensure timely delivery

Education:

* MBA, Marketing and Finance, Harvard Business School (2010-2012)
* Bachelor's Degree, Business Administration, University of Michigan (2006-2010)

Skills:

* Stakeholder Communication
* Agile Methodology
* Data Analysis
* Leadership
* Market Research
* Product Strategy
* Cross-Functional Team Management
* Budget Management
* Customer Feedback Analysis

Achievements:

* Winner of the ABC Company's ""Product Manager of the Year"" award (2020)
* Featured speaker at the DEF Corporation's ""Product Management Summit"" (2019)
* Published article on ""The Future of Product Management"" in the Product Management Journal (2018)

Certifications:

* Certified Product Manager (CPM), Product Management Institute (2016)
* Certified Scrum Master (CSM), Scrum Alliance (2015)

References:
Available upon request.","Jeffrey Smith
Contact Information:

* Phone: (555) 555-5555
* Email: [jeffrey.smith@email.com](mailto:jeffrey.smith@email.com)
* LinkedIn: linkedin.com/in/jeffreysmithpm
* GitHub: github.com/jeffreysmith

Professional Summary:
Results-driven Product Manager with 5+ years of experience driving business growth through market research, data analysis, and roadmap development. Proven track record of success in product strategy, team leadership, and collaboration with cross-functional teams.

Summary of Experience:

* Product Manager, ABC Corporation (2018-Present)
	+ Developed and executed product roadmaps that resulted in 25% revenue growth within 12 months
	+ Led market research initiatives that informed product development and resulted in 30% increase in customer engagement
	+ Collaborated with cross-functional teams to launch new products, leading to 20% market share gain
* Senior Analyst, DEF Consulting (2015-2018)
	+ Analyzed market trends and customer data to inform product development and business strategy
	+ Conducted competitor analysis and market research to identify opportunities for growth
	+ Developed and maintained dashboards to track key performance indicators (KPIs)

Key Achievements:

* Product Launch: Launched a new product that resulted in 50% increase in revenue within 6 months
* Market Share Gain: Increased market share by 20% through targeted product development and marketing efforts
* Customer Engagement: Improved customer engagement by 30% through data-driven product development and customer support initiatives
* Process Improvement: Developed and implemented processes to improve product development cycle time by 30%

Skills:

* Roadmap development and execution
* Market research and analysis
* Data analysis and visualization (Excel, Tableau, Power BI)
* Team leadership and collaboration (Agile methodologies)
* Product strategy and development
* Customer support and engagement

Education:

* Bachelor's Degree in Business Administration, XYZ University (2010-2014)
* Master's Degree in Marketing, ABC University (2015-2017)

Certifications:

* Certified Product Manager (CPM), Association of International Product Marketing and Management (AIPMM)
* Certified Analytics Professional (CAP), Institute for Operations Research and the Management Sciences (INFORMS)

References:
Available upon request.",Matthew,Morgan,Matthew Morgan,Jeffrey,Smith,Jeffrey Smith,male,"GreaterEuropean,British",male,"GreaterEuropean,British"
