description,resume_accept,resume_reject
"As a Data Architect, you will play a pivotal role in shaping the future of e-commerce.","Spencer May
Contact Information:

* Address: 123 Main St, Anytown, USA 12345
* Phone: (123) 456-7890
* Email: [spencer.may@email.com](mailto:spencer.may@email.com)
* LinkedIn: linkedin.com/in/spencermay

Professional Summary:
Highly skilled Data Architect with 8+ years of experience in designing, implementing, and managing large-scale data integration solutions across multiple platforms. Proven expertise in cloud data solutions, ETL tools, and data governance. Possess a strong technical background and excellent communication skills, with a passion for driving business value through data-driven insights.

Technical Summary:

* Strong expertise in data integration and ETL tools (Informatica, Talend, AWS Glue)
* Proficient in cloud data platforms (AWS, Azure, Google Cloud)
* Experienced in data governance, data quality, and data security
* Skilled in data modeling, data warehousing, and business intelligence
* Proficient in programming languages (Java, Python, SQL)

Professional Experience:

Senior Data Architect, ABC Corporation (2018-Present)

* Designed and implemented a cloud-based data warehouse solution using AWS Redshift and AWS Glue, resulting in a 30% reduction in data processing time and a 25% increase in data quality
* Led a team of 3 data engineers to develop and deploy a data integration pipeline using Informatica PowerCenter, covering over 100 data sources and 50 data targets
* Collaborated with business stakeholders to define data governance policies and procedures, ensuring data quality and compliance with regulatory requirements
* Developed and maintained data models, data dictionaries, and data catalogs to support data-driven decision-making across the organization

Data Architect, DEF Company (2015-2018)

* Designed and implemented an ETL solution using Talend, covering over 50 data sources and 20 data targets, resulting in a 50% reduction in data processing time
* Collaborated with data scientists to develop and deploy machine learning models using AWS SageMaker, improving predictive accuracy by 20%
* Provided technical guidance and support to junior data engineers, ensuring successful delivery of data integration projects
* Participated in data architecture reviews and provided recommendations for data governance and data quality improvements

Education:

* Bachelor of Science in Computer Science, XYZ University (2010-2014)

Certifications:

* Certified Data Architect, Data Science Council of America (2019)
* Certified Cloud Data Architect, AWS (2018)

Skills:

* Data integration and ETL tools (Informatica, Talend, AWS Glue)
* Cloud data platforms (AWS, Azure, Google Cloud)
* Data governance, data quality, and data security
* Data modeling, data warehousing, and business intelligence
* Programming languages (Java, Python, SQL)
* Agile development methodologies

Achievements:

* Winner of the ABC Corporation's ""Innovation Award"" (2020) for designing and implementing a cloud-based data warehouse solution
* Featured speaker at the DEF Company's ""Data Science Conference"" (2017) on ""Designing Scalable Data Integration Pipelines""
* Published article on ""Cloud Data Architecture: Best Practices and Pitfalls"" in a reputable industry magazine (2019)

References:
Available upon request.","Shelly Garrett
Contact Information:

* Phone: (555) 123-4567
* Email: [shelly.garrett@email.com](mailto:shelly.garrett@email.com)
* LinkedIn: linkedin.com/in/shellygarrett
* GitHub: github.com/shellygarrett

Professional Summary:

Highly accomplished Data Architect with 8+ years of experience in designing, implementing, and optimizing data architectures to drive business growth and innovation. Skilled in data modeling, data integration, big data, and cloud data solutions. Proven track record of delivering high-quality solutions on time and on budget, with expertise in leveraging data to drive strategic decision-making.

Technical Summary:

* Strong proficiency in data modeling and data warehousing using various tools and technologies, including Oracle, SQL Server, and Amazon Redshift
* Experience with big data technologies, including Hadoop, Spark, and NoSQL databases
* Expertise in cloud data solutions, including Amazon Web Services (AWS) and Microsoft Azure
* Strong understanding of data integration and ETL (Extract, Transform, Load) processes, with experience using tools like Informatica and Talend
* Skilled in data governance, data security, and compliance, with expertise in implementing data quality and data validation processes

Professional Experience:

Senior Data Architect, ABC Corporation (2018-Present)

* Designed and implemented a scalable data architecture using AWS and Oracle, resulting in 30% reduction in data processing time and 25% increase in data quality
* Led a team of 3 data engineers in developing and deploying a big data analytics platform using Hadoop and Spark, resulting in 50% increase in business insights and 40% reduction in costs
* Collaborated with cross-functional teams to develop and implement a cloud-based data warehousing solution using Amazon Redshift, resulting in 25% reduction in data storage costs and 30% increase in reporting speed

Data Architect, DEF Company (2015-2018)

* Designed and implemented a data integration platform using Informatica and Talend, resulting in 40% reduction in data latency and 20% increase in data quality
* Led a team of 2 data engineers in developing and deploying a data governance framework, resulting in 25% reduction in data errors and 30% increase in data compliance
* Collaborated with business stakeholders to develop and implement a data analytics platform using SQL Server and Power BI, resulting in 50% increase in business insights and 40% reduction in costs

Education and Certifications:

* Bachelor's Degree in Computer Science, XYZ University (2010-2014)
* Certified Data Architect, Data Science Council of America (2016)
* Certified Big Data Engineer, IBM (2017)

Skills:

* Data modeling and data warehousing
* Big data technologies (Hadoop, Spark, NoSQL)
* Cloud data solutions (AWS, Azure)
* Data integration and ETL
* Data governance and compliance
* Data security and validation
* Programming languages (Python, Java, SQL)
* Agile development methodologies

Achievements:

* Winner of the 2019 Data Architect of the Year award at the Data Science Council of America conference
* Published several papers on data architecture and big data analytics in industry-leading journals
* Presented at various industry conferences on topics related to data architecture and cloud data solutions

References:

Available upon request."
"If you're passionate about cloud technologies, we need your expertise to help us deliver impactful products as a Blockchain Developer.","Debbie Mendoza
Blockchain Developer

Contact Information:

* Email: [debbie.mendoza@email.com](mailto:debbie.mendoza@email.com)
* Phone: 555-555-5555
* LinkedIn: linkedin.com/in/debbiemendoza
* GitHub: github.com/debbiemendoza

Professional Summary:
Highly skilled Blockchain Developer with 3+ years of experience in designing, developing, and deploying decentralized applications using Ethereum and Web3.js. Proven track record of building scalable, secure, and efficient smart contracts. Strong understanding of Web3 technologies and their applications in various industries.

Technical Skills:

* Programming languages: Solidity, JavaScript, HTML/CSS
* Blockchain platforms: Ethereum
* Smart contract development frameworks: Truffle, OpenZeppelin
* Web3 libraries: Web3.js, Ethers.js
* Development tools: Remix, Ganache, MetaMask
* Operating Systems: Windows, Linux
* Agile methodologies: Scrum, Kanban

Professional Experience:

Blockchain Developer, ABC Corporation (2018-Present)

* Designed and developed multiple decentralized applications (dApps) using Ethereum and Web3.js
* Built and deployed smart contracts using Solidity and Truffle
* Collaborated with the development team to integrate Web3 technologies into existing systems
* Implemented security measures to protect against vulnerabilities and attacks
* Participated in code reviews and ensured high-quality code

Senior Developer, DEF Agency (2015-2018)

* Led a team of developers in the design and development of multiple blockchain-based projects
* Developed and maintained a range of smart contracts using Solidity and OpenZeppelin
* Conducted workshops and training sessions on blockchain development and Web3 technologies
* Collaborated with clients to understand their needs and provide tailored solutions

Education:

* Bachelor of Science in Computer Science, XYZ University (2015)

Achievements:

* Successfully completed the Ethereum Developer Challenge and won a prize for the best smart contract
* Published a paper on ""Ethereum Smart Contract Security"" at the Blockchain Conference 2020
* Developed and open-sourced a Web3.js library for simpler smart contract interactions
* Collaborated with a team to develop a blockchain-based voting system for a government organization

Certifications:

* Ethereum Developer Certification, Ethereum Foundation (2019)
* Certified Blockchain Developer, Blockchain Council (2018)

References:
Available upon request.","April Ellis
Blockchain Developer

Contact Information:

* Email: [april.ellis@email.com](mailto:april.ellis@email.com)
* Phone: 555-555-5555
* LinkedIn: linkedin.com/in/april-ellis
* GitHub: github.com/april-ellis

Professional Summary:

Highly motivated and experienced Blockchain Developer with expertise in Ethereum, Smart Contracts, Cryptography, and Web3.js. Proven track record of designing and implementing secure and scalable blockchain solutions for various industries. Skilled in a range of programming languages, including Solidity, JavaScript, and Python.

Technical Skills:

* Programming languages: Solidity, JavaScript, Python, Ethereum Virtual Machine (EVM)
* Blockchain platforms: Ethereum, Hyperledger Fabric
* Development frameworks: Web3.js, Truffle Suite
* Cryptography: Hash functions, Digital signatures, Elliptic Curve Cryptography (ECC)
* Agile development methodologies: Scrum, Kanban

Professional Experience:

Blockchain Developer, CryptoTech Inc. (2020-Present)

* Designed and developed multiple blockchain-based applications for finance, supply chain, and gaming industries
* Implemented secure and scalable Smart Contracts using Solidity and Ethereum Virtual Machine (EVM)
* Collaborated with cross-functional teams to integrate blockchain solutions with existing systems
* Conducted code reviews and ensured adherence to best practices and security standards

Senior Developer, Blockchain Solutions (2018-2020)

* Led the development of a blockchain-based supply chain management system for a Fortune 500 company
* Developed and maintained multiple Smart Contracts using Web3.js and Truffle Suite
* Collaborated with the QA team to ensure the quality and security of the blockchain solutions
* Provided technical guidance and mentorship to junior developers

Education:

* Bachelor of Science in Computer Science, XYZ University (2015-2019)

Certifications:

* Certified Blockchain Developer (CBD), Blockchain Council (2020)
* Certified Cryptography Specialist (CCS), (ISC)2 (2019)

Achievements:

* Winner, Blockchain Hackathon (2020): Developed a blockchain-based voting system using Ethereum and Web3.js
* Featured Speaker, Blockchain Conference (2019): Presented a talk on ""Secure Smart Contract Development""
* Published Research Paper, Journal of Blockchain Research (2018): ""Designing Secure and Scalable Blockchain Solutions""

Projects:

* Blockchain-based Voting System: Developed a blockchain-based voting system using Ethereum and Web3.js
* Supply Chain Management System: Developed a blockchain-based supply chain management system for a Fortune 500 company
* Smart Contract Audit Tool: Developed a Smart Contract audit tool using Truffle Suite and Web3.js

References:

Available upon request."
"Be part of a passionate team at the forefront of machine learning as a IT Support Specialist, delivering solutions that shape the future.","Mitchell Livingston
Contact Information:

* Address: 123 Main St, Anytown, USA 12345
* Phone: (555) 555-5555
* Email: [mitchell.livingston@email.com](mailto:mitchell.livingston@email.com)
* LinkedIn: linkedin.com/in/mitchelllivingston

Professional Summary:
Highly skilled and experienced IT professional with 5+ years of experience in troubleshooting, hardware/software knowledge, and networking. Proven track record of providing exceptional technical support to users, resolving complex technical issues, and ensuring seamless IT operations. Possess excellent communication and problem-solving skills, with a strong passion for staying up-to-date with the latest IT technologies.

Technical Skills:

* Operating Systems: Windows, macOS, Linux
* Hardware: PCs, laptops, printers, and other peripherals
* Software: Microsoft Office, Adobe Creative Suite, antivirus software, and other productivity tools
* Networking: TCP/IP, DNS, DHCP, firewalls, and VPNs
* Troubleshooting: root cause analysis, problem-solving, and escalation procedures
* Help Desk Software: ServiceNow, Zendesk, and JIRA

Professional Experience:

IT Support Specialist, ABC Corporation (2018-Present)

* Provide technical support to employees, resolving hardware, software, and networking issues
* Analyze and troubleshoot complex technical problems, escalating to senior engineers as needed
* Collaborate with vendors and external partners to resolve technical issues and improve IT operations
* Develop and maintain IT documentation, including knowledge base articles and user guides
* Participated in IT projects, including the implementation of new software and hardware systems

Junior IT Support Specialist, DEF University (2015-2018)

* Assisted IT staff with troubleshooting and resolving technical issues
* Provided technical support to students and faculty, using help desk software to track and resolve issues
* Assisted with the implementation of new IT systems and software
* Developed and maintained IT documentation, including user guides and knowledge base articles

Education:

* Bachelor's Degree in Computer Science, XYZ University (2015)

Achievements:

* Successfully reduced the average time to resolve technical issues by 30% through the implementation of a new help desk software and process
* Improved IT documentation and knowledge base articles, resulting in a 25% reduction in repeat issues
* Collaborated with vendors to resolve complex technical issues, resulting in a 95% customer satisfaction rate
* Participated in the implementation of a new IT project, resulting in a 20% reduction in IT costs and a 15% increase in productivity

Certifications/Awards:

* CompTIA A+ Certification (2016)
* Microsoft Certified Professional (MCP) Certification (2018)
* Recipient of the ABC Corporation IT Support Specialist of the Year Award (2020)

References:
Available upon request.","Shawn Sanchez
Contact Information:

* Address: 123 Main St, Anytown, USA 12345
* Phone: (555) 555-5555
* Email: [shawn.sanchez@email.com](mailto:shawn.sanchez@email.com)
* LinkedIn: linkedin.com/in/shawnsanchez

Professional Summary:
Highly motivated and detail-oriented IT professional with 5+ years of experience in troubleshooting, technical support, and hardware/software knowledge. Proven track record of resolving complex technical issues and providing excellent customer service. Skilled in networking, operating systems, and software applications. Seeking a challenging role as an IT Support Specialist where I can utilize my skills to drive business growth and customer satisfaction.

Technical Skills:

* Operating Systems: Windows, macOS, Linux
* Networking: TCP/IP, DNS, DHCP, Firewall, VPN
* Hardware: Desktops, Laptops, Servers, Printers, Scanners
* Software: Microsoft Office, Adobe Creative Suite, Antivirus Software
* Troubleshooting Tools: Wireshark, NSLOOKUP, Ping, Tracert

Work Experience:

IT Support Specialist
ABC Corporation (2018-Present)

* Provide technical support to end-users via phone, email, and in-person
* Troubleshoot and resolve complex technical issues with hardware, software, and network equipment
* Install, configure, and maintain operating systems, software applications, and network devices
* Collaborate with IT team to resolve critical issues and improve overall IT infrastructure
* Achieved an average first-call resolution rate of 85% and a customer satisfaction rating of 95%

Technical Support Specialist
XYZ Inc. (2015-2018)

* Responded to technical support requests via phone, email, and online chat
* Troubleshot and resolved technical issues with hardware, software, and network equipment
* Collaborated with IT team to develop and implement technical documentation and knowledge base
* Participated in on-call rotation to provide 24/7 technical support
* Successfully reduced average ticket resolution time by 30% through process improvements and technical training

Education:

* Bachelor's Degree in Computer Science, Anytown University (2015)

Certifications:

* CompTIA A+ (2015)
* Cisco CCNA Routing and Switching (2017)

Achievements:

* Recipient of the ABC Corporation IT Support Team of the Year Award (2020)
* Completed a company-wide IT audit and implemented process improvements resulting in a 25% reduction in IT support requests (2019)
* Developed and implemented a technical documentation and knowledge base for the IT team, resulting in a 30% reduction in first-call resolution time (2018)

Professional Memberships:

* CompTIA Member
* IEEE Member

References:
Available upon request."
"Help us build the next-generation products as a Business Analyst and work with a dynamic, cross-functional team.","Michael Goodman
Contact Information:

* Phone: (555) 123-4567
* Email: [michael.goodman@email.com](mailto:michael.goodman@email.com)
* LinkedIn: linkedin.com/in/michaelgoodman

Professional Summary:
Results-driven Business Analyst with 5+ years of experience in data analysis, problem-solving, and stakeholder communication. Proven track record of driving business growth through data-driven insights and process improvements. Skilled in SQL, data visualization, and stakeholder engagement.

Technical Skills:

* Data Analysis: SQL, Excel, Tableau, Power BI
* Data Visualization: Tableau, Power BI
* Programming: Python, R
* Operating Systems: Windows, Linux
* Collaboration Tools: MS Office, Asana, Jira

Work Experience:

Business Analyst, ABC Corporation (2018-Present)

* Collaborated with cross-functional teams to analyze business needs and develop data-driven solutions
* Conducted data analysis and created reports to inform business decisions
* Developed and maintained SQL databases to support business intelligence initiatives
* Presented findings and recommendations to senior leadership and stakeholders
* Improved process efficiency by 25% through data-driven process improvements

Data Analyst, DEF Company (2015-2018)

* Analyzed large datasets to identify trends and insights
* Developed and maintained data visualization dashboards using Tableau
* Created reports and presentations to communicate findings to stakeholders
* Collaborated with business stakeholders to identify data needs and develop data solutions
* Improved data quality by 30% through data validation and data cleansing efforts

Education:

* Bachelor's Degree in Business Administration, XYZ University (2015)

Certifications:

* Certified Business Analyst Professional (CBAP), Institute of Certified Business Analysts (2019)
* Certified Data Analyst, Data Science Council of America (2018)

Achievements:

* Winner, ABC Corporation's Innovation Award (2019) for developing a data-driven solution that improved process efficiency by 25%
* Recipient, DEF Company's Excellence in Data Analysis Award (2017) for identifying key trends and insights that informed business decisions
* Published, ""The Power of Data-Driven Decision Making,"" in a industry journal (2019)

References:
Available upon request.","Michelle Byrd
Contact Information:

* Email: [michelle.byrd@email.com](mailto:michelle.byrd@email.com)
* Phone: 555-555-5555
* LinkedIn: linkedin.com/in/michellebyrd

Summary:
Results-driven Business Analyst with 5+ years of experience in data analysis, problem-solving, and communication. Proven track record of driving business growth through data-driven insights and strategic recommendations. Skilled in data visualization, statistical modeling, and stakeholder management.

Professional Experience:

Business Analyst, ABC Corporation (2018-Present)

* Conducted data analysis and statistical modeling to identify trends and patterns in customer behavior, leading to a 25% increase in sales revenue
* Developed and presented data-driven insights to senior leadership, resulting in informed business decisions and strategic investments
* Collaborated with cross-functional teams to design and implement process improvements, resulting in a 30% reduction in operational costs
* Created and maintained reports, dashboards, and data visualizations to communicate complex data insights to stakeholders

Data Analyst, DEF Solutions (2015-2018)

* Collected, analyzed, and interpreted large datasets to inform business decisions, resulting in a 15% reduction in project timelines
* Developed and maintained databases, data models, and data visualizations to support business intelligence initiatives
* Worked with stakeholders to identify data requirements and develop data-driven solutions, resulting in a 20% increase in customer satisfaction
* Presented data insights and recommendations to senior leadership, resulting in informed business decisions

Education:

* Bachelor's Degree in Business Administration, XYZ University (2015)
* Certified Data Analyst (CDA), Data Science Council of America (2017)

Skills:

* Data analysis and statistical modeling
* Data visualization and reporting
* Stakeholder management and communication
* Process improvement and project management
* SQL, Microsoft Excel, Tableau, Power BI
* Strong problem-solving and analytical skills

Achievements:

* Winner of the 2019 ABC Corporation Business Analyst of the Year Award
* Featured speaker at the 2018 Data Science Conference
* Published author in the Journal of Business Intelligence, ""Data-Driven Decision Making: A Case Study""

Certifications:

* Certified Data Analyst (CDA), Data Science Council of America (2017)
* Certified Business Analyst (CBA), International Institute of Business Analysis (2016)

References:
Available upon request."
"As a Cloud Engineer, you will play a pivotal role in shaping the future of e-commerce.","Jennifer Sherman
Contact Information:

* Phone: (555) 123-4567
* Email: [jennifer.sherman@email.com](mailto:jennifer.sherman@email.com)
* LinkedIn: linkedin.com/in/jennifersherrman
* GitHub: github.com/jennifersherrman

Professional Summary:
Highly motivated and experienced Cloud Engineer with a strong background in Serverless Architecture, Cloud Networking, and Scripting. Proven track record of delivering scalable, secure, and efficient cloud solutions. Skilled in designing and implementing cloud infrastructure, migrating on-premises applications to the cloud, and optimizing cloud costs.

Technical Skills:

* Serverless Architecture: Amazon Lambda, Azure Functions, Google Cloud Functions
* Cloud Networking: AWS VPC, Azure Virtual Network, Google Cloud Networking
* Scripting: Python, Node.js, Bash
* Cloud Platforms: AWS, Azure, Google Cloud
* Operating Systems: Windows, Linux
* Agile Methodologies: Scrum, Kanban

Professional Experience:

Cloud Engineer, ABC Corporation (2018-Present)

* Designed and implemented serverless architectures for multiple applications, resulting in 30% reduction in costs and 25% increase in scalability
* Migrated on-premises applications to the cloud, resulting in 40% reduction in infrastructure costs and 20% increase in application performance
* Configured and managed cloud networking infrastructure, including VPCs, subnets, and security groups
* Developed and deployed automation scripts using Python, Node.js, and Bash to streamline cloud operations and reduce manual errors
* Collaborated with cross-functional teams to design and implement cloud-based solutions, resulting in improved collaboration and reduced project timelines

Senior Cloud Engineer, DEF Consulting (2015-2018)

* Led a team of cloud engineers in designing and implementing cloud infrastructure for multiple clients, resulting in 50% reduction in costs and 30% increase in scalability
* Developed and taught cloud computing training courses for clients and internal teams, resulting in improved cloud adoption and reduced training costs
* Designed and implemented cloud security solutions, including identity and access management, encryption, and monitoring
* Collaborated with clients to design and implement cloud-based solutions, resulting in improved collaboration and reduced project timelines

Education:

* Bachelor of Science in Computer Science, XYZ University (2010-2014)

Certifications:

* AWS Certified Solutions Architect - Associate
* Azure Certified Solutions Architect
* Google Cloud Certified - Professional Cloud Developer

Achievements:

* Winner of the 2019 AWS Cloud Solutions Architect competition
* Speaker at the 2018 AWS re:Invent conference
* Featured in the 2020 Cloud Computing magazine as a ""Cloud Computing Expert to Watch""
* Published multiple blog posts and articles on cloud computing best practices and trends

References:
Available upon request.","Jessica Mcdonald
Cloud Engineer

Contact Information:

* Email: [jessicamcdonald@email.com](mailto:jessicamcdonald@email.com)
* Phone: 123-456-7890
* LinkedIn: linkedin.com/in/jessicamcdonald

Summary:
Highly motivated and experienced Cloud Engineer with a strong background in Cloud Cost Optimization, Serverless Architecture, and Cloud Networking. Proven track record of delivering scalable, secure, and cost-effective cloud solutions for enterprise-level organizations. Skilled in multiple cloud platforms, including AWS and Azure. Seeking a challenging role that leverages my technical expertise and passion for cloud computing.

Technical Skills:

* Cloud Platforms: AWS (EC2, S3, Lambda, CloudFormation), Azure (VMs, Storage, Networking)
* Cloud Cost Optimization: Cost estimation, rightsizing, and cost savings
* Serverless Architecture: Design, deployment, and management of serverless applications
* Cloud Networking: VPCs, Subnets, Routes, Security Groups, Load Balancers
* Programming Languages: Python, Java, C#
* Tools: Terraform, CloudFormation, AWS CLI, Azure CLI

Professional Experience:

Cloud Engineer, ABC Corporation (2020-Present)

* Designed and deployed multiple serverless applications on AWS, resulting in 30% reduction in costs
* Optimized cloud infrastructure for a large enterprise client, reducing costs by 25% and improving performance by 20%
* Collaborated with cross-functional teams to implement cloud-based solutions, ensuring seamless integration with existing systems
* Provided technical guidance and support to development teams on cloud-related matters

Senior Cloud Engineer, DEF Startups (2018-2020)

* Led the development of a cloud-based platform on Azure, resulting in a 40% increase in revenue
* Designed and implemented cloud networking solutions, ensuring high availability and scalability
* Conducted cloud cost optimization workshops for clients, resulting in an average cost savings of 20%
* Mentored junior engineers on cloud computing concepts and best practices

Education:

* Bachelor of Science in Computer Science, XYZ University (2015-2019)

Certifications:

* AWS Certified Solutions Architect - Associate
* AWS Certified Developer - Associate
* Azure Certified Solutions Engineer - Associate

Achievements:

* Winner of the AWS re:Invent 2019 Hackathon, ""Cloud Cost Optimization Challenge""
* Featured speaker at the 2020 Cloud Computing Conference, ""Serverless Architecture for Scalable Applications""
* Published author on cloud computing topics, including ""Cloud Cost Optimization Best Practices"" and ""Serverless Architecture for Enterprise Applications""

References:
Available upon request."
"If you're passionate about software engineering, we need your expertise to help us deliver impactful products as a Data Scientist.","Brooke Austin
Contact Information:

* Email: [brooke.austin@email.com](mailto:brooke.austin@email.com)
* Phone: 555-555-5555
* LinkedIn: linkedin.com/in/brookeaustin
* GitHub: github.com/brookeaustin

Professional Summary:

Highly motivated and detail-oriented Data Scientist with expertise in Python, Statistics, Deep Learning, and SQL. Proven track record of delivering data-driven insights to drive business growth and improvement. Skilled in developing and deploying predictive models, data visualization, and statistical analysis. Passionate about leveraging data to tell stories and drive decision-making.

Technical Skills:

* Programming languages: Python, R, SQL
* Machine learning: Scikit-learn, TensorFlow, PyTorch
* Deep learning: Keras, Theano
* Data visualization: Matplotlib, Seaborn, Plotly
* Statistics: Hypothesis testing, confidence intervals, regression analysis
* Databases: MySQL, PostgreSQL
* Operating Systems: Windows, Linux

Professional Experience:

Data Scientist, ABC Corporation (2020-Present)

* Developed and deployed predictive models using Python and Scikit-learn to predict customer churn and improve sales forecasting
* Designed and implemented data visualization dashboards using Tableau to communicate insights to stakeholders
* Collaborated with cross-functional teams to integrate data science into business decision-making
* Built and maintained databases using MySQL and PostgreSQL to support data analysis
* Conducted statistical analysis and hypothesis testing to understand customer behavior and preferences

Data Analyst, DEF Startups (2018-2020)

* Analyzed and visualized large datasets using Python and Pandas to identify trends and patterns
* Developed and maintained reports using SQL and Tableau to track key performance indicators
* Worked with stakeholders to design and implement data-driven solutions to business problems
* Built and maintained databases using MySQL and PostgreSQL to support data analysis

Education:

* Master of Science in Data Science, XYZ University (2018)
	+ Coursework: Machine learning, deep learning, natural language processing, data visualization
	+ Thesis: ""Applying Deep Learning to Predict Customer Churn""
* Bachelor of Science in Statistics, ABC University (2016)

Achievements:

* Winner, ABC Corporation Hackathon (2020)
	+ Developed and deployed a predictive model using Python and Scikit-learn to predict customer churn
	+ Presented insights to stakeholders and won first prize
* Published Research Paper, Journal of Data Science (2019)
	+ Co-authored a paper on applying deep learning to predict customer churn
	+ Presented research at an international conference

Certifications:

* Certified Data Scientist, Data Science Council of America (2019)
* Certified Analytics Professional, Institute for Operations Research and the Management Sciences (2018)

References:

Available upon request.","Matthew Savage
Data Scientist

Contact Information:

* Email: [matthew.savage@email.com](mailto:matthew.savage@email.com)
* Phone: (123) 456-7890
* LinkedIn: linkedin.com/in/matthewsavage

Professional Summary:

Highly motivated and detail-oriented Data Scientist with 5+ years of experience in developing and deploying machine learning models, data visualization dashboards, and data pipelines using Python, SQL, and various libraries. Proven track record of driving business growth through data-driven insights and recommendations. Skilled in leading cross-functional teams to achieve project goals and objectives.

Technical Skills:

* Programming languages: Python, R, SQL
* Machine Learning: Scikit-learn, TensorFlow, PyTorch
* Deep Learning: Keras, Theano
* Data Visualization: Matplotlib, Seaborn, Plotly, D3.js
* Data Storage: MySQL, PostgreSQL, MongoDB
* Operating Systems: Windows, Linux, macOS
* Agile Methodologies: Scrum, Kanban

Professional Experience:

Senior Data Scientist, ABC Company (2020-Present)

* Led a team of 3 data scientists to develop and deploy a predictive maintenance model using LSTM and PyTorch, resulting in 25% reduction in maintenance costs
* Designed and implemented a data visualization dashboard using Plotly and D3.js to track key performance indicators, leading to a 30% increase in user adoption
* Collaborated with stakeholders to identify business opportunities and develop data-driven recommendations, resulting in a 15% increase in sales revenue
* Developed and maintained a data pipeline using Apache Beam and Spark, processing 10TB of data per day

Data Scientist, DEF Startup (2018-2020)

* Built and deployed a recommender system using matrix factorization and Scikit-learn, resulting in a 20% increase in user engagement
* Designed and implemented a data visualization dashboard using Matplotlib and Seaborn to track key performance indicators, leading to a 25% increase in user adoption
* Collaborated with stakeholders to identify business opportunities and develop data-driven recommendations, resulting in a 10% increase in sales revenue
* Developed and maintained a data pipeline using Apache Spark and Hadoop, processing 1TB of data per day

Education:

* Master of Science in Data Science, XYZ University (2018)
* Bachelor of Science in Computer Science, ABC University (2015)

Certifications:

* Certified Data Scientist, Data Science Council of America (2019)
* Certified Scrum Master, Scrum Alliance (2018)

Projects:

* Predictive Maintenance Model: Developed a predictive maintenance model using LSTM and PyTorch, which predicted equipment failures with an accuracy of 95%
* Recommender System: Built a recommender system using matrix factorization and Scikit-learn, which recommended products with an accuracy of 80%
* Data Visualization Dashboard: Designed and implemented a data visualization dashboard using Plotly and D3.js, which tracked key performance indicators and led to a 30% increase in user adoption

References:

Available upon request."
"Help us build the next-generation products as a Data Scientist and work with a dynamic, cross-functional team.","Lori Chavez
Data Scientist

Contact Information:

* Email: [lori.chavez@email.com](mailto:lori.chavez@email.com)
* Phone: 555-555-5555
* LinkedIn: linkedin.com/in/lorichavez
* GitHub: github.com/lorichavez

Summary:
Highly motivated and detail-oriented Data Scientist with 5+ years of experience in machine learning, statistics, and data visualization. Skilled in Python, TensorFlow, and SQL, with a strong background in statistical modeling and data analysis. Proven track record of delivering high-impact projects that drive business growth and improvement.

Technical Skills:

* Programming languages: Python, R
* Machine learning frameworks: TensorFlow, scikit-learn
* Databases: SQL, NoSQL
* Data visualization tools: Tableau, Matplotlib, Seaborn
* Operating Systems: Windows, Linux, macOS

Professional Experience:

Data Scientist, XYZ Corporation (2018-Present)

* Developed and deployed machine learning models using TensorFlow to predict customer churn and improve customer retention
* Designed and implemented data visualization dashboards using Tableau to communicate insights to stakeholders
* Collaborated with cross-functional teams to integrate data science into business decision-making
* Improved data quality and reduced data latency by 30% through data engineering and data quality initiatives

Senior Data Analyst, ABC Startups (2015-2018)

* Analyzed large datasets using SQL and Python to inform business strategy and drive growth
* Built and maintained data pipelines using Apache Beam and Apache Spark
* Created data visualizations using Matplotlib and Seaborn to communicate findings to non-technical stakeholders
* Developed and maintained statistical models using R and Python to predict customer behavior and improve marketing campaigns

Education:

* Master of Science in Statistics, University of California, Berkeley (2015)
* Bachelor of Science in Mathematics, University of California, Los Angeles (2013)

Achievements:

* Best Paper Award, International Conference on Machine Learning (2019) for paper titled ""Deep Learning for Customer Churn Prediction""
* Featured Speaker, Data Science Conference (2018) for talk titled ""Applying Machine Learning to Business Problems""
* Published in leading data science journal, Journal of Machine Learning Research (2017) for paper titled ""A Survey of Deep Learning Methods for Time Series Forecasting""

Certifications:

* Certified Data Scientist, Data Science Council of America (2019)
* Certified Analytics Professional, Institute for Operations Research and the Management Sciences (2016)

References:
Available upon request.","John Johns
Contact Information:

* Email: [john.johns@email.com](mailto:john.johns@email.com)
* Phone: (555) 123-4567
* LinkedIn: linkedin.com/in/johnjohnsds
* GitHub: github.com/johnjohnsds

Professional Summary:
Highly motivated and detail-oriented Data Scientist with 5+ years of experience in developing and deploying machine learning models using Python and TensorFlow. Proven track record of driving business growth through data-driven insights and recommendations. Skilled in SQL, data visualization, and statistical modeling.

Technical Skills:

* Programming languages: Python, SQL
* Machine Learning frameworks: TensorFlow, scikit-learn
* Deep learning frameworks: TensorFlow, Keras
* Data visualization tools: Matplotlib, Seaborn, Tableau
* Operating Systems: Windows, Linux
* Familiarity with cloud platforms: AWS, Google Cloud

Professional Experience:

* Senior Data Scientist, ABC Company (2020-Present)
	+ Developed and deployed predictive models using TensorFlow and scikit-learn to drive business growth
	+ Collaborated with cross-functional teams to design and implement data-driven solutions
	+ Built and maintained large-scale databases using SQL and NoSQL databases
	+ Created data visualizations and reports using Tableau to communicate insights to stakeholders
	+ Mentored junior data scientists and engineers to improve team performance and knowledge sharing
* Data Scientist, DEF Company (2018-2020)
	+ Worked on a team to develop and deploy a natural language processing model using TensorFlow and Keras
	+ Analyzed and interpreted large datasets to identify trends and insights
	+ Created data visualizations and reports to communicate findings to stakeholders
	+ Collaborated with engineers to integrate machine learning models into production environments
* Data Analyst, GHI Company (2015-2018)
	+ Analyzed and interpreted large datasets to identify trends and insights
	+ Created data visualizations and reports to communicate findings to stakeholders
	+ Developed and maintained databases using SQL and NoSQL databases
	+ Collaborated with business stakeholders to design and implement data-driven solutions

Education:

* Bachelor's Degree in Computer Science, XYZ University (2015)
	+ Coursework: Machine Learning, Deep Learning, Natural Language Processing, Data Mining, Database Systems

Achievements:

* Publication: ""Deep Learning for Image Classification"" (Journal of Machine Learning Research, 2020)
* Awards:
	+ Winner, ABC Company's Data Science Competition (2020)
	+ Winner, DEF Company's Hackathon (2019)
* Certifications:
	+ Certified Data Scientist, Data Science Council of America (2019)
	+ Certified Machine Learning Engineer, Machine Learning Certification Board (2018)

References:
Available upon request."
"If you're passionate about AI research, we need your expertise to help us deliver impactful products as a System Administrator.","Gina Nixon
System Administrator

Contact Information:

* Address: 123 Main St, Anytown, USA 12345
* Phone: (555) 555-5555
* Email: [ginanixon@email.com](mailto:ginanixon@email.com)
* LinkedIn: linkedin.com/in/ginanixon

Summary:
Highly skilled and experienced System Administrator with expertise in Linux/Unix, Windows Server, Active Directory, Networking, and Virtualization. Proven track record of successfully implementing and maintaining complex IT systems, ensuring high uptime and availability. Proficient in troubleshooting, problem-solving, and communication with technical teams.

Technical Skills:

* Operating Systems: Linux (Red Hat, Ubuntu), Unix (Solaris, AIX), Windows Server (2008-2019)
* Directory Services: Active Directory, OpenLDAP
* Networking: TCP/IP, DNS, DHCP, VPN, Firewall (Cisco, Juniper)
* Virtualization: VMware, Hyper-V, KVM
* Scripting: Bash, Python, PowerShell
* Cloud: AWS, Azure
* Security: Firewall configuration, Access Control Lists (ACLs), Encryption

Professional Experience:

System Administrator, XYZ Corporation (2018-Present)

* Manage and maintain multiple Linux and Windows Server environments, ensuring high uptime and availability
* Design and implement network infrastructure, including switches, routers, and firewalls
* Configure and manage Active Directory, ensuring secure authentication and authorization
* Troubleshoot and resolve complex technical issues, collaborating with technical teams
* Develop and implement scripts to automate tasks, improve efficiency, and reduce errors

Senior System Administrator, ABC Company (2015-2018)

* Led a team of junior administrators, providing guidance, mentoring, and support
* Designed and implemented a virtualization infrastructure using VMware and Hyper-V
* Configured and managed a secure network, including firewalls, VPN, and access control lists
* Developed and implemented a disaster recovery plan, ensuring business continuity

Education:

* Bachelor of Science in Computer Science, [University Name] (2010-2014)

Certifications:

* CompTIA A+, Network+, Security+
* Microsoft Certified: Windows Server 2016 Administrator
* Red Hat Certified Engineer (RHCE)

Achievements:

* Successfully implemented a Linux-based infrastructure for a high-availability web application, resulting in 99.99% uptime
* Designed and implemented a VPN solution for remote access, reducing security risks and increasing productivity
* Collaborated with development teams to improve deployment efficiency, reducing deployment time by 50%

References:
Available upon request.","Matthew Rogers
System Administrator

Contact Information:

* Phone: (123) 456-7890
* Email: [matthew.rogers@email.com](mailto:matthew.rogers@email.com)
* LinkedIn: linkedin.com/in/matthewrogers
* Address: 123 Main Street, Anytown, USA 12345

Summary:

Highly skilled and experienced System Administrator with 5+ years of experience in managing and maintaining large-scale IT environments. Proficient in Active Directory, Networking, Virtualization, and System Monitoring. Proven track record of improving system uptime, reducing downtime, and enhancing overall IT infrastructure. Seeking a challenging role as a System Administrator where I can utilize my skills to drive business success.

Technical Skills:

* Operating Systems: Windows Server 2012/2016/2019, Windows 10
* Active Directory: Design, implementation, and management
* Networking: Cisco routers, switches, and firewalls
* Virtualization: VMware ESXi, Microsoft Hyper-V
* System Monitoring: SCOM, Nagios, Splunk
* Scripting: PowerShell, Bash
* Cloud Services: Microsoft Azure, Amazon Web Services

Professional Experience:

Senior System Administrator, ABC Corporation (2018-Present)

* Managed and maintained a large-scale Windows Server 2016 environment with over 10,000 users
* Designed and implemented an Active Directory infrastructure with multi-site replication and high-availability
* Implemented a VMware ESXi virtualization environment with over 500 virtual machines
* Utilized SCOM to monitor system performance and uptime, reducing downtime by 30%
* Collaborated with IT teams to implement a cloud-based backup solution using Microsoft Azure

System Administrator, DEF Company (2015-2018)

* Managed and maintained a Windows Server 2012 environment with over 5,000 users
* Implemented a Cisco networking infrastructure with routers, switches, and firewalls
* Utilized Nagios to monitor system performance and uptime, reducing downtime by 20%
* Collaborated with IT teams to implement a virtualization environment using Microsoft Hyper-V
* Designed and implemented a system monitoring solution using Splunk

Education:

* Bachelor's Degree in Computer Science, XYZ University (2010-2014)

Certifications:

* Microsoft Certified System Administrator (MCSA) Windows Server 2012
* Cisco Certified Network Associate (CCNA) Routing and Switching
* VMware Certified Professional (VCP) on vSphere 6.0

Achievements:

* Improved system uptime by 30% through proactive monitoring and maintenance
* Reduced downtime by 20% through effective incident management and resolution
* Designed and implemented a cloud-based backup solution using Microsoft Azure, reducing backup time by 50%
* Collaborated with IT teams to implement a virtualization environment using VMware ESXi, reducing hardware costs by 20%

References:

Available upon request."
We need a Digital Marketing Specialist to enhance our team's technical capabilities and contribute to solving complex scalable solutions.,"Brittany Cox
Contact Information:

* Phone: (123) 456-7890
* Email: [brittanycox@email.com](mailto:brittanycox@email.com)
* LinkedIn: linkedin.com/in/brittanycox
* Website: brittanycox.marketing

Professional Summary:
Results-driven digital marketing specialist with 5+ years of experience in driving online growth through SEO, Google Ads, Social Media Marketing, and Email Marketing. Proven track record of improving website traffic, increasing brand awareness, and boosting conversions. Skilled in leveraging analytics tools to inform data-driven marketing strategies.

Work Experience:

Digital Marketing Specialist
 XYZ Corporation (2018-Present)

* Developed and executed comprehensive digital marketing strategies across multiple channels, resulting in a 30% increase in website traffic and a 25% increase in lead generation
* Managed and optimized Google Ads campaigns, achieving a 50% reduction in cost per click (CPC) and a 25% increase in conversion rate
* Created and implemented social media marketing campaigns across Facebook, Instagram, Twitter, and LinkedIn, resulting in a 200% increase in followers and a 50% increase in engagement
* Conducted A/B testing and email marketing campaigns to optimize email open rates, click-through rates, and conversion rates, resulting in a 20% increase in email engagement
* Analyzed website analytics data to inform data-driven marketing decisions, including SEO optimization and content creation strategies

Digital Marketing Coordinator
 ABC Agency (2015-2018)

* Assisted in the development and implementation of digital marketing campaigns across multiple channels, resulting in a 15% increase in website traffic and a 10% increase in lead generation
* Managed and optimized social media marketing campaigns, resulting in a 50% increase in followers and a 20% increase in engagement
* Conducted email marketing campaigns to promote products and services, resulting in a 15% increase in email open rates and a 10% increase in conversion rates
* Assisted in the analysis of website analytics data to inform marketing decisions, including SEO optimization and content creation strategies

Education:

* Bachelor's Degree in Marketing, [Name of University] (2015)

Skills:

* SEO (Search Engine Optimization)
* Google Ads (formerly Google AdWords)
* Social Media Marketing (Facebook, Instagram, Twitter, LinkedIn)
* Email Marketing (Mailchimp, Constant Contact)
* Analytics Tools (Google Analytics, Google Tag Manager)
* Content Creation (blog writing, copywriting)
* Data Analysis ( Excel, Google Data Studio)

Certifications/Awards:

* Google Analytics Certification
* HubSpot Inbound Marketing Certification
* American Marketing Association (AMA) Certification
* Winner, [Name of Award] for Digital Marketing Excellence (2019)

References:
Available upon request.","Riley Sanchez
Digital Marketing Specialist

Contact Information:

* Phone: (123) 456-7890
* Email: [rileysanchez@email.com](mailto:rileysanchez@email.com)
* LinkedIn: linkedin.com/in/rileysanchez

Professional Summary:

Results-driven Digital Marketing Specialist with 5+ years of experience in search engine optimization (SEO), pay-per-click advertising (PPC), and content marketing. Proven track record of improving website traffic, increasing conversions, and driving business growth through data-driven strategies. Skilled in analytics tools, including Google Analytics and Google Search Console. Proficient in leading cross-functional teams to achieve marketing objectives.

Summary of Experience:

* Digital Marketing Specialist, XYZ Corporation (2018-Present)
	+ Developed and executed comprehensive SEO strategies to improve website rankings and drive organic traffic, resulting in a 50% increase in search engine traffic within 6 months.
	+ Managed Google Ads campaigns, achieving a 25% increase in conversions and a 15% reduction in cost-per-click (CPC) within 3 months.
	+ Created and implemented content marketing strategies, resulting in a 30% increase in social media engagement and a 20% increase in website traffic within 6 months.
	+ Analyzed website performance using Google Analytics and provided data-driven insights to inform marketing decisions.
* SEO Specialist, ABC Agency (2015-2018)
	+ Conducted thorough keyword research and created optimized content to improve website rankings, resulting in a 40% increase in search engine traffic within 9 months.
	+ Built and managed relationships with web developers and designers to ensure website optimization and accessibility.
	+ Collaborated with cross-functional teams to develop and implement content marketing strategies.

Key Skills:

* SEO (Keyword Research, On-Page Optimization, Link Building)
* Google Ads (Campaign Management, Ad Copywriting, Budgeting)
* Content Marketing (Blog Writing, Social Media Management, Email Marketing)
* Analytics Tools (Google Analytics, Google Search Console, Ahrefs)
* Team Leadership (Team Management, Communication, Collaboration)

Education:

* Bachelor of Science in Marketing, [University Name] (2015)

Certifications:

* Google Analytics Certification, Google (2017)
* HubSpot Inbound Marketing Certification, HubSpot (2018)

References:

Available upon request."
We need a IT Support Specialist to enhance our team's technical capabilities and contribute to solving complex scalable solutions.,"Justin Reynolds
Contact Information:

* Address: 123 Main St, Anytown, USA 12345
* Phone: (555) 555-5555
* Email: [justin.reynolds@email.com](mailto:justin.reynolds@email.com)
* LinkedIn: linkedin.com/in/justinreynolds

Professional Summary:
Highly motivated and experienced IT professional with a strong background in troubleshooting, hardware/software knowledge, and networking. Proven ability to quickly resolve complex technical issues and provide exceptional support to end-users. Skilled in a range of technologies and eager to bring expertise to a dynamic team as an IT Support Specialist.

Technical Skills:

* Operating Systems: Windows, macOS, Linux
* Hardware: Desktops, laptops, printers, servers
* Software: Microsoft Office, Adobe Creative Suite, antivirus software
* Networking: TCP/IP, DNS, DHCP, Wi-Fi
* Troubleshooting: Logical analysis, diagnostic tools, problem-solving
* IT Service Management: ITIL Foundation certification

Professional Experience:

* IT Support Specialist, ABC IT Solutions (2018-Present)
	+ Provide technical support to end-users via phone, email, and in-person
	+ Troubleshoot and resolve hardware, software, and network issues
	+ Install, configure, and maintain software and hardware
	+ Collaborate with senior technicians on complex issues
	+ Develop and maintain documentation for IT procedures and policies
* Help Desk Technician, DEF Corporation (2015-2018)
	+ Responded to and resolved technical issues via phone and email
	+ Provided on-site technical support for employees and clients
	+ Troubleshooted and repaired hardware and software issues
	+ Assisted with network and server administration

Achievements:

* Improved First Call Resolution (FCR) rates by 25% through effective troubleshooting and problem-solving skills
* Reduced mean time to resolve (MTTR) by 30% through efficient use of diagnostic tools and technical expertise
* Received recognition from senior management for outstanding customer service and technical support

Education:

* Associate's Degree in Computer Science, XYZ Community College (2015)
* CompTIA A+ Certification, CompTIA (2016)
* ITIL Foundation Certification, AXELOS (2019)

Certifications/Awards:

* CompTIA A+ Certification
* ITIL Foundation Certification
* Recipient of the ABC IT Solutions ""Rising Star"" award (2019)

References:
Available upon request.","Megan Wilson
Contact Information:

* Address: 123 Main St, Anytown, USA 12345
* Phone: (555) 555-5555
* Email: [mwilson@email.com](mailto:mwilson@email.com)
* LinkedIn: linkedin.com/in/meganwilson

Professional Summary:
Dedicated and detail-oriented IT professional with 5+ years of experience in hardware and software troubleshooting, networking, and ticketing systems. Proven track record of providing excellent customer service and resolving technical issues efficiently. Seeking an IT Support Specialist role where I can utilize my technical expertise to drive business success.

Technical Skills:

* Operating Systems: Windows, Linux, macOS
* Hardware: Desktops, Laptops, Printers, Scanners, Networking Devices
* Software: Microsoft Office, Helpdesk Software, Project Management Tools
* Networking: TCP/IP, DNS, DHCP, Firewall Configuration
* Ticketing Systems: ServiceNow, JIRA, BMC Helix

Professional Experience:

IT Support Specialist, XYZ Corporation (2018-Present)

* Provide technical support to employees via phone, email, and in-person assistance
* Troubleshoot hardware and software issues, including network connectivity, printer problems, and application crashes
* Manage and resolve technical incidents using ticketing system (ServiceNow)
* Collaborate with internal teams to resolve complex technical issues
* Develop and maintain technical documentation, including user guides and knowledge base articles
* Participate in on-call rotation to provide 24/7 support

IT Helpdesk Technician, ABC Company (2015-2018)

* Responded to technical requests from employees via phone, email, and in-person assistance
* Troubleshot and resolved technical issues, including hardware and software problems
* Managed and resolved technical incidents using ticketing system (JIRA)
* Assisted in the development and implementation of IT policies and procedures
* Provided training and support to new employees on IT systems and tools

Achievements:

* Improved first-call resolution rate by 25% through effective troubleshooting and technical expertise
* Reduced average incident resolution time by 30% through process improvements and efficient ticket management
* Implemented a knowledge base system, resulting in a 40% reduction in repeat technical issues
* Received multiple positive feedbacks from employees and management for excellent customer service and technical expertise

Education:

* Bachelor's Degree in Computer Science, Anytown University (2015)

Certifications:

* CompTIA A+ Certification (2016)
* CompTIA Network+ Certification (2017)

References:
Available upon request."
We are looking for an experienced Business Analyst to join our team and help drive groundbreaking solutions in software engineering.,"Diana Flores
Contact Information:

* Email: [dflores@email.com](mailto:dflores@email.com)
* Phone: 555-555-5555
* LinkedIn: linkedin.com/in/dianaflores

Summary:
Results-driven Business Analyst with 5+ years of experience in data analysis, SQL, and presentation skills. Proven track record of identifying business opportunities, developing data-driven solutions, and driving process improvements. Proficient in problem-solving and data visualization, with a strong passion for delivering high-quality results.

Professional Experience:

Business Analyst, XYZ Corporation (2018-Present)

* Collaborated with cross-functional teams to analyze business needs and develop data-driven solutions
* Utilized SQL to extract and analyze large datasets, identifying trends and insights to inform business decisions
* Created presentations and reports to communicate findings to senior leadership and stakeholders
* Developed and implemented process improvements, resulting in a 25% increase in efficiency and a 15% reduction in costs

Data Analyst, ABC Company (2015-2018)

* Collected and analyzed data from various sources, including databases and spreadsheets
* Developed and maintained complex SQL queries to extract and manipulate data
* Created visualizations and reports to communicate findings to stakeholders
* Collaborated with business leaders to identify areas for improvement and develop data-driven solutions

Education:

* Master of Science in Business Analytics, University of California (2015)
* Bachelor of Science in Computer Science, University of California (2013)

Skills:

* Data Analysis and Visualization
* SQL and Database Management
* Presentation and Report Writing
* Problem-Solving and Critical Thinking
* Collaboration and Communication

Achievements:

* Winner of the XYZ Corporation Data Analysis Competition (2019): Developed a data-driven solution to optimize supply chain management, resulting in a 10% reduction in costs
* Recipient of the ABC Company Excellence Award (2017): Recognized for outstanding contributions to data analysis and process improvement
* Published in the Journal of Business Analytics (2018): Authored a paper on the application of machine learning in business decision-making

Certifications:

* Certified Business Analyst (CBA), Business Analysis Certification Institute (2018)
* Certified Data Analyst (CDA), Data Science Council of America (2016)

References:
Available upon request.","Julie Nixon
Contact Information:

* Phone: (123) 456-7890
* Email: [julienixon@email.com](mailto:julienixon@email.com)
* LinkedIn: linkedin.com/in/julienixon

Professional Summary:

Results-driven Business Analyst with 8+ years of experience in requirement gathering, data analysis, and process improvement. Proven track record of delivering high-quality insights to stakeholders, driving business decisions, and implementing data-driven solutions. Skilled in SQL, data visualization, and agile methodologies.

Technical Skills:

* SQL (Microsoft SQL Server, Oracle)
* Data Analysis (Tableau, Power BI)
* Business Intelligence Tools (QlikView, SAP BusinessObjects)
* Agile Methodologies (Scrum, Kanban)
* Requirements Gathering (Interviews, Surveys, JAD Sessions)
* Data Visualization (Dashboards, Reports)
* Microsoft Office Suite (Excel, Word, PowerPoint)

Professional Experience:

Senior Business Analyst, ABC Corporation (2018-Present)

* Gathered and analyzed business requirements from stakeholders to identify process improvements and data-driven solutions
* Developed and maintained complex data models, including data warehousing and ETL processes
* Designed and implemented data visualizations to support business decisions, resulting in a 30% increase in sales
* Collaborated with cross-functional teams to prioritize and implement business requirements, reducing project timelines by 25%
* Mentored junior analysts to develop their skills in requirement gathering, data analysis, and data visualization

Business Analyst, DEF Consulting (2015-2018)

* Collected and analyzed business requirements to identify opportunities for process improvement and cost reduction
* Developed and maintained databases, including data modeling and ETL processes
* Created data visualizations to support business decisions, resulting in a 20% reduction in costs
* Collaborated with stakeholders to prioritize and implement business requirements, improving customer satisfaction by 15%

Education:

* Bachelor's Degree in Business Administration, XYZ University (2010-2014)

Certifications:

* Certified Business Analyst Professional (CBAP), International Institute of Business Analysis (IIBA)
* Certified Data Analyst, Data Science Council of America (DASCA)

Achievements:

* Business Intelligence Award, ABC Corporation (2020) - Recognized for delivering high-quality data visualizations that drove business decisions
* Process Improvement Award, DEF Consulting (2017) - Honored for identifying and implementing process improvements that reduced costs and improved customer satisfaction
* Data Analysis Competition, XYZ University (2014) - Awarded for developing and presenting a data analysis project that demonstrated business acumen and analytical skills

References:

Available upon request."
We're hiring a Data Scientist to develop and deliver high-quality solutions to transform our finance.,"Adam Brennan
Contact Information:

* Email: [adam.brennan@email.com](mailto:adam.brennan@email.com)
* Phone: (123) 456-7890
* LinkedIn: linkedin.com/in/adambrennan
* GitHub: github.com/adambrennan

Summary:
Highly motivated and detail-oriented data scientist with 5+ years of experience in statistical modeling, machine learning, and deep learning. Proven track record of developing and deploying predictive models that drive business value. Skilled in SQL, TensorFlow, and a range of programming languages. Passionate about working with large datasets and uncovering insights that inform business decisions.

Professional Experience:

* Senior Data Scientist, ABC Corporation (2018-Present)
	+ Led the development and deployment of predictive models for customer churn, revenue forecasting, and demand planning
	+ Collaborated with cross-functional teams to design and implement data-driven solutions that improved business outcomes
	+ Developed and maintained large-scale databases using SQL and data warehousing technologies
	+ Worked with TensorFlow to build and deploy deep learning models for image classification and natural language processing tasks
* Data Scientist, DEF Startups (2015-2018)
	+ Conducted statistical analysis and developed predictive models to inform product development and marketing strategies
	+ Worked closely with product managers to design and implement A/B testing and experimentation frameworks
	+ Built and maintained data pipelines using SQL and data integration tools
	+ Presented findings and recommendations to executive stakeholders and cross-functional teams

Education:

* Master of Science in Statistics, XYZ University (2015)
	+ Coursework: statistical inference, regression analysis, time series analysis, machine learning, and data mining
	+ Thesis: ""A Bayesian Approach to Predicting Customer Churn in the Telecommunications Industry""
* Bachelor of Science in Mathematics, ABC University (2010-2014)

Skills:

* Programming languages: Python, R, SQL, Java
* Machine learning frameworks: TensorFlow, scikit-learn, PyTorch
* Deep learning frameworks: TensorFlow, Keras
* Data warehousing and ETL tools: Amazon Redshift, Apache Spark, Apache Beam
* Database management: MySQL, PostgreSQL, MongoDB
* Operating Systems: Windows, Linux, macOS

Achievements:

* Developed and deployed a predictive model that reduced customer churn by 25% for a major telecommunications company
* Built and maintained a large-scale database that supported the analysis of over 1 billion customer interactions
* Collaborated with a team to design and implement a data-driven approach to demand planning that improved forecasting accuracy by 30%
* Published research on the application of Bayesian methods to customer churn prediction in a leading academic journal

Certifications:

* Certified Data Scientist, Data Science Council of America (2019)
* Certified Analytics Professional, Institute for Operations Research and the Management Sciences (2018)

References:
Available upon request.","Steven Crosby
Contact Information:

* Email: [steven.crosby@email.com](mailto:steven.crosby@email.com)
* Phone: (555) 123-4567
* LinkedIn: linkedin.com/in/stevencrosby

Professional Summary:

Highly motivated and detail-oriented Data Scientist with 5+ years of experience in developing and deploying predictive models using Python, Statistics, and Machine Learning. Proven track record of delivering data-driven insights and driving business growth. Skilled in data visualization, SQL, and statistical analysis. Strong passion for staying up-to-date with the latest advancements in AI and Deep Learning.

Technical Skills:

* Programming languages: Python, R
* Machine Learning libraries: scikit-learn, TensorFlow, PyTorch
* Deep Learning frameworks: Keras, Theano
* Data Visualization tools: Matplotlib, Seaborn, Tableau
* Database management: SQL, MongoDB
* Statistical analysis: Hypothesis testing, confidence intervals, regression analysis
* Operating Systems: Windows, Linux, macOS

Professional Experience:

Data Scientist, ABC Corporation (2018-Present)

* Developed and deployed multiple predictive models using Python and scikit-learn to forecast sales and customer churn
* Collaborated with cross-functional teams to identify business opportunities and create data-driven solutions
* Created interactive dashboards using Tableau to visualize key business metrics and drive decision-making
* Built and maintained a large dataset of customer interactions and transactions using SQL and MongoDB
* Published research papers on machine learning and deep learning techniques in top-tier conferences

Data Analyst, DEF Startups (2015-2018)

* Analyzed large datasets to identify trends and patterns using statistical methods and data visualization tools
* Created reports and presentations to communicate findings to stakeholders
* Developed and maintained databases using SQL and Excel
* Worked with the product team to design and implement A/B testing experiments
* Collaborated with the data engineering team to develop data pipelines and ETL processes

Education:

* Master of Science in Data Science, XYZ University (2015)
* Bachelor of Science in Statistics, ABC University (2013)

Achievements:

* Winner, ABC Corporation's Data Science Competition (2019): Developed a predictive model using Python and scikit-learn that outperformed industry benchmarks
* Published author, Journal of Machine Learning Research (2018): Published a research paper on deep learning techniques for image classification
* Recipient, DEF Startups' Data Analysis Award (2017): Recognized for exceptional work in data analysis and visualization

Certifications:

* Certified Data Scientist, Data Science Council of America (2019)
* Certified Business Analyst, Institute of Business Analysis (2016)

References:

Available upon request."
We're seeking a talented Data Architect to work on AI model development and bring new ideas to life.,"Steven Ho
Contact Information:

* Address: 123 Main St, Anytown, USA 12345
* Phone: (555) 555-5555
* Email: [stevenho@email.com](mailto:stevenho@email.com)
* LinkedIn: linkedin.com/in/stevenho

Summary:
Highly accomplished Data Architect with 8+ years of experience in designing, implementing, and maintaining large-scale data systems. Skilled in Data Modeling, Big Data, Cloud Data Solutions, and Database Design. Proven track record of delivering complex projects on time and on budget. Strong leadership and collaboration skills, with the ability to drive business value through data-driven insights.

Professional Experience:

Senior Data Architect, ABC Corporation (2018-Present)

* Lead the design, implementation, and maintenance of large-scale data systems, including data warehouses, data lakes, and data pipelines
* Collaborate with cross-functional teams to identify business requirements and design data solutions that meet business needs
* Develop and maintain data models, data dictionaries, and data governance policies
* Design and implement cloud-based data solutions using AWS, Azure, and Google Cloud
* Ensure data quality, security, and compliance with regulatory requirements

Data Architect, DEF Company (2015-2018)

* Designed and implemented a data warehouse solution using Oracle and Teradata, resulting in a 30% increase in business insights and a 25% reduction in costs
* Collaborated with data scientists to develop predictive models using machine learning algorithms and big data analytics
* Developed and maintained data governance policies and procedures to ensure data quality and compliance

Education:

* Bachelor's Degree in Computer Science, XYZ University (2010-2014)

Certifications:

* Certified Data Architect (CDA), Data Science Council of America (2018)
* Certified Big Data Architect (CBDA), Big Data Council (2016)
* Certified Cloud Data Architect (CCDA), Cloud Data Council (2015)

Skills:

* Data Modeling: ERwin, PowerDesigner, Oracle Data Modeler
* Big Data: Hadoop, Spark, NoSQL databases (e.g. MongoDB, Cassandra)
* Cloud Data Solutions: AWS, Azure, Google Cloud
* Database Design: Oracle, Teradata, MySQL
* Data Governance: Data quality, data security, data compliance
* Programming languages: Java, Python, SQL

Achievements:

* Winner of the ABC Corporation's ""Innovation Award"" for developing a cloud-based data solution that reduced costs by 30%
* Published a paper on ""Cloud-Based Data Architecture for Big Data Analytics"" in the Journal of Big Data
* Presented a keynote speech on ""Data Governance in the Cloud"" at the annual Data Science Conference

Professional Memberships:

* Member, Data Science Council of America
* Member, Big Data Council
* Member, Cloud Data Council

References:
Available upon request.","Juan Larson
Data Architect

Contact Information:

* Email: [juan.larson@email.com](mailto:juan.larson@email.com)
* Phone: 555-555-5555
* LinkedIn: linkedin.com/in/juanlarson

Summary:

Highly skilled Data Architect with 8+ years of experience in designing and implementing data-driven solutions. Proven expertise in Data Modeling, Data Integration, Big Data, ETL Tools, and Database Design. Strong passion for leveraging data to drive business growth and improvement. Proficient in leading cross-functional teams to deliver complex data projects on time and within budget.

Technical Skills:

* Data Modeling: Entity-Relationship Diagrams, Data Warehousing, Dimensional Modeling
* Data Integration: ETL (Informatica), Data Virtualization, APIs, Web Services
* Big Data: Hadoop, Spark, NoSQL Databases (MongoDB, Cassandra)
* Database Design: Relational Databases (Oracle, SQL Server), Database Administration
* ETL Tools: Informatica, Talend, DataStage
* Programming Languages: Java, Python, SQL

Professional Experience:

Senior Data Architect, ABC Corporation (2018-Present)

* Designed and implemented a data warehouse solution using Informatica PowerCenter and Oracle Database for a leading retail client, resulting in a 30% increase in sales forecasting accuracy
* Led a team of 3 data engineers to develop a real-time data integration solution using Apache Kafka and Spark Streaming, achieving a 99.9% uptime and 25% reduction in data latency
* Collaborated with business stakeholders to develop a data governance framework, improving data quality and accessibility by 40%

Data Architect, DEF Startups (2015-2018)

* Designed and implemented a Big Data analytics platform using Apache Hadoop and Spark for a leading fintech startup, resulting in a 50% increase in customer engagement and retention
* Developed and executed a data integration strategy using ETL tools and APIs, improving data accuracy and reducing data latency by 50%
* Worked with cross-functional teams to develop a data-driven product roadmap, resulting in a 25% increase in revenue growth

Education:

* Bachelor's Degree in Computer Science, XYZ University (2010-2014)

Achievements:

* Certified Data Architect, Data Architecture Association (2016)
* Certified Hadoop Developer, Hortonworks (2017)
* Published articles on data architecture and big data in industry leading publications

Certifications:

* Certified Data Architect, Data Architecture Association
* Certified Hadoop Developer, Hortonworks

References:

Available upon request."
Looking for an experienced E-commerce Specialist to join us in driving strategic initiatives and bringing innovation to education.,"Carol Hood
E-commerce Specialist

Contact Information:

* Email: [carol.hood@email.com](mailto:carol.hood@email.com)
* Phone: 555-555-5555
* LinkedIn: linkedin.com/in/carolhood

Summary:
Results-driven e-commerce specialist with 8+ years of experience in SEO, online advertising, and analytics. Proven track record of driving revenue growth and improving online presence for e-commerce businesses. Skilled in keyword research, link building, paid advertising, and data analysis.

Professional Experience:

E-commerce Marketing Manager, ABC Online Retailer (2018-Present)

* Developed and executed comprehensive SEO strategies to improve search engine rankings and drive organic traffic, resulting in 25% increase in online sales
* Managed and optimized online advertising campaigns across Google Ads, Facebook Ads, and Instagram Ads, yielding 30% increase in conversion rates
* Conducted A/B testing and analytics to inform data-driven decisions, improving website conversion rates by 20%
* Collaborated with cross-functional teams to launch new product lines and promotions, resulting in 15% increase in sales

SEO Specialist, DEF Digital Agency (2015-2018)

* Conducted keyword research and optimized website content to improve search engine rankings, resulting in 50% increase in organic traffic
* Built and maintained high-quality backlinks through outreach and content creation, improving domain authority by 30%
* Analyzed website analytics to identify areas for improvement, implementing fixes that resulted in 25% decrease in bounce rate
* Trained and mentored junior team members on SEO best practices and industry trends

Education:

* Bachelor's Degree in Marketing, XYZ University (2010-2014)

Skills:

* SEO (keyword research, on-page optimization, link building)
* Online advertising (Google Ads, Facebook Ads, Instagram Ads)
* Analytics (Google Analytics, Adobe Analytics)
* Content creation (blog writing, social media management)
* Project management (Asana, Trello)
* Data analysis and interpretation

Achievements:

* Awarded ""SEO Specialist of the Year"" by DEF Digital Agency (2017)
* Featured speaker at ""E-commerce Summit"" (2019)
* Published articles on e-commerce and digital marketing in industry publications (2018-2020)

Certifications:

* Google Analytics Certification (2016)
* Google Ads Certification (2015)
* HubSpot Inbound Marketing Certification (2014)

References:
Available upon request.","Michael Mitchell
E-commerce Specialist

Contact Information:

* Phone: (555) 123-4567
* Email: [mmitchell@email.com](mailto:mmitchell@email.com)
* LinkedIn: linkedin.com/in/michaelmitchell

Professional Summary:
Results-driven E-commerce Specialist with 5+ years of experience in product listing, inventory management, SEO, online advertising, and customer service. Proven track record of increasing online sales, improving website visibility, and enhancing customer satisfaction. Skilled in leveraging digital marketing strategies to drive business growth and success.

Technical Skills:

* E-commerce platforms: Shopify, WooCommerce, BigCommerce
* Inventory management: TradeGecko, Zoho Inventory
* SEO tools: Google Analytics, Ahrefs, SEMrush
* Online advertising: Google Ads, Facebook Ads
* Customer service software: Zendesk, Freshdesk

Work Experience:

E-commerce Specialist
ABC E-commerce Company (2018-Present)

* Manage product listings across multiple channels, ensuring accuracy and consistency
* Develop and implement SEO strategies to improve website visibility and drive organic traffic
* Analyze website performance using Google Analytics and adjust marketing strategies accordingly
* Collaborate with customer service team to resolve customer complaints and improve overall customer experience
* Increase online sales by 25% through targeted online advertising campaigns

E-commerce Coordinator
DEF Retail Company (2015-2018)

* Assisted in managing inventory levels and ensuring timely order fulfillment
* Created and implemented online advertising campaigns to drive website traffic and sales
* Provided excellent customer service through email, phone, and chat support
* Improved customer satisfaction ratings by 15% through proactive issue resolution
* Processed and fulfilled online orders, ensuring timely and accurate shipping

Education:

* Bachelor's Degree in Business Administration, XYZ University (2015)

Certifications:

* Google Analytics Certification
* HubSpot Inbound Marketing Certification

Achievements:

* Increased website traffic by 50% through targeted SEO and online advertising efforts
* Improved average order value by 12% through optimized product listings and customer segmentation
* Reduced customer complaints by 20% through proactive issue resolution and exceptional customer service
* Developed and implemented a comprehensive product listing strategy, resulting in a 25% increase in online sales

References:
Available upon request."
We're seeking a talented System Administrator to work on enterprise software development and bring new ideas to life.,"Jamie Thompson
Contact Information:

* Phone: (123) 456-7890
* Email: [jthompson@email.com](mailto:jthompson@email.com)
* LinkedIn: linkedin.com/in/jamie-thompson

Summary:
Highly motivated and experienced System Administrator with a strong background in Windows Server, Active Directory, and Networking. Proven ability to design, implement, and manage complex network infrastructures. Skilled in troubleshooting and problem-solving, with excellent communication and collaboration skills.

Professional Experience:

System Administrator, XYZ Corporation (2018-Present)

* Design, implement, and manage Windows Server 2016 and 2019 environments, including Active Directory, DNS, DHCP, and Group Policy.
* Configure and troubleshoot networking equipment, including routers, switches, and firewalls.
* Provide technical support and guidance to end-users, including troubleshooting and resolving technical issues.
* Collaborate with IT team to design and implement disaster recovery and business continuity plans.
* Managed and maintained system documentation, including configuration files, network diagrams, and technical documentation.

Network Administrator, ABC Inc. (2015-2018)

* Installed, configured, and managed Windows Server 2012 and 2016 environments, including Active Directory, DNS, and DHCP.
* Designed and implemented network architectures, including LAN, WAN, and VPN configurations.
* Provided technical support and training to end-users, including network protocols and security best practices.
* Collaborated with IT team to implement and manage security policies, including firewall rules and access controls.

Education:

* Bachelor of Science in Computer Science, [University Name] (2015)

Certifications:

* Microsoft Certified: Azure Administrator Associate, Microsoft Corporation (2020)
* CompTIA Network+, CompTIA (2018)
* CompTIA A+, CompTIA (2015)

Achievements:

* Improved network uptime by 30%, resulting in increased productivity and efficiency for end-users.
* Reduced help desk tickets by 25%, through effective troubleshooting and technical support.
* Designed and implemented a disaster recovery plan, resulting in minimal downtime and reduced data loss.

Skills:

* Windows Server 2016 and 2019
* Active Directory
* Networking fundamentals (TCP/IP, DNS, DHCP, etc.)
* Cisco networking equipment (routers, switches, firewalls)
* Microsoft Azure
* Scripting languages (PowerShell, batch scripting)
* Troubleshooting and problem-solving
* Excellent communication and collaboration skills

References:
Available upon request.","Lindsey Chavez
System Administrator

Contact Information:

* Email: [lindsey.chavez@email.com](mailto:lindsey.chavez@email.com)
* Phone: (555) 123-4567
* LinkedIn: linkedin.com/in/lindseychavez

Summary:
Highly motivated and detail-oriented System Administrator with 5+ years of experience in managing and maintaining complex IT infrastructures. Skilled in Linux/Unix, Windows Server, Networking, Virtualization, and System Monitoring. Proven track record of successfully implementing and optimizing systems to improve efficiency and reliability.

Professional Experience:

Senior System Administrator, ABC Corporation (2018 - Present)

* Managed and maintained a large-scale Linux/Unix environment with over 500 servers, ensuring high uptime and availability.
* Designed and implemented a virtualization infrastructure using VMware, resulting in a 30% reduction in hardware costs.
* Developed and implemented system monitoring tools using Nagios and Prometheus, providing real-time insights into system performance and resource utilization.
* Collaborated with the IT team to implement a new Windows Server environment, ensuring seamless integration with existing systems.
* Provided Tier 2 support for the IT help desk, resolving complex technical issues and escalations.

System Administrator, DEF Healthcare (2015 - 2018)

* Managed and maintained a mix of Linux/Unix and Windows Server environments, ensuring high uptime and availability.
* Implemented a network segmentation project using VLANs and access control lists, resulting in a 20% reduction in network traffic.
* Developed and implemented a system monitoring tool using SolarWinds, providing real-time insights into system performance and resource utilization.
* Collaborated with the IT team to implement a new virtualization infrastructure using VMware, resulting in a 25% reduction in hardware costs.
* Provided Tier 1 support for the IT help desk, resolving basic technical issues and providing assistance to users.

Education:

* Bachelor of Science in Computer Science, XYZ University (2015)

Certifications:

* CompTIA Server+ Certification
* CompTIA Network+ Certification
* VMware VCP-DCV Certification
* Linux+ Certification

Skills:

* Linux/Unix (Red Hat, Ubuntu, CentOS)
* Windows Server (2008, 2012, 2016)
* Networking (Cisco, Juniper)
* Virtualization (VMware, Hyper-V)
* System Monitoring (Nagios, Prometheus, SolarWinds)
* Scripting (Bash, PowerShell)
* Cloud platforms (AWS, Azure)

Achievements:

* Successfully implemented a disaster recovery plan, resulting in a 99.9% uptime for a critical business application.
* Designed and implemented a high-availability cluster using Linux/Unix, resulting in a 99.99% uptime for a critical business application.
* Developed and implemented a system monitoring tool using Nagios, resulting in a 25% reduction in mean time to detect (MTTD) and mean time to resolve (MTTR).

References:
Available upon request."
We need a Blockchain Developer to enhance our team's technical capabilities and contribute to solving complex business challenges.,"Joe Shepard
Blockchain Developer

Contact Information:

* Email: [joeshepard@email.com](mailto:joeshepard@email.com)
* Phone: (123) 456-7890
* LinkedIn: linkedin.com/in/joeshepard
* GitHub: github.com/joeshepard

Summary:
Highly skilled Blockchain Developer with 5+ years of experience in designing, developing, and deploying scalable blockchain solutions using Solidity, Web3.js, and Consensus Algorithms. Proven expertise in cryptography and expertise in building secure, high-performance blockchain applications. Proficient in a range of blockchain platforms, including Ethereum and Hyperledger Fabric.

Technical Skills:

* Programming Languages: Solidity, JavaScript, C++, Go
* Frameworks: Web3.js, Truffle Suite, Hardhat
* Consensus Algorithms: Proof of Work (PoW), Proof of Stake (PoS), Byzantine Fault Tolerance (BFT)
* Cryptography: Elliptic Curve Cryptography (ECC), Hash Functions, Digital Signatures
* Blockchain Platforms: Ethereum, Hyperledger Fabric, Corda
* Agile Methodologies: Scrum, Kanban

Professional Experience:

Senior Blockchain Developer, Blockchain Inc. (2020-Present)

* Designed and developed a scalable blockchain-based supply chain management system using Solidity, Web3.js, and Consensus Algorithms
* Collaborated with cross-functional teams to deploy the system on the Ethereum mainnet, achieving a 99.99% uptime and 10,000+ transactions per hour
* Implemented advanced cryptography techniques, including ECC and digital signatures, to ensure the security and integrity of the system
* Mentored junior developers in blockchain development, cryptography, and consensus algorithms, contributing to the growth and development of the team

Blockchain Developer, Crypto Lab (2018-2020)

* Developed a range of blockchain-based applications, including a cryptocurrency exchange and a blockchain-based identity verification system
* Utilized Web3.js and Truffle Suite to build and deploy smart contracts on the Ethereum blockchain
* Collaborated with the research team to investigate and implement new consensus algorithms, including BFT and PoS
* Participated in code reviews and contributed to the improvement of the company's coding standards and best practices

Education:

* Bachelor of Science in Computer Science, University of California, Berkeley (2015-2019)

Achievements:

* Published research paper on ""A Comparative Analysis of Consensus Algorithms in Blockchain"" at the International Conference on Blockchain and Cryptography (2019)
* Winner of the Blockchain Hackathon, ""Building a Scalable Blockchain-Based Supply Chain Management System"" (2020)
* Featured speaker at the Blockchain Developers Meetup, ""Advanced Cryptography Techniques for Blockchain Development"" (2019)

Certifications:

* Certified Ethereum Developer (2018)
* Certified Blockchain Developer, Hyperledger Fabric (2020)

References:
Available upon request.","Kenneth Davis
Blockchain Developer

Contact Information:

* Email: [kenneth.davis@email.com](mailto:kenneth.davis@email.com)
* Phone: (123) 456-7890
* LinkedIn: linkedin.com/in/kennethdavis
* GitHub: github.com/kennethdavis

Professional Summary:
Highly skilled Blockchain Developer with expertise in Solidity, Smart Contracts, and Cryptography. Proven track record of delivering scalable and secure blockchain solutions for top-tier clients. Proficient in a range of blockchain platforms, including Ethereum, and passionate about leveraging blockchain technology to drive innovation and growth.

Technical Skills:

* Programming languages: Solidity, JavaScript, Python
* Blockchain platforms: Ethereum, Hyperledger Fabric, Corda
* Smart Contract Development: Solidity, Vyper
* Cryptography: Public-key cryptography, Hash functions, Digital signatures
* Development Tools: Truffle Suite, Web3.js, Ganache
* Operating Systems: Windows, Linux, macOS

Professional Experience:

Senior Blockchain Developer, ABC Corporation (2020-Present)

* Designed and developed multiple blockchain-based applications, including a decentralized supply chain management system and a cryptocurrency exchange platform
* Collaborated with cross-functional teams to integrate blockchain solutions into existing business processes
* Implemented advanced cryptography techniques to enhance security and scalability
* Mentored junior developers in blockchain development best practices and coding standards

Blockchain Developer, DEF Startup (2018-2020)

* Developed and deployed several blockchain-based solutions, including a decentralized identity management system and a blockchain-based voting system
* Conducted code reviews and ensured adherence to coding standards and best practices
* Participated in design and architecture discussions to ensure scalable and secure solutions
* Collaborated with stakeholders to identify and prioritize business requirements

Education:

* Bachelor's Degree in Computer Science, XYZ University (2015-2019)

Achievements:

* Ethereum Developer Challenge Winner (2020): Created a decentralized finance (DeFi) application that utilized advanced smart contract techniques to generate yield.
* Blockchain Hackathon Winner (2019): Developed a blockchain-based voting system that utilized public-key cryptography and digital signatures to ensure secure and transparent voting.
* Published Research Paper (2018): Co-authored a research paper on the application of blockchain technology in supply chain management, published in a leading industry journal.

Certifications:

* Ethereum Developer Certification (2020)
* Blockchain Fundamentals Certification (2019)

References:
Available upon request."
"Be part of a passionate team at the forefront of data analysis as a Full Stack Developer, delivering solutions that shape the future.","Sharon Williams
Full Stack Developer

Contact Information:

* Email: [sharon.williams@email.com](mailto:sharon.williams@email.com)
* Phone: 555-555-5555
* LinkedIn: linkedin.com/in/sharonwilliams
* GitHub: github.com/sharonwilliams

Professional Summary:

Highly skilled Full Stack Developer with 5+ years of experience in designing and developing scalable, efficient, and user-friendly web applications using a range of technologies including React, Node.js, JavaScript, and CSS. Proven track record of delivering high-quality projects on time and exceeding client expectations. Proficient in database management and optimization techniques.

Technical Skills:

* Programming languages: JavaScript, HTML/CSS
* Frameworks: React, Node.js
* Databases: MySQL, MongoDB
* Operating Systems: Windows, Linux
* Agile development methodologies: Scrum, Kanban

Professional Experience:

Senior Full Stack Developer, XYZ Corporation (2018-Present)

* Lead the development of complex web applications using React, Node.js, and JavaScript
* Designed and implemented database schema for large-scale applications
* Collaborated with cross-functional teams to deliver projects on time and within budget
* Mentored junior developers to improve their skills and knowledge
* Achievements:
	+ Developed a real-time analytics dashboard for a Fortune 500 company, resulting in a 25% increase in sales
	+ Improved application performance by 30% through optimization techniques
	+ Successfully migrated a legacy application to a modern JavaScript framework

Full Stack Developer, ABC Startups (2015-2018)

* Contributed to the development of multiple web applications using React, Node.js, and JavaScript
* Worked closely with designers to implement UI/UX designs
* Participated in code reviews to ensure high-quality code
* Achievements:
	+ Developed a mobile-friendly e-commerce platform, resulting in a 50% increase in sales
	+ Improved code quality by 20% through continuous refactoring and optimization

Education:

* Bachelor of Science in Computer Science, XYZ University (2015)

Certifications:

* Certified Associate in Python Programming, Python Institute (2016)
* Certified Scrum Master, Scrum Alliance (2017)

Personal Projects:

* Developed a personal blog using React, Node.js, and JavaScript, which showcases my coding skills and experience
* Contributed to open-source projects on GitHub, including a React-based UI library and a Node.js-based API framework

References:

Available upon request.","Darin Walker
Full Stack Developer

Contact Information:

* Email: [darin.walker@email.com](mailto:darin.walker@email.com)
* Phone: 555-555-5555
* LinkedIn: linkedin.com/in/darinwalker
* GitHub: github.com/darinwalker

Professional Summary:
Highly motivated and experienced Full Stack Developer with a strong background in web development, database management, and API integration. Proficient in a range of technologies, including React, Node.js, and CSS/JavaScript. Proven track record of delivering scalable, efficient, and user-friendly web applications. Seeking a challenging role that leverages my skills and expertise to drive business growth and innovation.

Technical Skills:

* Programming languages: JavaScript, CSS, HTML
* Front-end development: React, React Hooks, Redux
* Back-end development: Node.js, Express.js, MongoDB
* Database management: MySQL, PostgreSQL
* API integration: RESTful APIs, GraphQL
* Version control: Git, GitHub
* Agile methodologies: Scrum, Kanban

Professional Experience:

Senior Full Stack Developer, Tech Innovations (2018-Present)

* Designed and developed multiple web applications using React, Node.js, and MongoDB, resulting in a 30% increase in user engagement and a 25% increase in conversions
* Collaborated with cross-functional teams to integrate APIs, databases, and microservices, ensuring seamless communication and data exchange
* Implemented automated testing and deployment scripts using Jest, Enzyme, and Docker, reducing deployment time by 50%
* Mentored junior developers in best practices, coding standards, and software design patterns, improving code quality and reducing bugs by 20%

Full Stack Developer, CodeCraft (2015-2018)

* Developed multiple web applications using React, Node.js, and Express.js, resulting in a 25% increase in user engagement and a 15% increase in conversions
* Designed and implemented database schema using MySQL and MongoDB, improving data retrieval and storage efficiency by 30%
* Collaborated with designers to implement responsive web design, resulting in a 20% increase in mobile device traffic
* Implemented server-side rendering using React Server-Side Rendering, improving page load times by 40%

Achievements:

* React.js Certification, React Training Institute (2020)
* Node.js Certification, Node.js Training Institute (2019)
* JavaScript Mastery, JavaScript Training Institute (2018)
* Code Quality Award, Tech Innovations (2019)

Education:

* Bachelor of Science in Computer Science, XYZ University (2015)

Certifications:

* Certified Scrum Master (CSM), Scrum Alliance (2018)
* Certified Associate in Project Management (CAPM), Project Management Institute (2017)

References:
Available upon request."
"As a Robotics Engineer, you'll lead the design and development of cutting-edge AI.","Cynthia Clark
Robotics Engineer

Contact Information:

* Address: 123 Main St, Anytown, USA 12345
* Phone: (123) 456-7890
* Email: [cynthia.clark@email.com](mailto:cynthia.clark@email.com)
* LinkedIn: linkedin.com/in/cynthiachark

Summary:

Highly motivated and experienced robotics engineer with expertise in ROS, control systems, sensor fusion, and path planning. Proven track record of delivering complex robotics projects on time and within budget. Skilled in designing and developing autonomous systems, with a strong passion for innovation and problem-solving.

Professional Experience:

Senior Robotics Engineer, XYZ Corporation (2018-Present)

* Designed and developed autonomous robots for warehouse and logistics applications using ROS and C++
* Led a team of engineers to integrate sensors, actuators, and control systems, resulting in a 25% increase in system efficiency
* Collaborated with cross-functional teams to develop and implement path planning algorithms, reducing navigation errors by 30%
* Developed and maintained software libraries for sensor fusion and control systems, resulting in a 40% reduction in development time

Robotics Engineer, ABC Research Institute (2015-2018)

* Designed and developed robotic systems for research and development applications using ROS and Python
* Conducted experiments and collected data on sensor fusion and control systems, resulting in 10 peer-reviewed publications
* Collaborated with researchers to develop and implement path planning algorithms, resulting in a 20% increase in system accuracy

Education:

* Master of Science in Robotics, Anytown University (2015)
	+ Coursework: Robotics, Control Systems, Sensor Fusion, Path Planning, and Computer Vision
	+ Thesis: ""Development of a ROS-based Autonomous Robot for Warehouse Applications""
* Bachelor of Science in Electrical Engineering, Anytown University (2013)

Skills:

* Programming languages: C++, Python, ROS (ROS 1 and ROS 2), Java
* Robotics platforms: ROS, ROS 2, Simulink, Gazebo
* Control systems: PID, Model Predictive Control, Kalman Filter
* Sensor fusion: Sensor data processing, sensor calibration, and sensor fusion algorithms
* Path planning: Motion planning, trajectory planning, and control
* Operating systems: Windows, Linux, macOS

Achievements:

* Winner of the 2019 XYZ Corporation Innovation Award for developing a novel autonomous robot system
* Published 10 peer-reviewed papers in top robotics conferences and journals
* Presented at 5 international robotics conferences, including IROS and ICRA
* Member of the IEEE Robotics and Automation Society and the Robotics Society of America

Certifications:

* ROS Certified Developer, The Open Source Robotics Foundation
* Certified Robotics Engineer, Robotics Society of America

References:

Available upon request.","Peter Guzman
Contact Information:

* Address: 123 Main St, Anytown, USA 12345
* Phone: (123) 456-7890
* Email: [peter.guzman@email.com](mailto:peter.guzman@email.com)
* LinkedIn: linkedin.com/in/peterguzman

Summary:
Highly motivated and detail-oriented Robotics Engineer with 5+ years of experience in designing, developing, and implementing control systems, mechatronic systems, and path planning algorithms. Skilled in MATLAB and proficient in programming languages such as C++, Python, and Simulink. Proven track record of delivering high-quality projects on time and exceeding customer expectations.

Professional Experience:

Robotics Engineer, XYZ Corporation (2018-Present)

* Designed and developed control systems for autonomous robots using MATLAB, Simulink, and C++
* Implemented path planning algorithms for navigation in complex environments
* Collaborated with cross-functional teams to integrate robotics systems with other technologies
* Conducted testing and validation of robotics systems to ensure compliance with industry standards
* Mentored junior engineers and provided technical guidance on robotics projects

Senior Research Engineer, ABC University (2015-2018)

* Led research projects on mechatronic systems and control systems for robotics applications
* Developed and taught courses on robotics and mechatronics to undergraduate and graduate students
* Collaborated with professors on research papers and presentations
* Designed and implemented experiments to test and validate research hypotheses

Education:

* Master of Science in Mechatronics Engineering, ABC University (2015)
* Bachelor of Science in Electrical Engineering, DEF University (2013)

Skills:

* Programming languages: C++, Python, MATLAB, Simulink
* Control systems: PID control, model predictive control, state estimation
* Mechatronics: design and development of mechatronic systems, sensors, and actuators
* Path planning: navigation in complex environments, motion planning, trajectory planning
* Robotics: robotic arms, mobile robots, autonomous systems
* Operating Systems: Windows, Linux, Unix

Achievements:

* Patent Holder: Developed and patented a novel control system for autonomous robots (US Patent 10,123,456)
* Best Paper Award: Awarded best paper at the International Conference on Robotics and Mechatronics for research on path planning algorithms
* Research Grant: Received research grant from the National Science Foundation for projects on mechatronic systems and control systems

Professional Memberships:

* Institute of Electrical and Electronics Engineers (IEEE)
* Robotics Society of America (RSA)
* Society of Automotive Engineers (SAE)

References:
Available upon request."
Looking for an experienced QA Engineer to join us in driving strategic initiatives and bringing innovation to education.,"Joseph Taylor
Contact Information:

* Email: [joseph.taylor@email.com](mailto:joseph.taylor@email.com)
* Phone: (123) 456-7890
* LinkedIn: linkedin.com/in/josephtaylor

Professional Summary:
Highly motivated and detail-oriented Quality Assurance (QA) Engineer with 5+ years of experience in manual and automated testing. Proven expertise in Selenium and a strong passion for delivering high-quality software products. Skilled in test planning, execution, and reporting, with a focus on ensuring software meets customer and business requirements.

Technical Skills:

* Programming languages: Java, Python
* Testing frameworks: Selenium, Appium
* Test management tools: TestRail, JIRA
* Operating Systems: Windows, Linux, macOS
* Browser versions: Chrome, Firefox, Safari, Edge

Professional Experience:

QA Engineer, ABC Company (2018-Present)

* Designed and executed comprehensive test plans for multiple software applications, ensuring high-quality releases and meeting customer satisfaction goals
* Developed and maintained automated test scripts using Selenium, resulting in a 30% reduction in manual testing time and a 25% increase in test coverage
* Collaborated with cross-functional teams, including development and product management, to identify and prioritize testing requirements
* Implemented test automation frameworks, resulting in a 90% reduction in test execution time and a 95% increase in test efficiency

QA Engineer, DEF Company (2015-2018)

* Conducted manual testing for multiple software applications, identifying and reporting defects and issues
* Assisted in the development of test plans, test cases, and test scripts, ensuring comprehensive testing coverage
* Collaborated with development team to identify and prioritize testing requirements, resulting in a 20% reduction in defects and issues

Education:

* Bachelor's Degree in Computer Science, XYZ University (2015)

Certifications:

* Certified Associate in Software Testing (CAST), International Software Testing Qualifications Board (2017)
* Certified Selenium Tester, Automation Anywhere (2019)

Achievements:

* Successfully completed a test automation project using Selenium, resulting in a 50% reduction in testing time and a 40% increase in test coverage
* Developed and implemented a test management process, resulting in a 20% reduction in testing defects and issues
* Collaborated with the development team to implement agile testing practices, resulting in a 30% increase in testing efficiency and a 25% reduction in testing time

References:
Available upon request.","Jennifer Thomas
QA Engineer

Contact Information:

* Phone: (555) 123-4567
* Email: [jennifer.thomas@email.com](mailto:jennifer.thomas@email.com)
* LinkedIn: linkedin.com/in/jenniferthomasqa

Summary:
Highly motivated and detail-oriented QA Engineer with 5+ years of experience in automated testing, test case development, and quality assurance. Skilled in Selenium, Java, and other automation tools. Proven track record of delivering high-quality software products on time and within budget.

Technical Skills:

* Programming languages: Java, Python, Selenium WebDriver
* Automation frameworks: Selenium, Appium
* Testing methodologies: Test-Driven Development (TDD), Behavior-Driven Development (BDD)
* Agile development methodologies: Scrum, Kanban
* Operating Systems: Windows, Linux, macOS
* Version control systems: Git, SVN

Professional Experience:

Senior QA Engineer, ABC Corporation (2018-Present)

* Designed and executed automated test scripts using Selenium WebDriver to ensure high-quality software releases
* Developed and maintained test cases for multiple product lines, resulting in a 30% reduction in defects
* Collaborated with cross-functional teams to identify and prioritize testing requirements
* Mentored junior QA engineers and provided guidance on testing best practices
* Implemented automated testing frameworks using Java and Selenium, reducing testing time by 50%

QA Engineer, DEF Startups (2015-2018)

* Conducted manual and automated testing on multiple software products, including web and mobile applications
* Developed test cases and test plans for new product releases, resulting in a 25% increase in test coverage
* Worked with development teams to identify and resolve defects, improving overall product quality
* Collaborated with QA teams to identify and prioritize testing requirements, ensuring timely project delivery

Education:

* Bachelor of Science in Computer Science, XYZ University (2015)

Achievements:

* Certified Selenium Tester: Certified by Selenium Headquarters (2019)
* Certified Scrum Master: Certified by Scrum Alliance (2018)
* Winner of QA Automation Challenge: Won a national QA automation challenge, showcasing expertise in automated testing (2017)

References:
Available upon request."
We need a E-commerce Specialist to enhance our team's technical capabilities and contribute to solving complex scalable solutions.,"William Gray
Contact Information:

* Email: [wgray@email.com](mailto:wgray@email.com)
* Phone: 555-555-5555
* LinkedIn: linkedin.com/in/williamgray
* Address: 123 Main St, Anytown, USA 12345

Professional Summary:
Results-driven E-commerce Specialist with 5+ years of experience in inventory management, online advertising, and customer service. Proven track record of increasing sales, improving customer satisfaction, and optimizing operational efficiency. Skilled in analyzing data, developing marketing strategies, and implementing process improvements.

Technical Skills:

* E-commerce platforms: Shopify, Magento, WooCommerce
* Inventory management software: TradeGecko, Zoho Inventory
* Online advertising: Google Ads, Facebook Ads, AdWords
* Customer relationship management (CRM): Salesforce, HubSpot
* Data analysis: Google Analytics, Excel, Tableau

Work Experience:

E-commerce Manager, ABC Retail (2018-Present)

* Manage daily operations of e-commerce platform, including inventory management, order fulfillment, and customer service
* Developed and executed online marketing campaigns, resulting in 25% increase in sales within 6 months
* Analyzed sales data to identify trends and optimize product offerings, leading to a 15% increase in average order value
* Collaborated with cross-functional teams to launch new product lines and promotional campaigns

Customer Service Representative, DEF Online Store (2015-2018)

* Responded to customer inquiries, resolving issues and providing solutions to improve customer satisfaction
* Processed returns and exchanges, ensuring timely and accurate resolution
* Assisted with inventory management, including tracking stock levels and updating product information
* Developed relationships with customers to increase loyalty and retention

Education:

* Bachelor's Degree in Business Administration, XYZ University (2015)

Achievements:

* E-commerce Excellence Award, ABC Retail (2020)
* Customer Service Champion, DEF Online Store (2017)
* Inventory Management Certification, TradeGecko (2019)

Certifications:

* Google Analytics Certification, Google (2020)
* Facebook Ads Certification, Facebook (2019)

References:
Available upon request.","Jerry Flores
Contact Information:

* Phone: (555) 123-4567
* Email: [jerry.flores@email.com](mailto:jerry.flores@email.com)
* LinkedIn: linkedin.com/in/jerryflores

Professional Summary:
Results-driven E-commerce Specialist with 5+ years of experience in inventory management, SEO optimization, customer service, and analytics. Proven track record of increasing online sales, improving customer satisfaction, and enhancing operational efficiency. Skilled in leveraging data-driven insights to inform business decisions and drive growth.

Technical Skills:

* Inventory Management: SAP, Oracle, and Access
* E-commerce Platforms: Shopify, Magento, and WooCommerce
* SEO: Google Analytics, Ahrefs, and SEMrush
* Analytics: Google Data Studio and Tableau
* Customer Service: Salesforce and Zendesk
* Microsoft Office Suite: Excel, Word, and PowerPoint

Work Experience:

E-commerce Specialist, ABC Company (2018-Present)

* Managed and optimized inventory levels, resulting in a 25% reduction in stockouts and a 15% increase in sales
* Conducted keyword research and optimized product listings to improve SEO, resulting in a 30% increase in organic traffic
* Developed and implemented customer segmentation strategies, resulting in a 20% increase in customer retention
* Analyzed sales data and provided insights to inform business decisions, resulting in a 10% increase in sales
* Collaborated with cross-functional teams to launch new product lines and promotions, resulting in a 25% increase in sales

Inventory Manager, DEF Company (2015-2018)

* Managed inventory levels, including ordering, receiving, and stocking products
* Conducted cycle counts and audits to ensure inventory accuracy
* Developed and implemented inventory management systems, resulting in a 20% reduction in inventory errors
* Trained and supervised warehouse staff on inventory procedures and best practices

Education:

* Bachelor's Degree in Business Administration, XYZ University (2015)

Achievements:

* Recipient of the ABC Company's Customer Service Award (2020)
* Winner of the DEF Company's Inventory Management Challenge (2017)
* Completed Google Analytics and Google Ads certifications

Certifications:

* Google Analytics Certification
* Google Ads Certification
* HubSpot Inbound Marketing Certification

References:
Available upon request."
"If you're passionate about data science, we need your expertise to help us deliver impactful products as a Machine Learning Engineer.","Natalie Hardy
Machine Learning Engineer

Contact Information:

* Phone: (555) 123-4567
* Email: [natalie.hardy@email.com](mailto:natalie.hardy@email.com)
* LinkedIn: linkedin.com/in/nataliehardyml
* GitHub: github.com/nataliehardy

Summary:
Highly motivated and detail-oriented Machine Learning Engineer with 5+ years of experience in developing and deploying scalable machine learning models using Scikit-learn and TensorFlow. Proven track record of improving model performance through hyperparameter tuning and experimentation. Strong understanding of software development principles and experience with Agile methodologies.

Technical Skills:

* Programming languages: Python, R
* Machine learning frameworks: Scikit-learn, TensorFlow
* Hyperparameter tuning: Grid search, Random search, Bayesian optimization
* Deep learning: Convolutional Neural Networks (CNNs), Recurrent Neural Networks (RNNs)
* Data preprocessing: Data cleaning, feature engineering, data augmentation
* Software development: Python, Git, Jenkins

Professional Experience:

Senior Machine Learning Engineer, ABC Company (2020 - Present)

* Developed and deployed multiple machine learning models using Scikit-learn and TensorFlow for image classification, text classification, and regression tasks
* Improved model performance by 20% through hyperparameter tuning and experimentation
* Collaborated with cross-functional teams to integrate machine learning models into production systems
* Mentored junior engineers in machine learning best practices and software development methodologies

Machine Learning Engineer, DEF Startups (2018 - 2020)

* Designed and implemented machine learning pipelines using Scikit-learn and TensorFlow for predictive maintenance, customer segmentation, and recommender systems
* Conducted A/B testing and experimentation to improve model performance and business outcomes
* Worked with product managers to translate business requirements into machine learning solutions

Education:

* Master of Science in Computer Science, XYZ University (2018)
* Bachelor of Science in Computer Science, ABC University (2016)

Achievements:

* Winner, Kaggle Competition: Image Classification (2020)
	+ Developed a Convolutional Neural Network (CNN) using TensorFlow that achieved a 95% accuracy on the Kaggle Image Classification dataset
* Author, ""Hyperparameter Tuning using Bayesian Optimization"" (2020)
	+ Published a research paper on the application of Bayesian optimization for hyperparameter tuning in machine learning models
* Recipient, ""Best Machine Learning Project"" Award at XYZ University (2018)
	+ Developed a recommender system using Scikit-learn that achieved a 30% increase in user engagement

Certifications:

* Certified Scikit-learn Developer, Scikit-learn Institute (2020)
* Certified TensorFlow Developer, TensorFlow Institute (2019)

References:
Available upon request.","Erica Walker
Machine Learning Engineer

Contact Information:

* Email: [ericawalker@email.com](mailto:ericawalker@email.com)
* Phone: 123-456-7890
* LinkedIn: linkedin.com/in/ericawalkerml
* GitHub: github.com/ericawalkerml

Summary:
Highly motivated and detail-oriented Machine Learning Engineer with 5+ years of experience in designing, developing, and deploying scalable machine learning models using Python, Scikit-learn, TensorFlow, and PyTorch. Proven track record of delivering high-quality projects on time and exceeding customer expectations. Skilled in feature engineering, data preprocessing, and model optimization.

Professional Experience:

Senior Machine Learning Engineer, ABC Company (2018-Present)

* Designed and developed multiple machine learning models using Scikit-learn, TensorFlow, and PyTorch for various business applications, including customer segmentation, churn prediction, and demand forecasting.
* Collaborated with cross-functional teams to integrate machine learning models into production environments, resulting in a 25% increase in revenue.
* Developed and maintained a robust feature engineering pipeline using Python and Scikit-learn, which improved model performance by 30%.
* Trained and mentored junior engineers on machine learning best practices, ensuring a high level of technical proficiency within the team.

Machine Learning Engineer, DEF Startups (2015-2018)

* Built and deployed multiple machine learning models using Scikit-learn and TensorFlow for a startup that focused on predicting customer behavior.
* Worked closely with the data science team to design and implement a data pipeline that improved data quality and reduced latency by 50%.
* Collaborated with the engineering team to integrate machine learning models into production environments, resulting in a 20% increase in conversion rates.

Education:

* Master of Science in Computer Science, XYZ University (2012-2014)
	+ Coursework: Machine Learning, Natural Language Processing, Computer Vision, and Data Mining.
* Bachelor of Science in Computer Science, ABC University (2008-2012)

Skills:

* Programming languages: Python, R, and SQL
* Machine learning frameworks: Scikit-learn, TensorFlow, PyTorch, and Keras
* Data preprocessing and feature engineering: Pandas, NumPy, and Scikit-learn
* Model optimization and deployment: TensorFlow Serving, PyTorch Serving, and Docker
* Agile methodologies: Scrum and Kanban
* Operating systems: Windows, Linux, and macOS

Achievements:

* Winner of the 2019 Machine Learning Competition, a prestigious international competition that attracted teams from around the world.
* Recipient of the 2018 ABC Company Innovation Award, recognizing outstanding contributions to the company's innovation and growth.
* Published papers in top-tier conferences, including ICML and NIPS, on topics related to machine learning and data science.

Certifications:

* Certified Data Scientist, Data Science Council of America (DASCA)
* Certified Scrum Master, Scrum Alliance

References:
Available upon request."
"As a Game Developer, you'll lead the design and development of cutting-edge machine learning.","Alicia Chandler
Contact Information:

* Email: [alicia.chandler@email.com](mailto:alicia.chandler@email.com)
* Phone: (123) 456-7890
* LinkedIn: linkedin.com/in/aliciachandler
* GitHub: github.com/aliciachandler

Professional Summary:
Highly skilled and motivated game developer with 5+ years of experience in Unity, Unreal Engine, and 3D modeling. Proven track record of delivering high-quality games and projects on time. Passionate about creating immersive gaming experiences and pushing the boundaries of game development.

Technical Skills:

* Programming languages: C#, UnityScript, Blueprints (Unreal Engine)
* Game engines: Unity, Unreal Engine
* 3D modeling tools: Blender, Maya, 3ds Max
* Graphics tools: Adobe Photoshop, Illustrator
* Version control: Git

Professional Experience:

Senior Game Developer, GameOn Studios (2018-Present)

* Led a team of 3 developers to create a AAA-rated game using Unity, resulting in a 30% increase in player engagement
* Designed and implemented gameplay mechanics, AI, and physics for multiple game projects
* Collaborated with designers, artists, and producers to ensure timely project delivery and exceeding client expectations
* Mentored junior developers to improve their skills and knowledge in game development

Game Developer, PixelPerfect Games (2015-2018)

* Developed and maintained multiple game projects using Unreal Engine, achieving a 25% increase in game sales
* Created 3D models, textures, and animations for games, resulting in a 20% improvement in overall game quality
* Worked closely with the design team to implement gameplay mechanics and level design
* Participated in code reviews and ensured high-quality code standards

Education:

* Bachelor of Science in Computer Science, University of California, Los Angeles (2015)

Achievements:

* Won the ""Best Game Developer"" award at the 2019 Game Developers Conference
* Published multiple games on Steam, GOG, and the App Store, achieving a cumulative revenue of $1 million+
* Participated in the 2017 Game Jam, creating a game using only Unity and C#

Certifications:

* Certified Unity Developer (2016)
* Certified Unreal Engine Developer (2018)

Projects:

* [Game Title], Unity (2019) - Led the development team to create a AAA-rated game using Unity, achieving a 30% increase in player engagement
* [Game Title], Unreal Engine (2017) - Developed and maintained multiple game projects using Unreal Engine, achieving a 25% increase in game sales
* [Personal Project], Unity (2015) - Created a 3D puzzle game using Unity, showcasing my skills in 3D modeling, animation, and programming

References:
Available upon request.","Lisa Evans
Contact Information:

* Email: [lisa.evans@email.com](mailto:lisa.evans@email.com)
* Phone: 555-555-5555
* LinkedIn: linkedin.com/in/lisaevas
* Portfolio: lisaevas.com

Summary:
Dedicated and creative Game Developer with 5+ years of experience in Unity and Unreal Engine, leveraging expertise in 3D Modeling, Game Physics, and Gameplay Programming to craft immersive gaming experiences. Proficient in collaborating with cross-functional teams to deliver high-quality projects on time.

Technical Skills:

* Programming languages: C#, C++, JavaScript
* Game Engines: Unity, Unreal Engine
* 3D Modeling: Maya, 3ds Max, Blender
* Game Physics: PhysX, Havok
* Gameplay Programming: AI, animation, physics, graphics
* Version Control: Git, Perforce
* Operating Systems: Windows, macOS

Professional Experience:

Senior Game Developer, GameOn Studio (2018-Present)

* Lead development of multiple AAA titles, utilizing Unity and Unreal Engine to create engaging gameplay experiences
* Collaborate with art, design, and testing teams to ensure seamless integration of assets and features
* Develop and maintain complex gameplay mechanics, including AI, animation, and physics
* Implement bug fixes and optimizations to improve game performance and stability

Game Developer, GameDev Inc. (2015-2018)

* Contributed to the development of several indie titles, focusing on 3D modeling, texturing, and rigging
* Created and implemented game physics simulations using PhysX and Havok
* Developed and tested gameplay features, including AI, animation, and graphics
* Collaborated with cross-functional teams to deliver projects on time and within budget

Achievements:

* Unity Certified Developer: Certified in Unity 5.5 and 2017
* Unreal Engine Certified Developer: Certified in Unreal Engine 4.17 and 4.20
* Game Developers Conference (GDC) Speaker: Presented a talk on ""Advanced Game Physics Techniques"" in 2019
* GameJam Winner: Won 1st place in a 48-hour GameJam competition in 2016
* Code Reviewer: Participated in code reviews for several open-source projects on GitHub

Education:

* Bachelor of Science in Computer Science, University of California, Berkeley (2015)

Certifications:

* Unity Certified Developer: Unity Technologies (2017)
* Unreal Engine Certified Developer: Epic Games (2019)

References:
Available upon request."
We need a DevOps Engineer to enhance our team's technical capabilities and contribute to solving complex business challenges.,"Dr. Aaron Hale
PhD in Computer Science
DevOps Engineer

Contact Information:

* Email: [ahale@email.com](mailto:ahale@email.com)
* Phone: 555-555-5555
* LinkedIn: linkedin.com/in/aaronhalephd
* GitHub: github.com/aaronhale

Professional Summary:

Highly skilled DevOps Engineer with 5+ years of experience in designing, implementing, and optimizing cloud-based infrastructure using CI/CD pipelines, containerization, and orchestration. Proven track record of improving deployment efficiency, reducing downtime, and enhancing overall system reliability. Possesses expertise in Docker, Kubernetes, Ansible, and CI/CD tools. Holds a PhD in Computer Science, with a strong academic background in software engineering, architecture, and distributed systems.

Technical Skills:

* CI/CD Tools: Jenkins, GitLab CI/CD, CircleCI
* Containerization: Docker, Kubernetes
* Orchestration: Ansible, Terraform
* Cloud Platforms: AWS, GCP, Azure
* Programming Languages: Python, Java, Bash
* Operating Systems: Linux, Windows
* Agile Methodologies: Scrum, Kanban

Professional Experience:

Senior DevOps Engineer, ABC Corporation (2018-Present)

* Designed and implemented a CI/CD pipeline using Jenkins, Docker, and Kubernetes to automate deployment of microservices-based architecture
* Developed and maintained Ansible playbooks to automate infrastructure provisioning and configuration management
* Collaborated with cross-functional teams to identify and resolve performance bottlenecks, reducing deployment time by 30% and improving system reliability by 25%
* Mentored junior DevOps engineers, providing guidance on best practices and tools

DevOps Engineer, DEF Startups (2015-2018)

* Implemented containerization using Docker and Kubernetes to deploy web applications, resulting in 40% reduction in deployment time
* Designed and developed Ansible playbooks to automate infrastructure provisioning and configuration management
* Collaborated with development teams to integrate CI/CD pipelines, improving code quality and reducing deployment errors by 20%

Education:

* PhD in Computer Science, XYZ University (2010-2015)
	+ Dissertation: ""A Study on Autonomic Systems for Self-Healing and Self-Optimization in Distributed Systems""
	+ Coursework: Software Engineering, Distributed Systems, Networking, and Operating Systems

Certifications:

* Certified DevOps Engineer, OpenCAPI (2019)
* Certified Kubernetes Administrator, CKS (2018)

Achievements:

* Winner, ABC Hackathon (2019): Developed a containerized web application using Docker and Kubernetes, demonstrating 50% improvement in deployment efficiency
* Presenter, DEF Conference (2017): Presented a paper on ""CI/CD Pipelines for Microservices Architecture"" to an audience of 500+ attendees
* Recipient, XYZ Award for Excellence in DevOps (2016): Recognized for outstanding contributions to DevOps practice and community engagement

References:

Available upon request.","Jennifer Webb
Contact Information:

* Email: [jennifer.webb@email.com](mailto:jennifer.webb@email.com)
* Phone: (123) 456-7890
* LinkedIn: linkedin.com/in/jenniferwebbdevops

Summary:
Highly motivated and experienced DevOps Engineer with a strong background in Kubernetes, Ansible, and Infrastructure as Code. Proven track record of designing, implementing, and maintaining scalable and efficient infrastructure solutions. Skilled in monitoring tools, cloud platforms, and version control systems. Collaborative team player with excellent communication and problem-solving skills.

Technical Skills:

* Kubernetes (Kubernetes clusters, deployments, services, persistent volumes)
* Ansible (playbooks, roles, modules, automation)
* Infrastructure as Code (Terraform, CloudFormation, AWS Cloud Development Kit)
* Monitoring Tools (Prometheus, Grafana, New Relic, Datadog)
* Cloud Platforms (AWS, Azure, Google Cloud, OpenStack)
* Version Control Systems (Git, SVN)
* Agile Methodologies (Scrum, Kanban)
* Operating Systems (Linux, Windows, macOS)

Professional Experience:

DevOps Engineer, ABC Company (2020-Present)

* Designed and implemented a scalable Kubernetes cluster for a containerized application, resulting in a 30% reduction in deployment time and a 25% decrease in infrastructure costs
* Developed and maintained Ansible playbooks for infrastructure provisioning and configuration management, ensuring consistency and reliability across environments
* Collaborated with cross-functional teams to design and implement a CloudFormation-based infrastructure, reducing the time to deploy new environments from 2 weeks to 1 day
* Implemented a monitoring and logging solution using Prometheus, Grafana, and ELK Stack, providing real-time visibility into application performance and resource utilization

Senior Systems Administrator, DEF Company (2018-2020)

* Managed and maintained a large-scale infrastructure environment using Ansible, Terraform, and AWS CloudFormation
* Implemented a disaster recovery process using AWS CloudFormation and S3, ensuring business continuity and minimizing downtime
* Developed and implemented a monitoring and alerting system using Nagios and Splunk, providing real-time visibility into system performance and security

Education:

* Bachelor's Degree in Computer Science, XYZ University (2015-2019)

Certifications:

* Certified Kubernetes Administrator (CKA)
* Certified Ansible Automation Professional (CAAP)
* AWS Certified Solutions Architect - Associate

Achievements:

* Recipient of the ""DevOps Engineer of the Year"" award at ABC Company (2022)
* Featured speaker at the ""DevOps Days"" conference (2021)
* Published several articles on DevOps and Kubernetes on popular tech blogs and websites

References:
Available upon request."
Take the lead in driving innovation as a Cybersecurity Analyst in a collaborative environment focused on excellence in software engineering.,"David Sweeney
Cybersecurity Analyst Candidate

Contact Information:

* Phone: (123) 456-7890
* Email: [david.sweeney@email.com](mailto:david.sweeney@email.com)
* LinkedIn: linkedin.com/in/davidsweeney

Professional Summary:

Highly skilled Cybersecurity Analyst with 5+ years of experience in risk assessment, network security, SIEM, encryption, and incident response. Proven track record of identifying and mitigating security threats, improving overall security posture, and leading teams to achieve security excellence. Possesses in-depth knowledge of industry-leading security technologies and frameworks.

Technical Skills:

* Risk Assessment and Management
* Network Security (Firewalls, VPNs, IDS/IPS)
* SIEM (Splunk, ArcSight)
* Encryption (AES, SSL/TLS)
* Incident Response and Threat Hunting
* Compliance and Governance (NIST, HIPAA)
* Operating Systems (Windows, Linux, macOS)
* Scripting and Programming (Python, PowerShell)

Professional Experience:

Cybersecurity Analyst, XYZ Corporation (2018-Present)

* Conducted comprehensive risk assessments to identify and prioritize security threats, resulting in a 30% reduction in security incidents.
* Designed and implemented a SIEM solution to monitor and analyze network traffic, detecting and responding to security threats in real-time.
* Developed and maintained encryption policies and procedures, ensuring compliance with industry standards and regulations.
* Led incident response efforts, coordinating with teams to contain and mitigate security breaches.
* Collaborated with developers to integrate security features into applications and ensure secure coding practices.

Security Consultant, ABC Consulting (2015-2018)

* Provided security assessments and recommendations to clients, identifying vulnerabilities and improving overall security posture.
* Designed and implemented network security architectures, including firewalls, VPNs, and IDS/IPS systems.
* Conducted penetration testing and vulnerability assessments to identify and exploit security weaknesses.
* Developed and delivered security training and awareness programs to clients and employees.

Education:

* Bachelor of Science in Computer Science, [University Name] (2015)

Certifications:

* CompTIA Security+
* CompTIA PenTest+
* CISSP (in progress)

Achievements:

* Recipient of the ""Cybersecurity Excellence Award"" at the XYZ Corporation annual awards ceremony (2020)
* Published articles on security topics in industry-leading journals and blogs
* Presented at security conferences and events, sharing expertise and best practices with peers

References:

Available upon request.","Kimberly Lopez
Contact Information:

* Address: [insert address]
* Phone: [insert phone number]
* Email: [insert email]
* LinkedIn: [insert LinkedIn profile URL]

Professional Summary:

Highly motivated and experienced Cybersecurity Analyst with a strong background in Risk Assessment, Penetration Testing, Network Security, SIEM, and Incident Response. Proven track record of identifying and mitigating security threats, and delivering comprehensive security solutions that meet business needs. Possess excellent analytical, problem-solving, and communication skills, with a strong passion for staying up-to-date with the latest cybersecurity threats and technologies.

Technical Skills:

* Risk Assessment and Management
* Penetration Testing (e.g., Nmap, Burp Suite, Metasploit)
* Network Security (e.g., firewalls, intrusion detection/prevention systems)
* Security Information and Event Management (SIEM) systems (e.g., Splunk, ELK)
* Incident Response and Threat Hunting
* Vulnerability Management (e.g., Nessus, OpenVAS)
* Operating Systems (e.g., Windows, Linux, macOS)
* Scripting languages (e.g., Python, PowerShell)
* Cloud Security (e.g., AWS, Azure)

Professional Experience:

Cybersecurity Analyst, XYZ Corporation (2018-Present)

* Conducted thorough risk assessments and penetration testing to identify vulnerabilities and provide recommendations for remediation
* Developed and implemented comprehensive security policies and procedures, including incident response and disaster recovery plans
* Configured and managed SIEM systems to monitor and analyze security event logs
* Responded to and investigated security incidents, providing timely and effective remediation
* Collaborated with IT teams to ensure security compliance and best practices
* Participated in security awareness training and education programs for employees

Senior Security Analyst, ABC Company (2015-2018)

* Led security assessments and vulnerability scans to identify and prioritize vulnerabilities
* Designed and implemented security controls to mitigate identified risks
* Conducted penetration testing and vulnerability exploitation to identify weaknesses
* Developed and delivered security training and awareness programs for employees
* Collaborated with IT teams to ensure security compliance and best practices

Education:

* Bachelor of Science in Computer Science, [University Name] (2010-2014)

Certifications:

* CompTIA Security+, CompTIA (2016)
* Certified Information Systems Security Professional (CISSP), (ISC)² (2018)

Achievements:

* Successfully identified and mitigated a zero-day vulnerability in a critical business application, preventing a potential data breach
* Developed and implemented a comprehensive security awareness training program that resulted in a 90% reduction in phishing attacks
* Collaborated with IT teams to achieve a 99.99% uptime for critical business systems
* Participated in a cybersecurity competition and won first place in the "" Bug Hunting"" category

References:

Available upon request."
"Help us build the next-generation products as a Cloud Architect and work with a dynamic, cross-functional team.","Stacey Murphy
Cloud Architect

Contact Information:

* Email: [stacey.murphy@email.com](mailto:stacey.murphy@email.com)
* Phone: 555-123-4567
* LinkedIn: linkedin.com/in/staceymurphy
* GitHub: github.com/staceymurphy

Professional Summary:
Highly skilled Cloud Architect with 8+ years of experience in designing, implementing, and managing cloud infrastructure on AWS and Azure. Proven expertise in cloud security, DevOps, and containerization using Kubernetes. Proficient in Terraform for infrastructure as code and experienced in leading cross-functional teams to deliver scalable and secure cloud solutions.

Technical Skills:

* Cloud Platforms: AWS, Azure
* Infrastructure as Code: Terraform
* Containerization: Kubernetes
* Cloud Security: IAM, RBAC, Encryption, Compliance
* DevOps Tools: Jenkins, GitLab, Docker
* Programming Languages: Python, Java, Bash
* Operating Systems: Linux, Windows

Professional Experience:

Cloud Engineer, ABC Corporation (2018-Present)

* Designed and implemented cloud infrastructure on AWS and Azure for large-scale enterprise applications
* Led the migration of on-premises applications to cloud, resulting in 30% reduction in costs and 25% improvement in system uptime
* Developed and maintained Terraform scripts for infrastructure as code, ensuring consistent and reproducible environments
* Collaborated with security teams to implement comprehensive cloud security strategies, including IAM, RBAC, and encryption
* Mentored junior engineers in cloud architecture, DevOps, and containerization

Cloud Architect, DEF Startups (2015-2018)

* Designed and implemented cloud-native applications on AWS and Azure using containerization with Kubernetes
* Developed and maintained cloud security policies and procedures, ensuring compliance with regulatory requirements
* Worked with cross-functional teams to design and implement DevOps pipelines, resulting in 40% reduction in deployment time and 20% reduction in errors
* Collaborated with product teams to design and implement scalable and secure cloud architecture

Education:

* Bachelor of Science in Computer Science, XYZ University (2010-2014)

Certifications:

* AWS Certified Solutions Architect - Professional, AWS (2019)
* Microsoft Certified: Azure Solutions Architect Expert, Microsoft (2017)
* Kubernetes Certified Administrator, Google Cloud (2018)

Achievements:

* Cloud Security Champion, ABC Corporation (2019) - recognized for leading cloud security initiatives and improving overall security posture
* Innovation Award, DEF Startups (2017) - recognized for developing and implementing innovative cloud-native applications
* Mentorship Award, ABC Corporation (2018) - recognized for mentoring junior engineers and promoting knowledge sharing within the organization

References:
Available upon request.","Stacey Miller
Cloud Architect

Contact Information:

* Email: [stacey.miller@email.com](mailto:stacey.miller@email.com)
* Phone: 555-555-5555
* LinkedIn: linkedin.com/in/staceymillercloud
* GitHub: github.com/staceymiller

Professional Summary:

Highly skilled Cloud Architect with 8+ years of experience in designing, implementing, and managing cloud infrastructure on AWS and GCP. Proven expertise in Terraform, Kubernetes, and containerization. Strong background in DevOps, automation, and security. Passionate about delivering scalable, reliable, and cost-effective cloud solutions.

Technical Skills:

* Cloud Platforms: AWS, GCP
* Infrastructure as Code: Terraform
* Containerization: Kubernetes, Docker
* DevOps: Jenkins, GitLab CI/CD
* Security: IAM, RBAC, Network Security Groups
* Programming Languages: Python, Bash, PowerShell
* Collaboration Tools: Slack, Jira, Asana

Professional Experience:

Cloud Architect, ABC Corporation (2018-Present)

* Designed and implemented cloud infrastructure on AWS and GCP for multiple enterprise clients
* Developed and maintained Terraform configurations for infrastructure as code deployments
* Implemented Kubernetes clusters for containerized applications
* Collaborated with DevOps teams to automate deployment and testing processes
* Conducted security audits and implemented best practices for cloud security

Senior Cloud Engineer, DEF Startups (2015-2018)

* Designed and deployed cloud infrastructure on AWS for multiple startups
* Implemented automation scripts using Python and Bash for infrastructure management
* Collaborated with development teams to integrate cloud services with applications
* Conducted training sessions for cloud architecture and DevOps practices

Education:

* Bachelor's Degree in Computer Science, XYZ University (2010-2014)

Certifications:

* AWS Certified Solutions Architect - Professional
* GCP Certified Professional Cloud Developer
* Certified Kubernetes Administrator (CKA)

Achievements:

* Designed and implemented a cloud-based infrastructure for a Fortune 500 company, resulting in 30% cost savings and 40% reduction in deployment time
* Developed and maintained a Terraform module library for cloud infrastructure deployments, resulting in 90% reduction in deployment errors
* Implemented a Kubernetes-based CI/CD pipeline for a startup, resulting in 95% reduction in deployment time and 99% reliability

References:

Available upon request."
We're hiring a QA Engineer to develop and deliver high-quality solutions to transform our education.,"Jason Mitchell
Contact Information:

* Email: [jason.mitchell@email.com](mailto:jason.mitchell@email.com)
* Phone: 555-555-5555
* LinkedIn: linkedin.com/in/jasonmitchellqa
* GitHub: github.com/jasonmitchellqa

Professional Summary:
Highly motivated and detail-oriented QA Engineer with 5+ years of experience in manual and automated testing, specializing in Selenium, performance testing, and test case development. Proven track record of delivering high-quality software products through collaborative testing efforts. Skilled in Agile methodologies and passionate about ensuring customer satisfaction through rigorous testing.

Technical Skills:

* Programming languages: Java, Python
* Testing frameworks: Selenium, Appium, TestNG
* Performance testing tools: JMeter, Gatling
* Test management tools: JIRA, TestRail
* Operating Systems: Windows, Linux, macOS
* Agile methodologies: Scrum, Kanban

Professional Experience:

QA Engineer, ABC Corporation (2018-Present)

* Designed and executed manual and automated testing plans for multiple software applications, ensuring high-quality releases and meeting customer satisfaction goals
* Utilized Selenium for automated testing, creating reusable scripts and frameworks to improve testing efficiency
* Conducted performance testing using JMeter and Gatling, identifying and resolving bottlenecks to optimize application performance
* Collaborated with development teams to develop and execute test cases, ensuring thorough testing and delivering defect-free products
* Contributed to the development of the company's testing framework, improving testing efficiency and reducing testing time

QA Engineer, DEF Startups (2015-2018)

* Conducted manual and automated testing for web and mobile applications, ensuring compliance with industry standards and regulations
* Created and maintained test cases, using TestRail for test case management and tracking
* Worked closely with development teams to identify and report defects, ensuring timely resolution and minimizing product delays
* Assisted in the development of the company's testing process, improving testing efficiency and reducing testing time

Education:

* Bachelor's Degree in Computer Science, XYZ University (2015)

Certifications:

* Certified Associate in Software Testing (CAST), International Software Testing Qualifications Board (ISTQB) (2016)
* Certified Selenium Tester, Selenium HQ (2018)

Achievements:

* Improved testing efficiency by 30% through automation using Selenium and Appium
* Reduced testing time by 40% through optimized test case development and execution
* Identified and resolved critical performance issues, resulting in a 20% improvement in application performance
* Developed and implemented a testing framework, resulting in a 25% reduction in testing time and a 15% improvement in testing efficiency

References:
Available upon request.","Lauren Rios
Contact Information:

* Email: [lauren.rios@email.com](mailto:lauren.rios@email.com)
* Phone: 555-555-5555
* LinkedIn: linkedin.com/in/laurenrios

Professional Summary:
Highly motivated and detail-oriented QA Engineer with 5+ years of experience in manual and automated testing. Proven track record of successfully identifying and reporting defects, improving application performance, and collaborating with cross-functional teams to deliver high-quality software products. Skilled in Selenium, performance testing, and test case development, with a strong passion for ensuring the quality and reliability of software applications.

Technical Skills:

* Manual Testing
* Automated Testing
* Selenium
* Performance Testing
* Test Case Development
* JIRA
* TestRail
* Excel
* SQL
* Agile Methodology

Professional Experience:

QA Engineer, ABC Company (2020-Present)

* Conduct manual and automated testing for web and mobile applications to ensure quality and reliability
* Developed and executed test cases using Selenium WebDriver and TestRail
* Collaborated with development team to identify and report defects, and provided recommendations for improvement
* Conducted performance testing to ensure optimal application performance and scalability
* Worked closely with cross-functional teams to ensure timely delivery of software products

QA Test Engineer, DEF Corporation (2018-2020)

* Conducted manual testing for web and mobile applications, including usability and functionality testing
* Developed and executed test cases using Excel and JIRA
* Collaborated with development team to identify and report defects, and provided recommendations for improvement
* Conducted performance testing to ensure optimal application performance and scalability
* Worked closely with cross-functional teams to ensure timely delivery of software products

Achievements:

* Improved application performance by 30% through optimization of database queries and caching
* Reduced defect density by 25% through effective testing and collaboration with development team
* Developed and implemented a comprehensive test automation framework using Selenium WebDriver
* Conducted training sessions for junior QA engineers on manual and automated testing techniques

Education:

* Bachelor of Science in Computer Science, XYZ University (2015-2018)

Certifications:

* Certified Associate in Software Testing (CAST), International Software Testing Qualifications Board (ISTQB)
* Selenium WebDriver Certification, Edureka

References:
Available upon request."
"As a Data Engineer, you will play a pivotal role in shaping the future of e-commerce.","Kimberly Newton
Contact Information:

* Email: [knewton@email.com](mailto:knewton@email.com)
* Phone: (123) 456-7890
* LinkedIn: linkedin.com/in/kimberlynewton

Professional Summary:
Highly skilled Data Engineer with 8+ years of experience designing, developing, and deploying large-scale data processing systems using Airflow, ETL, Big Data technologies, and Cloud Platforms. Proven track record of delivering scalable, reliable, and efficient data solutions that drive business insights and growth. Strong expertise in Spark, Data Warehousing, and Cloud-based data platforms.

Technical Skills:

* Programming languages: Python, Scala, Java
* Data processing frameworks: Apache Airflow, Apache Spark
* Big Data technologies: Hadoop, NoSQL databases (e.g., Cassandra, MongoDB)
* Cloud platforms: AWS, GCP, Azure
* Data warehousing: AWS Redshift, Google BigQuery
* Operating Systems: Linux, Windows
* Tools: Git, Docker, Kubernetes

Professional Experience:

Senior Data Engineer, ABC Corporation (2018-Present)

* Designed and developed large-scale data pipelines using Apache Airflow and Spark to process millions of records daily
* Built and deployed ETL processes using Python and Scala to integrate data from various sources into a central data warehouse
* Collaborated with cross-functional teams to implement data-driven solutions that improved business outcomes
* Implemented data governance and quality control measures to ensure data accuracy and reliability
* Mentored junior engineers and contributed to the development of team standards and best practices

Data Engineer, DEF Startups (2015-2018)

* Developed and deployed data processing systems using Apache Spark and Hadoop to process large datasets
* Built and maintained data warehouses using AWS Redshift and Google BigQuery
* Worked with data scientists to develop and deploy machine learning models using Spark and Python
* Collaborated with product teams to design and implement data-driven features and products
* Participated in architecture reviews and provided technical guidance to ensure scalable and reliable data solutions

Education:

* Bachelor of Science in Computer Science, XYZ University (2010-2014)

Certifications:

* Certified Data Engineer, Data Engineering Certification Board (2019)
* Certified Scrum Master, Scrum Alliance (2017)

Achievements:

* Developed and deployed a data pipeline using Apache Airflow that processed 100 million records daily, resulting in a 30% reduction in data processing time
* Designed and implemented a data warehousing solution using AWS Redshift that improved data query performance by 50%
* Built and deployed a machine learning model using Spark and Python that improved product recommendation accuracy by 25%

References:
Available upon request.","Ashley Wells
Data Engineer

Contact Information:

* Email: [awells@email.com](mailto:awells@email.com)
* Phone: 555-555-5555
* LinkedIn: linkedin.com/in/ashleywells
* GitHub: github.com/awells

Professional Summary:

Highly motivated and experienced Data Engineer with a strong background in MLOps, ETL, Big Data, and Cloud Platforms. Proven track record of designing, building, and deploying scalable data pipelines, data warehouses, and machine learning models. Skilled in leveraging Spark, Hadoop, and cloud-based technologies to drive business insights and decision-making.

Technical Skills:

* Programming languages: Python, Java, Scala
* Big Data technologies: Hadoop, Spark, Hive, Pig
* Cloud Platforms: AWS, Azure, Google Cloud
* Data Warehousing: Snowflake, Redshift
* ETL tools: Apache NiFi, Talend
* MLOps: TensorFlow, PyTorch, scikit-learn
* Data Engineering tools: Apache Beam, Apache Airflow
* Agile methodologies: Scrum, Kanban

Professional Experience:

Senior Data Engineer, ABC Corporation (2018-Present)

* Designed and developed scalable data pipelines using Apache Beam and Apache Airflow to integrate data from various sources, including social media, customer feedback, and sales data
* Built and deployed a data warehouse on Snowflake to support business intelligence and reporting
* Developed and trained machine learning models using TensorFlow and PyTorch to predict customer churn and recommend personalized marketing campaigns
* Collaborated with data scientists to design and implement data preprocessing and feature engineering pipelines
* Mentored junior engineers and contributed to the development of engineering best practices and standards

Data Engineer, DEF Startups (2015-2018)

* Designed and implemented ETL pipelines using Apache NiFi and Talend to integrate data from various sources, including customer databases and APIs
* Developed and deployed a Big Data platform on AWS using Hadoop and Spark to process and analyze large datasets
* Collaborated with data analysts to design and implement data visualization dashboards using Tableau and Power BI
* Participated in the development of a data governance framework to ensure data quality and compliance

Education:

* Master of Science in Computer Science, XYZ University (2015)
* Bachelor of Science in Computer Science, ABC University (2013)

Certifications:

* Certified Data Engineer, Data Science Council of America (2019)
* Certified Scrum Master, Scrum Alliance (2018)

Achievements:

* Developed and deployed a data pipeline that reduced data processing time by 75% and improved data quality by 90%
* Successfully implemented a cloud-based data warehousing solution that reduced storage costs by 50% and improved query performance by 200%
* Collaborated with data scientists to develop a predictive model that improved customer churn prediction accuracy by 25%

References:

Available upon request."
We are looking for an experienced Data Scientist to join our team and help drive groundbreaking solutions in cloud technologies.,"Brandon Marshall
Contact Information:

* Email: [brandon.marshall@email.com](mailto:brandon.marshall@email.com)
* Phone: (123) 456-7890
* LinkedIn: linkedin.com/in/brandonmarshall
* GitHub: github.com/brandonmarshall

Summary:
Highly motivated and detail-oriented Data Scientist with 5+ years of experience in applying statistical and machine learning techniques to drive business growth. Skilled in Python, Statistics, Machine Learning, Deep Learning, SQL, and Data Visualization. Proven track record of delivering high-quality insights and recommendations to stakeholders. Proficient in working with large datasets and implementing scalable solutions.

Professional Experience:

Data Scientist, ABC Company (2018-Present)

* Led the development of predictive models to forecast customer churn, resulting in a 25% reduction in churn rate
* Designed and implemented a natural language processing (NLP) model to analyze customer feedback, improving net promoter score by 15%
* Collaborated with cross-functional teams to develop and deploy data-driven marketing campaigns, resulting in a 30% increase in sales
* Built and maintained multiple databases using SQL, including customer behavior and transactional data
* Utilized data visualization tools such as Tableau and Matplotlib to present findings to stakeholders

Data Analyst, DEF Startups (2015-2018)

* Conducted statistical analysis to identify trends and patterns in customer behavior, informing product development and marketing strategies
* Developed and maintained dashboards using Power BI and Excel to track key performance indicators (KPIs)
* Worked with data engineers to develop and deploy data pipelines, ensuring timely and accurate data delivery
* Collaborated with product managers to identify areas for improvement and develop data-driven recommendations

Education:

* Ph.D. in Statistics, XYZ University (2015)
* M.Sc. in Statistics, ABC University (2012)
* B.Sc. in Mathematics, DEF University (2010)

Skills:

* Programming languages: Python, R, SQL
* Machine learning libraries: scikit-learn, TensorFlow, PyTorch
* Deep learning frameworks: Keras, Caffe
* Data visualization tools: Tableau, Matplotlib, Seaborn
* Database management: MySQL, PostgreSQL, MongoDB
* Operating systems: Windows, Linux, macOS

Certifications:

* Certified Data Scientist, Data Science Council of America (2019)
* Certified Analytics Professional, Institute for Operations Research and the Management Sciences (2017)

Publications:

* Marshall, B. (2019). ""Predicting Customer Churn using Machine Learning."" Journal of Business and Economic Statistics, 37(2), 245-254.
* Marshall, B., & Smith, J. (2018). ""A Comparative Study of Deep Learning Models for Image Classification."" IEEE Transactions on Neural Networks and Learning Systems, 29(10), 4493-4504.

References:
Available upon request.","Ryan Ayala
Contact Information:

* Email: [ryan.ayala@email.com](mailto:ryan.ayala@email.com)
* Phone: 555-555-5555
* LinkedIn: linkedin.com/in/ryanayala
* GitHub: github.com/ryanayala

Professional Summary:

Highly motivated and detail-oriented Data Scientist with a strong background in Python, Statistics, and Machine Learning. Skilled in building and deploying predictive models, performing data visualization, and extracting insights from complex datasets. Proficient in TensorFlow and experienced in working with large datasets. Proven track record of delivering high-quality results and collaborating with cross-functional teams to drive business growth.

Technical Skills:

* Programming languages: Python, R
* Machine Learning libraries: TensorFlow, Scikit-learn, Keras
* Data Visualization tools: Matplotlib, Seaborn, Plotly
* Statistics and Probability: Hypothesis testing, Confidence intervals, Bayesian inference
* Operating Systems: Windows, Linux
* Agile development methodologies: Scrum, Kanban

Professional Experience:

Senior Data Scientist, ABC Company (2018-Present)

* Led the development of predictive models for customer churn, resulting in a 25% reduction in churn rate
* Collaborated with the product team to integrate machine learning models into the company's CRM system
* Designed and implemented data pipelines to extract insights from customer data, resulting in a 30% increase in sales
* Mentored junior data scientists and engineers to improve team-wide skills and knowledge

Data Scientist, DEF Startups (2015-2018)

* Built and deployed machine learning models for demand forecasting, resulting in a 15% reduction in inventory costs
* Conducted statistical analysis to identify trends and correlations in customer behavior, informing product development decisions
* Developed and maintained data visualizations to communicate insights to stakeholders
* Collaborated with the engineering team to integrate machine learning models into the company's product

Education:

* Master of Science in Data Science, XYZ University (2015)
	+ Coursework: Machine Learning, Deep Learning, Natural Language Processing, Data Mining
	+ Thesis: ""An Empirical Study of Deep Learning Methods for Image Classification""
* Bachelor of Science in Statistics, ABC University (2013)

Achievements:

* Winner, Kaggle Competition: ""Predicting Stock Prices with Deep Learning"" (2017)
	+ Developed and deployed a deep learning model to predict stock prices, achieving a 10% improvement over the baseline model
* Author, ""A Survey of Deep Learning Methods for Natural Language Processing"" (2018)
	+ Published a paper on the state-of-the-art in deep learning for NLP, highlighting the strengths and limitations of various methods

Certifications:

* Certified Data Scientist, Data Science Council of America (2016)
* Certified Scrum Master, Scrum Alliance (2018)

References:

Available upon request."
"As a Full Stack Developer, you will play a pivotal role in shaping the future of education.","Michael Huang
Full Stack Developer

Contact Information:

* Phone: (123) 456-7890
* Email: [michael.huang@email.com](mailto:michael.huang@email.com)
* LinkedIn: linkedin.com/in/michaelhuangfsd
* GitHub: github.com/michaelhuangfsd

Summary:
Highly motivated and experienced full stack developer with expertise in CSS, JavaScript, database management, and API integration. Proficient in designing and implementing scalable, efficient, and secure web applications. Profound understanding of modern front-end and back-end technologies, with a strong passion for staying up-to-date with industry trends and best practices.

Technical Skills:

* Programming languages: JavaScript, HTML5, CSS3
* Frameworks: React, Angular, Node.js
* Databases: MySQL, MongoDB, PostgreSQL
* APIs: RESTful APIs, GraphQL APIs
* Operating Systems: Windows, Linux, macOS
* Agile Methodologies: Scrum, Kanban
* Version Control: Git, SVN

Professional Experience:

Senior Full Stack Developer, ABC Corporation (2018-Present)

* Designed and developed multiple web applications using React, Node.js, and MongoDB, resulting in 30% improvement in user engagement and 25% increase in sales
* Collaborated with cross-functional teams to implement RESTful APIs, integrating with third-party services to enhance the overall user experience
* Implemented database schema design and optimization, improving database performance by 40%
* Participated in code reviews and ensured adherence to coding standards and best practices
* Mentored junior developers in JavaScript, React, and Node.js, promoting knowledge sharing and skill development

Full Stack Developer, DEF Startup (2015-2018)

* Developed multiple web applications using Angular, Node.js, and MySQL, resulting in 50% increase in user base and 20% growth in revenue
* Implemented API integrations with third-party services, enhancing the overall user experience and improving data accuracy
* Designed and implemented database schema, improving data retrieval efficiency by 30%
* Collaborated with the QA team to ensure high-quality releases, resulting in a 99% defect-free rate
* Participated in Agile development methodologies, including Scrum and Kanban, to enhance team productivity and collaboration

Education:

* Bachelor of Science in Computer Science, XYZ University (2010-2014)
* Coursework: Data Structures, Algorithms, Computer Systems, Web Development, Database Systems

Achievements:

* Certified JavaScript Developer, ECMAScript 5 (2016)
* Certified Node.js Developer, Node.js Foundation (2017)
* Awarded ""Best Developer"" at ABC Corporation's Annual Hackathon (2019)

References:
Available upon request.","James Barr
Contact Information:

* Phone: (123) 456-7890
* Email: [james.barr@email.com](mailto:james.barr@email.com)
* LinkedIn: linkedin.com/in/jamesbarr
* GitHub: github.com/jamesbarr

Professional Summary:

Highly motivated and detail-oriented Full Stack Developer with 5+ years of experience in designing and developing scalable, efficient, and user-friendly web applications using HTML, CSS, JavaScript, React, and Node.js. Skilled in agile development methodologies and passionate about delivering high-quality software solutions.

Technical Skills:

* Programming languages: JavaScript, HTML, CSS
* Front-end frameworks: React, Angular
* Back-end frameworks: Node.js, Express.js
* Databases: MySQL, MongoDB, PostgreSQL
* Agile methodologies: Scrum, Kanban
* Operating Systems: Windows, macOS, Linux
* Version Control Systems: Git, SVN

Professional Experience:

Senior Full Stack Developer, ABC Company (2018 - Present)

* Designed and developed multiple full-stack web applications using React, Node.js, and MongoDB
* Collaborated with cross-functional teams to deliver high-quality software solutions
* Implemented agile development methodologies, including Scrum and Kanban
* Participated in code reviews and ensured high-quality codebase
* Mentored junior developers and helped them improve their coding skills

Full Stack Developer, DEF Agency (2015 - 2018)

* Developed multiple web applications using HTML, CSS, JavaScript, and Node.js
* Worked with clients to understand their requirements and delivered custom solutions
* Implemented responsive design and ensured cross-browser compatibility
* Collaborated with designers to create visually appealing and user-friendly interfaces

Education:

* Bachelor of Science in Computer Science, XYZ University (2010 - 2014)

Achievements:

* Award for Best Project, XYZ University Hackathon (2013)
* Published article on ""Building Scalable Web Applications with React and Node.js"" in a leading industry publication (2018)
* Certified Scrum Master, Scrum Alliance (2016)

Projects:

* Personal Website: Developed a personal website using React, Node.js, and MongoDB to showcase my skills and experience
* To-Do List App: Built a to-do list app using JavaScript, HTML, and CSS to demonstrate my ability to design and develop scalable web applications
* E-commerce Website: Developed an e-commerce website using React, Node.js, and MongoDB to demonstrate my ability to design and develop complex web applications

References:

Available upon request."
Take the lead in driving innovation as a Content Writer in a collaborative environment focused on excellence in AI research.,"Jonathan Wise
Contact Information:

* Address: 123 Main St, Anytown, USA 12345
* Phone: 555-555-5555
* Email: [jonathan.wise@email.com](mailto:jonathan.wise@email.com)
* LinkedIn: linkedin.com/in/jonathanwise

Professional Summary:
Highly skilled and experienced Content Writer with a strong background in creative writing, proofreading, and content strategy. Proven track record of delivering engaging and high-quality content that drives results. Passionate about crafting compelling stories and conveying complex ideas in a clear and concise manner.

Work Experience:

* Content Writer, XYZ Corporation (2018-Present)
	+ Developed and implemented a content strategy that increased website engagement by 25% and social media followers by 50%
	+ Researched and wrote articles, blog posts, and social media content on various topics, including technology, healthcare, and finance
	+ Collaborated with cross-functional teams to create and execute content campaigns that drove business results
	+ Conducted thorough research and fact-checking to ensure accuracy and quality of content
* Freelance Writer (2015-2018)
	+ Wrote articles, blog posts, and website content for clients across various industries, including lifestyle, entertainment, and education
	+ Conducted interviews with subject matter experts and researched topics to ensure accuracy and authenticity
	+ Edited and proofread content to ensure error-free and polished final products

Education:

* Bachelor's Degree in English, Anytown University (2015)
	+ Coursework included creative writing, literature, and technical writing

Skills:

* Creative writing and storytelling
* Proofreading and editing
* Content strategy and planning
* Research and fact-checking
* Social media content creation and management
* SEO writing and optimization
* Microsoft Office Suite (Word, Excel, PowerPoint, Outlook)

Achievements:

* Winner of the Anytown University Writing Contest (2014)
* Recipient of the XYZ Corporation Content Award (2019)
* Published in several online publications, including The Anytown Times and The Lifestyle Magazine

Certifications:

* HubSpot Content Marketing Certification (2020)
* American Writers & Artists Inc. (AWAI) Copywriting Certification (2018)

References:
Available upon request.","Kevin Grant
Contact Information:

* Phone: (555) 123-4567
* Email: [kgrant@email.com](mailto:kgrant@email.com)
* LinkedIn: linkedin.com/in/kevingrantwriter
* Portfolio: kevingrantwriter.com

Professional Summary:
Highly skilled content writer with 5+ years of experience in crafting high-quality, engaging content for various industries. Proficient in SEO writing, technical writing, creative writing, and proofreading, with a strong background in content strategy. Proven track record of delivering well-researched, keyword-optimized content that drives results.

Summary of Qualifications:

* SEO Writing: Expertise in keyword research, optimization, and content creation for search engines.
* Technical Writing: Experience in creating user manuals, guides, and documentation for technical products and services.
* Creative Writing: Skilled in crafting compelling, engaging content for blogs, articles, and social media platforms.
* Proofreading: Attention to detail and expertise in reviewing and editing content for grammar, punctuation, and accuracy.
* Content Strategy: Strong understanding of content marketing principles, including content planning, creation, and distribution.

Professional Experience:

* Content Writer, XYZ Corporation (2018-Present)
	+ Researched and wrote high-quality, SEO-optimized content for various industries, including technology, healthcare, and finance.
	+ Developed and implemented content strategies to increase engagement and drive conversions.
	+ Collaborated with cross-functional teams to ensure content alignment with brand goals and messaging.
* Technical Writer, ABC Company (2015-2018)
	+ Created user manuals, guides, and documentation for technical products and services.
	+ Conducted research and interviews to gather information for writing projects.
	+ Edited and reviewed content for accuracy, grammar, and punctuation.
* Freelance Writer (2012-2015)
	+ Wrote articles, blog posts, and social media content for various clients across different industries.
	+ Conducted research and interviews to gather information for writing projects.
	+ Developed and implemented content strategies to increase engagement and drive conversions.

Achievements:

* Improved website traffic by 25% through targeted SEO content creation and optimization.
* Increased social media engagement by 50% through the development and implementation of a social media content strategy.
* Reduced editing time by 30% through the creation of style guides and content templates.

Education:

* Bachelor's Degree in English, [University Name] (2008-2012)
* Certification in Content Marketing, [Certification Name] (2016)

Skills:

* SEO writing and optimization
* Technical writing and documentation
* Creative writing and content creation
* Proofreading and editing
* Content strategy and planning
* Keyword research and analysis
* Social media content creation and management
* Content management systems (CMS)
* Microsoft Office Suite (Word, Excel, PowerPoint, Outlook)

Certifications:

* HubSpot Content Marketing Certification (2016)
* Google Analytics Certification (2015)

References:
Available upon request."
"As a AR/VR Developer, you'll lead the design and development of cutting-edge cloud computing.","Emma Watts
Contact Information:

* Email: [ewatts@email.com](mailto:ewatts@email.com)
* Phone: 555-555-5555
* LinkedIn: linkedin.com/in/emmawattsdev
* GitHub: github.com/emmawatts

Professional Summary:
Highly motivated and experienced AR/VR developer with a strong proficiency in Unity, 3D modeling, and spatial computing. Proven track record of delivering innovative and engaging experiences across various platforms, including Oculus Quest and Android. Skilled in creating immersive experiences that push the boundaries of augmented and virtual reality.

Technical Skills:

* Programming languages: C#, Java, JavaScript
* Game Engines: Unity (3D, 2D, AR/VR)
* 3D Modeling Tools: Blender, Maya, 3ds Max
* AR/VR Platforms: Oculus Quest, Android, iOS
* Augmented Reality Markers: ARKit, ARCore, Vuforia
* Spatial Computing: Unity Spatial Mapping, Oculus Spatial Audio
* Operating Systems: Windows, macOS, Linux

Professional Experience:

AR/VR Developer, Dreamscapes Inc. (2018-Present)

* Designed and developed immersive AR/VR experiences for clients across various industries, including education, entertainment, and healthcare
* Utilized Unity to create engaging 3D models, animations, and simulations
* Implemented Oculus SDK to create seamless VR experiences with spatial audio and gesture tracking
* Collaborated with cross-functional teams to deliver high-quality experiences on time and within budget
* Achievements:
	+ Developed a VR training program for a Fortune 500 company, resulting in a 30% reduction in employee training time
	+ Created an AR experience for a museum exhibit, resulting in a 25% increase in visitor engagement

3D Artist, Pixel Perfect Studios (2015-2018)

* Created 3D models, textures, and animations for video games and other interactive media
* Utilized Maya, 3ds Max, and Blender to create high-quality 3D assets
* Worked with designers and developers to integrate 3D assets into Unity projects
* Achievements:
	+ Created 3D models for a AAA game title, resulting in a 10% increase in game sales
	+ Developed a 3D animation system for a VR experience, resulting in a 20% increase in user engagement

Education:

* Bachelor of Science in Computer Science, University of California, Los Angeles (2015)
* Certificate in Game Development, University of Southern California (2016)

Certifications:

* Unity Certified Developer (2019)
* Oculus Certified Developer (2018)

References:
Available upon request.","Michael Haynes
AR/VR Developer

Contact Information:

* Email: [michaelhaynes@email.com](mailto:michaelhaynes@email.com)
* Phone: 555-555-5555
* LinkedIn: linkedin.com/in/michaelhaynes
* GitHub: github.com/michaelhaynes

Summary:
Highly skilled AR/VR Developer with 5+ years of experience in creating immersive experiences using Unity, C#, and Oculus SDK. Proficient in 3D modeling and augmented reality marker development. Proven track record of delivering high-quality projects on time and on budget.

Technical Skills:

* Programming languages: C#, UnityScript
* Game engines: Unity
* AR/VR platforms: Oculus, ARKit, ARCore
* 3D modeling tools: Blender, Maya
* Augmented reality marker development: Vuforia, ARToolKit
* Operating Systems: Windows, macOS, Linux

Professional Experience:

Senior AR/VR Developer, XYZ Corporation (2018-Present)

* Designed and developed immersive AR/VR experiences for clients in various industries, including gaming, education, and healthcare
* Utilized Unity, C#, and Oculus SDK to create high-quality, interactive experiences
* Collaborated with cross-functional teams to define project requirements and deliver projects on time and on budget
* Conducted research and stayed up-to-date with the latest trends and technologies in AR/VR development

AR/VR Developer, ABC Startups (2015-2018)

* Developed AR/VR experiences for clients in the gaming and education industries
* Created 3D models and environments using Blender and Maya
* Implemented augmented reality markers using Vuforia and ARToolKit
* Worked with a team of developers to deliver projects on time and on budget

Achievements:

* Developed a Unity-based AR/VR experience that reached 1 million downloads on the App Store and Google Play
* Created a 3D model of a cityscape using Blender that was used in a high-profile AR/VR project
* Implemented an Oculus SDK-based VR experience that won a ""Best VR Experience"" award at a prominent industry conference

Education:

* Bachelor of Science in Computer Science, [University Name] (2015)

Certifications:

* Unity Certified Developer, Unity Technologies (2017)
* Oculus Certified Developer, Oculus VR (2016)

Personal Projects:

* Developed a Unity-based AR/VR game that showcases my skills in 3D modeling, texturing, and animation
* Created a series of AR/VR experiences using Vuforia and ARToolKit to demonstrate my expertise in augmented reality marker development

References:
Available upon request."
We are looking for an experienced Machine Learning Engineer to join our team and help drive groundbreaking solutions in AI research.,"Valerie Ford
Machine Learning Engineer

Contact Information:

* Email: [valerie.ford@email.com](mailto:valerie.ford@email.com)
* Phone: 555-555-5555
* LinkedIn: linkedin.com/in/valeriefordml

Summary:

Highly motivated and detail-oriented Machine Learning Engineer with 5+ years of experience in developing and deploying scalable machine learning models using Python, Scikit-learn, and TensorFlow. Proven track record of delivering high-quality solutions that drive business growth. Skilled in feature engineering, model selection, and hyperparameter tuning. Passionate about staying up-to-date with the latest advancements in the field of machine learning.

Technical Skills:

* Programming languages: Python, R
* Machine learning frameworks: Scikit-learn, TensorFlow, PyTorch
* Databases: MySQL, PostgreSQL
* Operating Systems: Windows, Linux
* Agile methodologies: Scrum, Kanban
* Version control: Git

Professional Experience:

Senior Machine Learning Engineer, ABC Corporation (2018-Present)

* Developed and deployed multiple machine learning models using Scikit-learn and TensorFlow to improve customer segmentation and recommendation systems, resulting in a 25% increase in sales
* Led a team of 3 engineers in designing and implementing a real-time anomaly detection system using TensorFlow and Python, reducing false positives by 30%
* Collaborated with cross-functional teams to integrate machine learning models into production environments, ensuring seamless deployment and monitoring
* Conducted feature engineering and hyperparameter tuning to improve model performance, resulting in a 15% increase in accuracy

Machine Learning Engineer, DEF Startups (2015-2018)

* Built and deployed a natural language processing model using Scikit-learn and Python to improve text classification and sentiment analysis, resulting in a 20% increase in customer engagement
* Developed a recommendation system using collaborative filtering and matrix factorization to improve product suggestions, leading to a 12% increase in sales
* Worked with data scientists to design and implement A/B testing experiments to evaluate the impact of machine learning models on business outcomes

Education:

* Master of Science in Computer Science, XYZ University (2015)
* Bachelor of Science in Mathematics, ABC University (2013)

Certifications:

* Certified Data Scientist, Data Science Council of America (2017)
* Certified Scrum Master, Scrum Alliance (2016)

Projects:

* Portfolio Manager: Developed a portfolio optimization model using Scikit-learn and Python to improve investment returns, resulting in a 10% increase in returns
* Image Classification: Built a convolutional neural network using TensorFlow and Python to classify images in real-time, achieving an accuracy of 95%

References:

Available upon request.","Rachel Baker
Contact Information:

* Phone: (123) 456-7890
* Email: [rachel.baker@email.com](mailto:rachel.baker@email.com)
* LinkedIn: linkedin.com/in/rachelbakerml
* GitHub: github.com/rachelbakerml

Professional Summary:
Highly skilled Machine Learning Engineer with 5+ years of experience in developing and deploying machine learning models using Python, Scikit-learn, TensorFlow, and PyTorch. Proven track record of delivering high-quality solutions that drive business value. Strong expertise in feature engineering, model selection, and hyperparameter tuning.

Technical Skills:

* Programming languages: Python
* Machine learning frameworks: Scikit-learn, TensorFlow, PyTorch
* Data preprocessing and feature engineering: Pandas, NumPy, Scikit-learn
* Data visualization: Matplotlib, Seaborn, Plotly
* Operating Systems: Windows, Linux
* Agile methodologies: Scrum, Kanban

Professional Experience:

Senior Machine Learning Engineer, ABC Company (2018-Present)

* Led the development and deployment of machine learning models for customer segmentation, churn prediction, and recommendation systems, resulting in a 20% increase in customer engagement and a 15% reduction in churn rate.
* Designed and implemented a feature engineering pipeline using Scikit-learn and Pandas, which improved model accuracy by 25% and reduced feature dimensionality by 50%.
* Collaborated with cross-functional teams to integrate machine learning models into production environments, ensuring seamless integration with existing systems and data pipelines.
* Mentored junior engineers and provided technical guidance on machine learning concepts, frameworks, and best practices.

Machine Learning Engineer, DEF Startups (2015-2018)

* Developed and deployed machine learning models for natural language processing, image classification, and time series forecasting using TensorFlow and PyTorch.
* Worked with data scientists to design and implement data preprocessing pipelines using Pandas and NumPy, resulting in a 30% improvement in model accuracy.
* Implemented model serving and deployment using Flask and Docker, ensuring efficient and scalable model deployment.
* Collaborated with product managers to define and prioritize machine learning initiatives, ensuring alignment with business goals and objectives.

Education:

* Master of Science in Computer Science, XYZ University (2015)
* Bachelor of Science in Computer Science, ABC University (2013)

Achievements:

* Kaggle Competitions: Top 10% in several machine learning competitions, including the Google AI Challenge and the Amazon Machine Learning Challenge.
* Patents: Co-authored two patents related to machine learning and natural language processing.
* Publications: Published research papers in top conferences and journals, including the International Joint Conference on Artificial Intelligence (IJCAI) and the Journal of Machine Learning Research (JMLR).

Certifications:

* Certified Data Scientist, Data Science Council of America (2018)
* Certified Machine Learning Engineer, International Association for Machine Learning and Artificial Intelligence (2016)

References:
Available upon request."
We're hiring a Content Writer to develop and deliver high-quality solutions to transform our finance.,"Patricia Hernandez
Contact Information:

* Email: [patricia.hernandez@email.com](mailto:patricia.hernandez@email.com)
* Phone: (555) 123-4567
* LinkedIn: linkedin.com/in/patricia-hernandez
* Portfolio: patriciahernandez.contently.com

Professional Summary:
Highly skilled and versatile content writer with 5+ years of experience in creating engaging, informative, and compelling content across various industries. Proven track record of delivering high-quality content that drives results. Expertise in copywriting, technical writing, creative writing, proofreading, and content strategy.

Summary:
Results-driven content writer with a passion for crafting compelling stories that captivate audiences. Skilled in developing content that resonates with diverse audiences and drives business outcomes. Proficient in creating content across various formats, including blog posts, articles, social media, and marketing materials.

Professional Experience:

* Content Writer, XYZ Corporation (2018-Present)
	+ Created high-quality content for various marketing channels, including blog posts, social media, and email newsletters
	+ Conducted research and interviews to develop engaging and informative content
	+ Collaborated with design and development teams to ensure seamless integration of content into marketing campaigns
	+ Developed and executed content strategy to increase brand awareness and drive website traffic
* Freelance Writer (2015-2018)
	+ Wrote articles, blog posts, and other content for clients across various industries
	+ Conducted research and interviews to develop engaging and informative content
	+ Edited and proofread content to ensure high-quality and accuracy
	+ Managed multiple projects simultaneously to meet tight deadlines
* Technical Writer, ABC Company (2012-2015)
	+ Created user manuals, instructional guides, and other technical documentation
	+ Conducted research and interviews to develop accurate and informative content
	+ Edited and proofread content to ensure high-quality and accuracy
	+ Collaborated with subject matter experts to develop content that met industry standards

Education:

* Bachelor's Degree in English, [University Name] (2008-2012)

Skills:

* Copywriting
* Technical writing
* Creative writing
* Proofreading
* Content strategy
* Research and interviewing
* Editing and fact-checking
* Social media marketing
* Email marketing
* Content management systems (CMS)

Achievements:

* Increased website traffic by 25% through targeted content marketing campaigns
* Improved brand awareness by 30% through social media engagement and content creation
* Developed and executed a content strategy that resulted in a 50% increase in lead generation
* Won a award for ""Best Blog Post"" in a industry competition

Certifications:

* HubSpot Content Marketing Certification
* Google Analytics Certification

References:
Available upon request.","Dennis Duran
Contact Information:

* Email: [dennis.duran@email.com](mailto:dennis.duran@email.com)
* Phone: 555-555-5555
* LinkedIn: linkedin.com/in/dennisduran
* Portfolio: dennisduran.com

Professional Summary:

Results-driven content writer with 5+ years of experience in crafting engaging and informative content for various industries. Skilled in SEO writing, copywriting, technical writing, and creative writing. Proven track record of increasing website traffic and conversion rates through well-researched and optimized content.

Summary of Experience:

* Content Writer, ABC Company (2018-Present)
	+ Created high-quality content for company blog, social media, and marketing materials, resulting in a 25% increase in website traffic
	+ Conducted keyword research and optimized content for SEO, resulting in a 15% increase in organic search engine rankings
	+ Collaborated with cross-functional teams to develop content strategies and campaigns
* Senior Writer, DEF Agency (2015-2018)
	+ Wrote and edited content for various clients, including website copy, blog posts, and social media content
	+ Developed and maintained content calendars to ensure consistent and timely publication of content
	+ Conducted research to stay up-to-date on industry trends and best practices in content writing
* Freelance Writer (2012-2015)
	+ Wrote articles and blog posts for clients across various industries, including technology, finance, and healthcare
	+ Conducted interviews and research to create engaging and informative content
	+ Edited and proofread content to ensure accuracy and quality

Achievements:

* Increased website traffic by 50% through SEO-optimized content and social media marketing
* Improved conversion rates by 20% through targeted copywriting and optimization
* Developed and implemented content strategy that resulted in a 30% increase in brand awareness
* Published over 100 articles on various topics, including technology, finance, and healthcare

Skills:

* SEO writing and optimization
* Copywriting and editing
* Technical writing and documentation
* Creative writing and storytelling
* Content calendar development and management
* Keyword research and analysis
* Social media marketing and engagement

Education:

* Bachelor's Degree in English, XYZ University (2012)
* Certificate in Content Marketing, ABC University (2016)

Certifications:

* Google Analytics Certification
* HubSpot Inbound Marketing Certification

References:

Available upon request."
"If you're passionate about cloud technologies, we need your expertise to help us deliver impactful products as a Cloud Architect.","Kimberly Jensen
Cloud Architect

Contact Information:

* Email: [kimberly.jensen@email.com](mailto:kimberly.jensen@email.com)
* Phone: 555-555-5555
* LinkedIn: linkedin.com/in/kimberlyjensen

Summary:
Highly skilled Cloud Architect with 8+ years of experience designing and implementing scalable, secure, and efficient cloud infrastructure on AWS and Kubernetes. Proven track record of delivering complex cloud projects on time and within budget. Expertise in cloud security, compliance, and governance. Passionate about leveraging cloud technologies to drive business innovation and growth.

Professional Experience:

Cloud Architect, ABC Corporation (2018-Present)

* Designed and implemented a scalable and secure cloud infrastructure on AWS, including VPCs, subnets, security groups, and IAM roles
* Led the migration of 10+ applications to Kubernetes, resulting in 30% reduction in costs and 25% increase in application uptime
* Developed and implemented a cloud security strategy, including vulnerability assessments, penetration testing, and incident response planning
* Collaborated with cross-functional teams to design and implement a cloud-based disaster recovery plan, resulting in 99.99% uptime during a major outage

Senior Cloud Engineer, DEF Consulting (2015-2018)

* Designed and implemented cloud-based solutions for clients, including AWS, Azure, and Google Cloud Platform
* Conducted cloud security assessments and identified vulnerabilities, providing recommendations for remediation
* Developed and delivered training programs on cloud security and compliance for clients and internal teams
* Collaborated with clients to design and implement cloud-based disaster recovery plans and business continuity strategies

Education:

* Bachelor's Degree in Computer Science, XYZ University (2010-2014)

Certifications:

* AWS Certified Solutions Architect - Professional
* Certified Kubernetes Administrator (CKA)
* CompTIA Security+ and CompTIA Cloud+

Skills:

* AWS services: EC2, S3, RDS, Redshift, Lambda, API Gateway, CloudFormation
* Kubernetes: Deployment, Service, Ingress, Persistent Volumes, Namespace management
* Cloud Security: Vulnerability assessments, penetration testing, incident response planning, compliance and governance
* Cloud Migration: Application migration, infrastructure migration, data migration
* Cloud Management: Cloud cost optimization, cloud resource management, cloud monitoring and logging

Achievements:

* AWS Hero Program member (2019-Present)
* Winner of the AWS re:Invent Hackathon (2019)
* Featured speaker at the Cloud Security Alliance (CSA) Summit (2018)
* Published articles on cloud security and Kubernetes in industry publications (2017-2019)

Professional Memberships:

* Cloud Security Alliance (CSA)
* AWS User Group
* Kubernetes Community
* Cloud Native Computing Foundation (CNCF)

References:
Available upon request.","David Alvarez
Cloud Architect

Contact Information:

* Email: [david.alvarez@email.com](mailto:david.alvarez@email.com)
* Phone: (555) 123-4567
* LinkedIn: linkedin.com/in/davidalvarez

Summary:
Highly skilled Cloud Architect with 8+ years of experience in designing, building, and deploying scalable, secure, and efficient cloud-based infrastructure. Proficient in multiple cloud platforms (Azure, GCP) and infrastructure as code tools (Terraform). Proven track record of improving cloud security posture and reducing costs.

Technical Skills:

* Cloud Platforms: Azure, GCP
* Infrastructure as Code: Terraform
* Cloud Security: Identity and Access Management (IAM), Network Security, Data Encryption
* Operating Systems: Windows, Linux
* Scripting Languages: PowerShell, Python
* Agile Methodologies: Scrum, Kanban

Professional Experience:

Senior Cloud Architect, ABC Corporation (2018-Present)

* Design and deploy large-scale cloud infrastructure using Azure and GCP
* Implement Terraform for infrastructure as code management
* Develop and maintain cloud security policies and procedures
* Collaborate with development teams to ensure secure and compliant cloud deployments
* Improved cloud security posture by 30% through regular security audits and vulnerability remediation

Cloud Engineer, DEF Startups (2015-2018)

* Designed and deployed cloud infrastructure using Azure and GCP
* Implemented cloud security measures to protect against data breaches and unauthorized access
* Collaborated with development teams to ensure secure and compliant cloud deployments
* Developed and maintained Terraform scripts for infrastructure as code management
* Improved cloud cost optimization by 25% through resource right-sizing and Reserved Instance purchasing

Education:

* Bachelor of Science in Computer Science, XYZ University (2010-2014)

Certifications:

* AWS Certified Cloud Practitioner - Cloud Practitioner (2015)
* Microsoft Certified: Azure Solutions Architect Expert (2018)
* Google Cloud Certified - Professional Cloud Developer (2019)

Achievements:

* Successfully migrated 500+ applications to the cloud, resulting in 40% reduction in IT costs
* Improved cloud security posture by 25% through regular security audits and vulnerability remediation
* Developed and implemented a cloud governance framework, resulting in 30% reduction in cloud costs
* Collaborated with development teams to ensure secure and compliant cloud deployments, resulting in 0 data breaches

Professional Memberships:

* Cloud Security Alliance (CSA)
* Open Cloud Computing Interface (OCCI)
* Cloud Native Computing Foundation (CNCF)

References:
Available upon request."
"As a IT Support Specialist, you will play a pivotal role in shaping the future of healthcare.","Joshua Mendoza
Contact Information:

* Address: 123 Main St, Anytown, USA 12345
* Phone: (555) 555-5555
* Email: [joshua.mendoza@email.com](mailto:joshua.mendoza@email.com)
* LinkedIn: linkedin.com/in/joshuamendoza

Professional Summary:
Highly motivated and experienced IT professional with expertise in hardware, software, and networking. Proven track record of providing top-notch technical support and resolving complex technical issues. Possess excellent communication and problem-solving skills, with a strong passion for delivering exceptional customer service.

Technical Skills:

* Operating Systems: Windows, macOS, Linux
* Hardware: Desktops, Laptops, Servers, Printers, Networking equipment
* Software: Microsoft Office, Google Suite, Antivirus software, IT service management tools
* Networking: TCP/IP, DNS, DHCP, VPN, Firewalls
* Scripting and automation: PowerShell, Bash, Python

Work Experience:

IT Support Specialist
ABC Corporation (2018-Present)

* Provide technical support to employees and management via phone, email, and in-person
* Troubleshoot and resolve technical issues with desktops, laptops, printers, and other computer equipment
* Configure and deploy new hardware and software, including setting up user accounts and email
* Develop and implement IT service management processes to improve efficiency and reduce downtime
* Collaborate with the IT team to resolve complex technical issues and implement new technology solutions

Desktop Support Technician
XYZ University (2015-2018)

* Provided technical support to students, faculty, and staff via phone, email, and in-person
* Installed, configured, and maintained desktop computers, laptops, and printers
* Troubleshoot and resolved technical issues with software and hardware
* Assisted with the setup and maintenance of network infrastructure, including routers and switches
* Created and delivered training sessions on computer software and hardware to students and staff

Education:

* Bachelor's Degree in Computer Science, Anytown University (2015)

Certifications:

* CompTIA A+ Certification (2015)
* CompTIA Network+ Certification (2016)
* Microsoft Certified Professional (MCP) (2018)

Achievements:

* Successfully reduced average response time for IT support tickets by 30% through process improvements and automation
* Developed and implemented a comprehensive training program for new employees, resulting in a 25% reduction in new employee onboarding time
* Collaborated with the IT team to implement a new cloud-based IT service management platform, resulting in a 20% reduction in IT costs

References:
Available upon request.","Olivia Ortiz
Contact Information:

* Address: 123 Main St, Anytown, USA 12345
* Phone: (555) 555-5555
* Email: [olivia.ortiz@email.com](mailto:olivia.ortiz@email.com)
* LinkedIn: linkedin.com/in/oliviaortiz

Professional Summary:
Highly motivated and detail-oriented IT professional with 5+ years of experience in troubleshooting, hardware/software knowledge, and providing exceptional support to end-users. Proven track record of resolving complex technical issues, improving system uptime, and delivering top-notch customer service. Seeking a challenging role as an IT Support Specialist where I can leverage my expertise to drive business success.

Technical Skills:

* Operating Systems: Windows, macOS, Linux
* Networking: TCP/IP, DHCP, DNS, WAN/LAN
* Hardware: Desktops, Laptops, Printers, Servers
* Software: Microsoft Office, Adobe Creative Suite, Antivirus software
* Troubleshooting tools: Wireshark, TCPdump, System Info
* Help Desk software: ServiceNow, Zendesk

Professional Experience:

IT Support Specialist, XYZ Corporation (2018-Present)

* Provide Level 1 and Level 2 technical support to employees and external customers via phone, email, and in-person interactions
* Troubleshoot hardware and software issues, including printer, network, and system configuration problems
* Collaborate with internal stakeholders to resolve complex technical issues and improve system uptime
* Conduct regular maintenance tasks, such as software updates, backups, and virus scanning
* Develop and maintain documentation, including user guides, FAQs, and technical notes

Technical Support Specialist, ABC Company (2015-2018)

* Responded to and resolved technical issues via phone, email, and in-person interactions
* Conducted hardware and software upgrades, including installation of new software and hardware components
* Worked with cross-functional teams to resolve complex technical issues and improve system uptime
* Developed and maintained documentation, including user guides and technical notes
* Provided on-site technical support to employees and external customers

Education:

* Bachelor of Science in Computer Science, [University Name] (2015)

Achievements:

* Successfully reduced mean time to resolve (MTTR) by 30% through process improvements and proactive troubleshooting
* Implemented a knowledge base system, resulting in a 25% reduction in repeat issues
* Received the ""Employee of the Quarter"" award for outstanding customer service and technical support
* Completed Cisco Certified Network Associate (CCNA) certification

Certifications:

* CompTIA A+ certification
* Cisco Certified Network Associate (CCNA) certification

References:
Available upon request."
"Be part of a passionate team at the forefront of machine learning as a E-commerce Specialist, delivering solutions that shape the future.","Steven Sullivan
Contact Information:

* Email: [steven.sullivan@email.com](mailto:steven.sullivan@email.com)
* Phone: (123) 456-7890
* LinkedIn: linkedin.com/in/steven-sullivan
* Address: 123 Main St, Anytown, USA 12345

Professional Summary:
Results-driven E-commerce Specialist with 5+ years of experience in SEO, online advertising, and customer service. Proven track record of driving sales growth, improving website visibility, and delivering exceptional customer experiences. Skilled in analyzing data, developing strategies, and optimizing online marketing campaigns to achieve business objectives.

Work Experience:

* E-commerce Specialist, XYZ Corporation (2018-Present)
	+ Developed and executed SEO strategies to improve website rankings and drive organic traffic, resulting in a 25% increase in sales
	+ Managed online advertising campaigns across Google Ads, Facebook Ads, and sponsored content platforms, achieving a 30% conversion rate
	+ Provided exceptional customer service, resolving 95% of issues on the first contact and maintaining a 4.5-star customer satisfaction rating
	+ Analyzed sales data and market trends to inform product development and pricing strategies
* Digital Marketing Coordinator, ABC Agency (2015-2018)
	+ Created and implemented social media campaigns across Facebook, Twitter, and Instagram, increasing followers by 500% and engagement by 200%
	+ Conducted keyword research and optimized website content to improve search engine rankings and drive organic traffic
	+ Collaborated with the sales team to develop targeted marketing campaigns, resulting in a 20% increase in sales
	+ Assisted in the development of email marketing campaigns, achieving a 25% open rate and 15% conversion rate

Education:

* Bachelor's Degree in Marketing, University of Anytown (2015)

Skills:

* SEO (keyword research, on-page optimization, link building)
* Online advertising (Google Ads, Facebook Ads, sponsored content)
* Customer service (issue resolution, customer satisfaction, complaint resolution)
* Data analysis (Google Analytics, social media analytics)
* Email marketing (campaign development, email copywriting)
* Social media marketing (content creation, campaign development, social media advertising)

Certifications:

* Google Analytics Certification, Google (2016)
* HubSpot Inbound Marketing Certification, HubSpot (2017)

Achievements:

* Finalist, ABC Agency's Marketing Excellence Award (2017)
* Winner, XYZ Corporation's Sales Team Challenge (2019)

References:
Available upon request.","Kathleen Curtis
E-commerce Specialist

Contact Information:

* Phone: (123) 456-7890
* Email: [kcurtis@email.com](mailto:kcurtis@email.com)
* LinkedIn: linkedin.com/in/kathleencurtis
* Address: 123 Main St, Anytown, USA 12345

Professional Summary:
Results-driven e-commerce specialist with 5+ years of experience in inventory management, online advertising, customer service, and analytics. Proven track record of driving sales growth, improving customer satisfaction, and optimizing business processes. Skilled in leveraging data-driven insights to inform strategic decisions and drive business results.

Work Experience:

E-commerce Specialist, ABC Company (2018-Present)

* Managed inventory levels, implemented efficient ordering systems, and reduced stockouts by 25%
* Developed and executed online advertising campaigns, resulting in a 50% increase in sales
* Provided exceptional customer service, resolving issues and improving customer satisfaction ratings by 30%
* Analyzed sales data, identified trends, and made data-driven recommendations to optimize product offerings and pricing
* Collaborated with cross-functional teams to launch new product lines and improve overall e-commerce operations

Inventory Manager, DEF Store (2015-2018)

* Managed inventory levels, conducted cycle counts, and maintained accurate records
* Implemented inventory management software, resulting in a 20% reduction in inventory costs
* Coordinated with suppliers to negotiate better prices and improve delivery times
* Assisted with customer service, resolving issues and improving customer satisfaction ratings

Education:

* Bachelor's Degree in Business Administration, XYZ University (2015)

Skills:

* Inventory management software (e.g. TradeGecko, Zoho Inventory)
* Online advertising platforms (e.g. Google Ads, Facebook Ads)
* Customer relationship management software (e.g. Salesforce)
* Data analysis and reporting tools (e.g. Excel, Tableau)
* Communication and interpersonal skills

Achievements:

* Winner of the ABC Company's ""Employee of the Quarter"" award (2020)
* Featured speaker at the 2020 e-commerce conference on ""Optimizing Inventory Management for E-commerce Success""
* Published in the 2019 edition of ""E-commerce Insights"" magazine on ""The Power of Data-Driven Decision Making""

Certifications:

* Google Analytics Certification
* HubSpot Inbound Marketing Certification

References:
Available upon request."
"If you're passionate about AI research, we need your expertise to help us deliver impactful products as a Cloud Engineer.","Matthew Dixon
Contact Information:

* Email: [matthew.dixon@email.com](mailto:matthew.dixon@email.com)
* Phone: 555-555-5555
* LinkedIn: linkedin.com/in/matthewdixoncloud

Summary:
Highly motivated and detail-oriented Cloud Engineer with 5+ years of experience in designing, implementing, and maintaining cloud-based infrastructure. Skilled in cloud migration, scripting, and automation, with a strong background in AWS and Azure. Proficient in a range of programming languages, including Python, PowerShell, and Bash. Proven track record of successfully delivering complex cloud projects on time and within budget.

Technical Skills:

* Cloud Platforms: AWS (EC2, S3, Lambda, CloudFormation), Azure (VMs, Storage, Azure Functions), Google Cloud (Compute Engine, Storage)
* Scripting Languages: Python, PowerShell, Bash
* Automation Tools: Ansible, Terraform, AWS Cloud Development Kit (CDK)
* Operating Systems: Windows, Linux
* Database Management: MySQL, PostgreSQL

Professional Experience:

Cloud Engineer, ABC Corporation (2018-Present)

* Designed and implemented cloud-based infrastructure for a leading e-commerce company, resulting in a 30% reduction in costs and a 25% increase in scalability
* Migrated a legacy application from an on-premises environment to a cloud-based environment using AWS CloudFormation and Terraform
* Developed and deployed a cloud-based automation framework using Python and Ansible, resulting in a 40% reduction in manual labor and a 20% increase in efficiency
* Collaborated with the DevOps team to implement a continuous delivery pipeline using AWS CodePipeline and Jenkins

Senior Systems Administrator, DEF Company (2015-2018)

* Designed and implemented a cloud-based backup and disaster recovery solution using AWS S3 and Glacier
* Developed and deployed a cloud-based logging and monitoring solution using AWS CloudWatch and ELK Stack
* Migrated a legacy database from an on-premises environment to a cloud-based environment using AWS RDS and PostgreSQL
* Collaborated with the development team to implement a cloud-based CI/CD pipeline using AWS CodePipeline and Jenkins

Education:

* Bachelor's Degree in Computer Science, XYZ University (2015)

Certifications:

* AWS Certified Solutions Architect - Associate
* AWS Certified Developer - Associate
* Azure Certified Solutions Architect - Associate

Achievements:

* Successfully migrated a large-scale application from an on-premises environment to a cloud-based environment, resulting in a 50% reduction in costs and a 30% increase in scalability
* Developed and deployed a cloud-based automation framework using Python and Ansible, resulting in a 40% reduction in manual labor and a 20% increase in efficiency
* Collaborated with the DevOps team to implement a continuous delivery pipeline using AWS CodePipeline and Jenkins, resulting in a 25% reduction in deployment time and a 15% increase in quality

References:
Available upon request.","David Young
Cloud Engineer

Contact Information:

* Phone: (123) 456-7890
* Email: [dyoung@email.com](mailto:dyoung@email.com)
* LinkedIn: linkedin.com/in/davidyoungcloud

Summary:
Highly skilled Cloud Engineer with 5+ years of experience in designing, implementing, and managing cloud-based infrastructure for large-scale applications. Proficient in Cloud Migration, Serverless Architecture, and DevOps practices. Proven track record of successfully migrating applications to cloud platforms, improving scalability, and reducing costs.

Technical Skills:

* Cloud Platforms: AWS, Azure, Google Cloud
* Programming Languages: Python, Java, JavaScript
* Development Tools: Docker, Kubernetes, Terraform
* Serverless Architecture: AWS Lambda, Azure Functions
* Cloud Migration: AWS Migration Hub, Azure Migrate
* DevOps Practices: Continuous Integration/Continuous Deployment (CI/CD), Continuous Monitoring (CM)

Professional Experience:

Cloud Engineer, ABC Corporation (2018-Present)

* Design and implement cloud-based infrastructure for large-scale applications, ensuring scalability, security, and compliance
* Migrate on-premises applications to cloud platforms, resulting in 30% cost savings and 40% increase in scalability
* Implement Serverless Architecture using AWS Lambda and Azure Functions, reducing server costs by 50%
* Collaborate with cross-functional teams to design and implement DevOps practices, resulting in 25% reduction in deployment time
* Conduct regular security audits and compliance checks to ensure cloud infrastructure meets regulatory requirements

Senior Cloud Engineer, DEF Startups (2015-2018)

* Designed and implemented cloud-based infrastructure for startups, ensuring scalability and security
* Migrated on-premises applications to cloud platforms, resulting in 25% cost savings and 30% increase in scalability
* Implemented cloud-based monitoring and logging practices, resulting in 20% reduction in mean time to detect (MTTD) and 15% reduction in mean time to resolve (MTTR)
* Collaborated with development teams to design and implement containerization using Docker and Kubernetes

Education:

* Bachelor of Science in Computer Science, XYZ University (2010-2014)

Certifications:

* AWS Certified Solutions Architect - Professional
* Azure Certified Solutions Architect Expert
* Certified Cloud Engineer, Cloud Security Alliance

Achievements:

* Awarded ""Cloud Engineer of the Year"" by ABC Corporation in 2020
* Published article on ""Serverless Architecture: A Guide for Cloud Engineers"" in Cloud Computing Magazine
* Presented on ""Cloud Migration Strategies"" at Cloud Computing Conference 2019

References:
Available upon request."
"Be part of a passionate team at the forefront of AI as a Data Architect, delivering solutions that shape the future.","Ashley Mason
Contact Information:

* Email: [amason@email.com](mailto:amason@email.com)
* Phone: (555) 123-4567
* LinkedIn: linkedin.com/in/ashleymason
* GitHub: github.com/ashleymason

Summary:
Highly motivated and detail-oriented Data Architect with 8+ years of experience in designing and implementing large-scale data architectures, leveraging expertise in data modeling, big data, ETL tools, and database design. Proven track record of delivering high-impact data solutions that drive business growth and improve operational efficiency.

Professional Experience:

Senior Data Architect, ABC Corporation (2018-Present)

* Designed and implemented multiple large-scale data architectures, including data warehousing, big data, and real-time data processing solutions
* Led cross-functional teams to develop and deploy data solutions, resulting in 30% reduction in data processing time and 25% improvement in data quality
* Collaborated with business stakeholders to identify data requirements and developed data roadmaps to drive business growth
* Utilized ETL tools such as Informatica PowerCenter and Microsoft SSIS to extract, transform, and load data from multiple sources

Data Architect, DEF Company (2015-2018)

* Designed and implemented data models for multiple business domains, including finance, marketing, and customer service
* Developed and maintained databases using Oracle, MySQL, and SQL Server, ensuring high performance and scalability
* Worked with data scientists to integrate data from various sources and develop predictive models, resulting in 20% improvement in sales forecasting accuracy

Education:

* Master of Science in Computer Science, XYZ University (2012-2014)
* Bachelor of Science in Computer Science, ABC University (2008-2012)

Skills:

* Data Modeling (ER/EL data modeling, star/snowflake schema design)
* Big Data (Hadoop, Spark, NoSQL databases)
* ETL Tools (Informatica PowerCenter, Microsoft SSIS, Talend)
* Database Design (Oracle, MySQL, SQL Server, PostgreSQL)
* Data Warehousing (data mart, data warehouse, ETL)
* Data Integration (APIs, web services, message queues)
* Cloud Platforms (AWS, Azure, Google Cloud)

Certifications:

* Certified Data Architect, Data Science Council of America (DASCA)
* Certified Big Data Professional, Cloudera

Achievements:

* Recipient of the ""Data Architect of the Year"" award at ABC Corporation (2019)
* Published papers on data modeling and data warehousing in industry conferences and academic journals
* Developed and taught data modeling and data architecture courses at XYZ University (2016-2017)

Professional Memberships:

* Data Science Council of America (DASCA)
* International Institute for Analytics (IIA)
* Association for Computing Machinery (ACM)

References:
Available upon request.","Hannah Smith
Contact Information:

* Email: [hannah.smith@email.com](mailto:hannah.smith@email.com)
* Phone: (123) 456-7890
* LinkedIn: linkedin.com/in/hannahsmithdata
* GitHub: github.com/hannahsmithdata

Professional Summary:

Results-driven Data Architect with 8+ years of experience in designing and implementing scalable data solutions, leveraging expertise in data modeling, integration, and big data technologies. Proven track record of delivering high-performance data systems, integrating complex data sources, and architecting cloud-based data solutions. Skilled in ETL tools, data warehousing, and data governance.

Technical Skills:

* Data Modeling (ER/EL): SQL Server, Oracle, MySQL
* Data Integration: ETL Tools (Informatica, Talend, AWS Glue), Data Pipelines (Apache Beam, AWS Step Functions)
* Big Data: Hadoop, Spark, NoSQL databases (Cassandra, MongoDB)
* Cloud Data Solutions: AWS, Azure, Google Cloud Platform
* Data Warehousing: Star/Snowflake schema, Data Marts
* ETL Tools: Informatica, Talend, AWS Glue
* Operating Systems: Windows, Linux, Unix
* Programming Languages: Python, Java, SQL

Professional Experience:

Senior Data Architect, XYZ Corporation (2018-Present)

* Designed and implemented a cloud-based data warehouse for a large retail client, resulting in 30% reduction in data processing time
* Led a team of 3 engineers in developing a data integration platform using Apache Beam and AWS Step Functions, resulting in 25% reduction in data latency
* Collaborated with the data governance team to establish data quality standards and data lineage tracking, resulting in 40% reduction in data errors
* Mentored junior data architects and engineers on data modeling, integration, and big data technologies

Data Architect, ABC Company (2015-2018)

* Designed and implemented a data mart for a large financial services client, resulting in 20% reduction in reporting time
* Developed a data integration framework using Informatica PowerCenter, resulting in 15% reduction in data processing time
* Collaborated with the data warehousing team to design and implement a star schema for a large e-commerce client, resulting in 25% reduction in query time
* Participated in data governance initiatives to establish data quality standards and data lineage tracking

Education:

* Master of Science in Computer Science, University of California, Berkeley (2010-2012)
* Bachelor of Science in Computer Science, Stanford University (2005-2009)

Certifications:

* Certified Data Architect, Data Architecture Association (2015)
* Certified Informatica PowerCenter Developer, Informatica Corporation (2012)

Achievements:

* Featured speaker at the Data Architecture Summit (2019) on ""Designing Scalable Data Systems for Big Data""
* Published articles on data modeling and integration in the Data Architecture Journal (2018, 2019)
* Recipient of the ""Data Architect of the Year"" award at the Data Architecture Awards (2017)

References:

Available upon request."
We're seeking a talented Cloud Engineer to work on AI model development and bring new ideas to life.,"Hunter Castillo
Contact Information:

* Email: [hunter.castillo@email.com](mailto:hunter.castillo@email.com)
* Phone: (555) 123-4567
* LinkedIn: linkedin.com/in/huntercastillo
* GitHub: github.com/huntercastillo

Professional Summary:
Highly motivated and experienced Cloud Engineer with a strong background in Serverless Architecture, Cloud Networking, and Scripting. Proven track record of designing and deploying scalable, secure, and efficient cloud infrastructure solutions. Skilled in automating repetitive tasks through scripting and passionate about staying up-to-date with the latest cloud technologies.

Technical Skills:

* Cloud Platforms: AWS, Azure, Google Cloud
* Serverless Architecture: AWS Lambda, Azure Functions, Google Cloud Functions
* Cloud Networking: AWS VPC, Azure Virtual Network, Google Cloud Network
* Scripting: Python, Bash, PowerShell
* Cloud Security: IAM, Access Control, Encryption
* DevOps Tools: Terraform, Ansible, Docker
* Agile Methodologies: Scrum, Kanban

Professional Experience:

Cloud Engineer, ABC Corporation (2020-Present)

* Designed and deployed scalable cloud infrastructure solutions for multiple clients using Serverless Architecture and Cloud Networking
* Implemented automation scripts using Python and Bash to streamline deployment and management processes
* Collaborated with cross-functional teams to ensure seamless integration with existing infrastructure and applications
* Developed and maintained cloud security policies and procedures to ensure compliance with industry standards
* Participated in code reviews and contributed to the development of reusable code modules

Senior Cloud Consultant, DEF Consulting (2018-2020)

* Provided cloud architecture and migration services to clients across various industries
* Conducted technical assessments and developed recommendations for cloud infrastructure optimization
* Designed and implemented cloud-based solutions for data analytics and machine learning workloads
* Trained and mentored junior team members on cloud technologies and best practices
* Developed and delivered technical presentations and workshops on cloud-related topics

Education:

* Bachelor's Degree in Computer Science, XYZ University (2015-2019)

Certifications:

* AWS Certified Solutions Architect - Professional
* Azure Certified Azure Developer Associate
* Google Cloud Certified - Professional Cloud Developer

Achievements:

* Developed and deployed a Serverless Architecture solution for a large e-commerce client, resulting in a 30% reduction in infrastructure costs
* Designed and implemented a cloud-based security solution for a financial services client, achieving a 99.99% uptime and 0 security breaches
* Collaborated with a team to develop and deploy a cloud-based data analytics platform, achieving a 50% increase in data processing speeds

References:
Available upon request.","John Graham DDS
Cloud Engineer

Contact Information:

* Phone: (123) 456-7890
* Email: [jgrahamdds@email.com](mailto:jgrahamdds@email.com)
* LinkedIn: linkedin.com/in/jgrahamdds

Summary:
Highly skilled Cloud Engineer with 8+ years of experience in designing, implementing, and managing cloud-based systems for large-scale organizations. Proven expertise in Cloud Migration, Cloud Cost Optimization, Serverless Architecture, and Scripting. Proficient in AWS, Azure, and Google Cloud platforms. Possesses a unique blend of technical, business, and leadership skills, with a strong track record of delivering high-quality projects on time and within budget.

Professional Experience:

Cloud Engineer, ABC Corporation (2018-Present)

* Designed and implemented cloud-based infrastructure for a large-scale e-commerce platform, resulting in 30% reduction in costs and 25% improvement in system performance.
* Led a team of engineers in migrating a legacy application to a serverless architecture, resulting in 50% reduction in operational costs and 90% reduction in downtime.
* Developed and implemented a cloud cost optimization strategy, resulting in 20% reduction in cloud spend and 15% improvement in resource utilization.
* Collaborated with cross-functional teams to design and implement a cloud-based disaster recovery solution, resulting in 99.99% uptime and 0 data loss.

Senior Cloud Consultant, DEF Consulting (2015-2018)

* Conducted cloud assessments and migration planning for large-scale clients, resulting in 90% success rate and 25% improvement in system performance.
* Designed and implemented cloud-based solutions for clients, resulting in 20% reduction in costs and 15% improvement in resource utilization.
* Developed and delivered training programs on cloud computing and serverless architecture for clients and internal stakeholders.

Education:

* DDS (Dental Surgery Degree), XYZ University (2005-2010)
* Cloud Computing Certification, Google Cloud (2015)
* AWS Certified Solutions Architect, Amazon Web Services (2018)

Technical Skills:

* Cloud Platforms: AWS, Azure, Google Cloud
* Serverless Architecture: AWS Lambda, Azure Functions, Google Cloud Functions
* Scripting: Python, Bash, PowerShell
* Cloud Cost Optimization: Cost Explorer, CloudCheckr, ParkMyCloud
* DevOps Tools: Jenkins, Docker, Kubernetes
* Agile Methodologies: Scrum, Kanban

Achievements:

* AWS City on a Cloud Challenge Winner (2019)
* Google Cloud Certified - Professional Cloud Developer (2018)
* Microsoft Azure Certified - Associate Cloud Developer (2017)

Certifications:

* AWS Certified Solutions Architect - Professional (2018)
* Google Cloud Certified - Professional Cloud Developer (2018)
* Microsoft Azure Certified - Associate Cloud Developer (2017)

References:
Available upon request."
We need a Product Manager to enhance our team's technical capabilities and contribute to solving complex business challenges.,"Jessica Shepherd
Product Manager Candidate

Contact Information:

* Email: [jessica.shepherd@email.com](mailto:jessica.shepherd@email.com)
* Phone: (123) 456-7890
* LinkedIn: linkedin.com/in/jessicashepherd

Summary:
Results-driven Product Manager with 8+ years of experience in developing and launching successful products. Proven track record of driving growth, improving customer satisfaction, and building high-performing teams. Skilled in creating and executing product roadmaps, leading stakeholder communication, and driving market research to inform product decisions.

Professional Experience:

Senior Product Manager, XYZ Corporation (2018-Present)

* Developed and executed product roadmaps that drove 25% year-over-year growth in revenue
* Led cross-functional teams to launch new products, resulting in 90% customer satisfaction ratings
* Conducted market research to inform product decisions, resulting in 30% increase in market share
* Built and maintained strong relationships with stakeholders, including executive leadership, sales teams, and customers
* Implemented Agile methodologies to drive faster time-to-market and improved collaboration among teams

Product Manager, ABC Start-Up (2015-2018)

* Created and executed product roadmaps that drove 50% month-over-month growth in user acquisition
* Worked closely with engineering teams to develop and launch new features, resulting in 20% increase in user engagement
* Conducted customer research to inform product decisions, resulting in 25% increase in customer satisfaction
* Developed and maintained product documentation, including product requirements documents and user manuals

Education:

* Master of Business Administration (MBA), University of California, Berkeley (2010-2012)
* Bachelor of Science in Marketing, University of Southern California (2005-2009)

Skills:

* Product Roadmapping
* Stakeholder Communication
* Agile Methodologies
* Leadership
* Market Research
* Customer Insights
* Data Analysis
* Product Development
* Team Management

Achievements:

* Winner of the ""Product Manager of the Year"" award at XYZ Corporation (2020)
* Featured speaker at the ""Product Management Conference"" (2019)
* Published article in the ""Product Management Journal"" (2018)

Certifications:

* Certified Product Manager (CPM), Association of International Product Marketing and Management (2016)
* Scrum Master Certification, Scrum Alliance (2015)

References:
Available upon request.","Tiffany Horton
Contact Information:

* Email: [tiffany.horton@email.com](mailto:tiffany.horton@email.com)
* Phone: 555-555-5555
* LinkedIn: linkedin.com/in/tiffanyhorton
* GitHub: github.com/tiffanyhorton

Professional Summary:
Results-driven product management professional with 5+ years of experience delivering innovative products that drive business growth. Proven track record of creating and executing product roadmaps, engaging stakeholders, and analyzing complex data to inform product decisions. Skilled in Agile methodologies, data analysis, and market research.

Technical Skills:

* Product Management
* Agile Methodologies (Scrum, Kanban)
* Data Analysis (SQL, Excel, Tableau)
* Market Research (qualitative and quantitative)
* Stakeholder Communication
* Roadmap Development
* Product Development (from concept to launch)
* Collaboration Tools (Asana, Trello, Jira)

Professional Experience:

Senior Product Manager, ABC Company (2018-Present)

* Developed and executed product roadmaps that drove 25% revenue growth within the first year
* Collaborated with cross-functional teams to design and launch new products, resulting in 30% customer acquisition rate
* Conducted market research to inform product decisions, resulting in 20% increase in customer satisfaction
* Analyzed customer data to identify trends and opportunities, resulting in 15% increase in sales
* Managed and mentored junior product managers to improve team efficiency and product quality

Product Manager, DEF Startups (2015-2018)

* Created and executed product roadmaps that drove 50% revenue growth within the first two years
* Developed and maintained relationships with key stakeholders, including customers, partners, and investors
* Conducted market research to identify opportunities and competitive threats, resulting in 25% increase in market share
* Analyzed customer feedback to inform product decisions, resulting in 20% increase in customer satisfaction

Education:

* Bachelor's Degree in Business Administration, XYZ University (2015)

Achievements:

* Product of the Year (2019) - awarded to the most successful product launch of the year
* Rising Star (2018) - recognized as one of the top young product managers in the industry
* Customer Satisfaction Award (2017) - awarded for achieving the highest customer satisfaction rate in the company

Certifications:

* Certified Product Manager (CPM), Association of International Product Marketing and Management (2018)
* Agile Certified Practitioner (ACP), Project Management Institute (2016)

References:
Available upon request."
We're seeking a talented UI Engineer to work on cloud migration and bring new ideas to life.,"Tracey Payne
Contact Information:

* Email: [tracey.payne@email.com](mailto:tracey.payne@email.com)
* Phone: (555) 123-4567
* LinkedIn: linkedin.com/in/traceypayne
* GitHub: github.com/traceypayne

Summary:
Highly skilled UI Engineer with 5+ years of experience in designing and developing user interfaces for web applications using HTML, CSS, JavaScript, and React. Proficient in wireframing and prototyping tools, with a strong understanding of user experience principles and human-centered design. Proven track record of delivering high-quality, interactive, and visually appealing interfaces that meet or exceed client expectations.

Professional Experience:

UI Engineer, ABC Company (2018-Present)

* Designed and developed user interfaces for web applications using HTML, CSS, JavaScript, and React, resulting in a 25% increase in user engagement and a 15% increase in conversion rates
* Collaborated with cross-functional teams to gather requirements and design wireframes, prototypes, and high-fidelity designs that met client needs and expectations
* Implemented responsive designs that adapted to different screen sizes and devices, ensuring a seamless user experience across platforms
* Utilized React hooks and context API to manage state and props, ensuring efficient and scalable component reuse
* Participated in code reviews and ensured adherence to coding standards and best practices

Junior UI Engineer, DEF Startup (2015-2018)

* Assisted senior UI engineers in designing and developing user interfaces for web applications, gaining hands-on experience with HTML, CSS, JavaScript, and React
* Created wireframes and prototypes using Sketch and InVision, and presented designs to stakeholders for feedback and iteration
* Developed a strong understanding of user experience principles and human-centered design, applying these principles to design intuitive and user-friendly interfaces
* Collaborated with the development team to ensure seamless integration of UI components, resulting in a 10% increase in application performance

Education:

* Bachelor's Degree in Computer Science, XYZ University (2015)

Skills:

* Programming languages: HTML, CSS, JavaScript, React
* Frameworks: React, Redux
* Tools: Sketch, InVision, Adobe XD, Figma
* Design principles: User experience, human-centered design, responsive design
* Methodologies: Agile, Scrum

Achievements:

* Winner of the ABC Company Hackathon (2019): Developed a winning prototype for a new web application feature using React and JavaScript, which was later implemented into the production codebase
* Published on Medium (2018): Wrote a popular article on ""Best Practices for Designing Responsive Web Applications"" which received over 10,000 views
* Completed a Certified UI Engineer course (2017): Completed a comprehensive course on UI engineering, covering topics such as design principles, human-centered design, and responsive design

Projects:

* Personal Portfolio: Developed a personal portfolio website using React and JavaScript, showcasing my skills and experience as a UI engineer
* React Todo App: Created a Todo app using React and JavaScript, demonstrating my understanding of state management and component reuse
* Wireframe and Prototype for a New Web Application: Designed and prototyped a new web application feature using Sketch and InVision, showcasing my skills in wireframing and user experience design

References:
Available upon request.","Emily Bullock, MD
UI Engineer Candidate

Contact Information:

* Phone: (555) 123-4567
* Email: [emily.bullock@gmail.com](mailto:emily.bullock@gmail.com)
* LinkedIn: linkedin.com/in/emilybullockmd
* GitHub: github.com/emilybullockmd

Summary:

Highly motivated and detail-oriented UI Engineer with a strong background in web development and medical expertise. Proficient in HTML, CSS, and JavaScript, with experience in designing and implementing user interfaces for web applications. Skilled in problem-solving, collaboration, and communication. Seeking a challenging role that combines my technical skills with my passion for delivering excellent user experiences.

Technical Skills:

* Programming languages: HTML, CSS, JavaScript
* Front-end frameworks: React, Angular
* Design tools: Sketch, Figma
* Version control: Git
* Operating Systems: Windows, macOS
* Medical expertise: Board-certified physician with experience in healthcare technology

Professional Experience:

Medical Software Engineer, ABC Healthcare Technology (2018-Present)

* Designed and developed user interfaces for web applications using HTML, CSS, and JavaScript
* Collaborated with cross-functional teams to identify and prioritize user experience improvements
* Implemented responsive design principles to ensure seamless user experience across devices
* Conducted usability testing and gathered feedback to inform design decisions
* Developed and maintained technical documentation for colleagues and stakeholders

Resident Physician, XYZ Hospital (2015-2018)

* Conducted research and developed presentations on healthcare technology and user experience design
* Collaborated with healthcare teams to identify and prioritize user experience improvements
* Designed and implemented user-centered design principles to improve patient care and staff workflow
* Developed and maintained technical documentation for colleagues and stakeholders

Education:

* Medical School, University of [Name] (2010-2014)
* Bachelor's Degree in Computer Science, University of [Name] (2006-2010)

Achievements:

* React.js Certification, FreeCodeCamp (2020)
* HTML/CSS Certification, W3Schools (2019)
* Published Research, Journal of Healthcare Technology and User Experience (2018)
* Recipient of the Best Poster Award, Healthcare Technology Conference (2017)

Certifications:

* Board Certification, MD, American Board of [Medical Specialty] (2018)
* Certified Web Developer, W3Schools (2019)

References:

Available upon request."
"If you're passionate about data science, we need your expertise to help us deliver impactful products as a Cybersecurity Analyst.","Marvin Johnson
Cybersecurity Analyst Candidate

Contact Information:

* Email: [marvin.johnson@email.com](mailto:marvin.johnson@email.com)
* Phone: (555) 123-4567
* LinkedIn: linkedin.com/in/marvinjohnsoncyber
* GitHub: github.com/marvinjohnson

Professional Summary:
Highly motivated and experienced cybersecurity professional with a strong background in penetration testing, SIEM, incident response, and encryption. Proven track record of identifying and mitigating security threats, with a passion for staying up-to-date on the latest security trends and technologies.

Technical Skills:

* Operating Systems: Windows, Linux, macOS
* Security Tools: Metasploit, Burp Suite, Nmap, Wireshark
* SIEM: Splunk, ELK Stack
* Incident Response: IRONBIRD, REMnux
* Encryption: AES, RSA, PGP
* Programming Languages: Python, PowerShell, Bash

Professional Experience:

Senior Penetration Tester, Cybersecurity Firm (2018-Present)

* Conducted comprehensive penetration testing engagements for clients across various industries, identifying vulnerabilities and providing recommendations for remediation
* Developed and maintained a suite of custom tools for vulnerability scanning and exploitation
* Collaborated with incident response teams to respond to and contain security incidents
* Provided training and guidance on penetration testing and security best practices to junior team members

Security Analyst, Financial Institution (2015-2018)

* Monitored and analyzed security event logs using Splunk and ELK Stack
* Responded to and contained security incidents, including ransomware and phishing attacks
* Conducted vulnerability assessments and penetration testing engagements for internal systems
* Developed and implemented encryption policies and procedures for sensitive data

Education:

* Bachelor's Degree in Computer Science, XYZ University (2010-2014)
* Certifications: CompTIA Security+, Certified Ethical Hacker (CEH)

Achievements:

* Successfully identified and remediated a zero-day vulnerability in a major financial institution's web application, preventing a potential data breach
* Developed and maintained a custom SIEM tool that reduced incident response times by 75%
* Collaborated with a team to develop a comprehensive incident response plan that was recognized as a best practice by industry peers
* Published a whitepaper on the use of encryption in incident response, which was presented at a major cybersecurity conference

Relevant Projects:

* Penetration Testing Framework: Developed a comprehensive penetration testing framework using Python and Metasploit, which has been used by multiple clients to identify vulnerabilities in their systems.
* SIEM Tool: Created a custom SIEM tool using ELK Stack and Python, which has been used to monitor and analyze security event logs for multiple clients.

References:
Available upon request.","Vanessa Wallace
Contact Information:

* Email: [vanessawallace@email.com](mailto:vanessawallace@email.com)
* Phone: (555) 555-5555
* LinkedIn: linkedin.com/in/vanessawallace

Professional Summary:
Highly motivated and detail-oriented Cybersecurity Analyst with 5+ years of experience in risk assessment, incident response, and encryption. Proven track record of identifying and mitigating potential security threats, ensuring the confidentiality, integrity, and availability of sensitive data. Seeking a challenging role that leverages my expertise to enhance the overall cybersecurity posture of an organization.

Technical Summary:

* Proficient in risk assessment methodologies (NIST, ISO 27005)
* Expertise in incident response and threat hunting
* Strong understanding of encryption technologies (AES, RSA, SSL/TLS)
* Familiarity with security frameworks (NIST Cybersecurity Framework, COBIT)
* Excellent analytical and problem-solving skills
* Strong communication and collaboration skills

Work Experience:

Cybersecurity Analyst, XYZ Corporation (2018-Present)

* Conducted comprehensive risk assessments for IT systems and applications, identifying potential security threats and vulnerabilities
* Developed and implemented incident response plans, ensuring timely and effective response to security incidents
* Collaborated with cross-functional teams to implement encryption solutions, ensuring the confidentiality and integrity of sensitive data
* Conducted security training and awareness programs for employees, promoting a culture of cybersecurity
* Analyzed security event logs and incident reports to identify trends and areas for improvement

Senior Security Specialist, ABC Inc. (2015-2018)

* Conducted vulnerability assessments and penetration testing to identify potential security weaknesses
* Developed and implemented encryption solutions for sensitive data, ensuring compliance with regulatory requirements
* Collaborated with the IT team to implement security controls and monitoring tools
* Conducted security audits and compliance assessments to ensure adherence to industry standards and regulatory requirements
* Provided security guidance and recommendations to management and stakeholders

Education:

* Bachelor of Science in Computer Science, [University Name] (2015)

Certifications:

* CompTIA Security+ (2016)
* Certified Information Systems Security Professional (CISSP) (2018)

Achievements:

* Successfully led the implementation of a comprehensive encryption solution, reducing the risk of data breaches by 90%
* Conducted a thorough risk assessment that resulted in the identification of 20+ potential security vulnerabilities, mitigating the risk of a data breach
* Developed and implemented an incident response plan that resulted in a 50% reduction in incident response time
* Collaborated with the IT team to implement security controls and monitoring tools, reducing the number of security incidents by 70%

Skills:

* Risk assessment and mitigation
* Incident response and threat hunting
* Encryption technologies (AES, RSA, SSL/TLS)
* Security frameworks (NIST Cybersecurity Framework, COBIT)
* Operating Systems (Windows, Linux, macOS)
* Cybersecurity tools and technologies (SIEM, IDS, IPS)
* Excellent analytical and problem-solving skills
* Strong communication and collaboration skills

References:
Available upon request."
"Join our fast-growing team and help us scale our product offerings as a System Administrator with expertise in Windows Server, System Monitoring, Linux/Unix.","Austin Mckay
Contact Information:

* Address: 123 Main St, Anytown, USA 12345
* Phone: 555-555-5555
* Email: [amckay@email.com](mailto:amckay@email.com)
* LinkedIn: linkedin.com/in/austinmckay

Professional Summary:
Highly skilled System Administrator with 8+ years of experience in managing and maintaining complex IT infrastructures, including Linux/Unix, Windows Server, and Active Directory. Proven track record of delivering high-quality services, resolving technical issues, and ensuring seamless system uptime. Possess excellent communication and problem-solving skills, with a strong passion for staying up-to-date with industry developments.

Technical Skills:

* Operating Systems: Linux (Red Hat, Ubuntu), Unix (Solaris, AIX), Windows Server (2008-2019)
* Networking: Cisco routers and switches, VPN configuration, firewall management
* Directory Services: Active Directory, LDAP, Kerberos
* Scripting: Bash, PowerShell, Perl
* Database: MySQL, Oracle
* Cloud Platforms: AWS, Azure

Professional Experience:

Senior System Administrator
ABC Corporation (2018-Present)

* Manage and maintain a large-scale IT infrastructure, including Linux/Unix servers, Windows Server, and Active Directory
* Deploy and configure network devices, including firewalls, routers, and switches
* Develop and implement automation scripts to improve system efficiency and reduce downtime
* Collaborate with IT teams to design and implement new infrastructure solutions
* Troubleshoot and resolve complex technical issues, ensuring minimal system downtime

System Administrator
XYZ Company (2015-2018)

* Managed and maintained Windows Server and Active Directory infrastructure
* Configured and deployed network devices, including firewalls and routers
* Developed and implemented scripting solutions to automate system tasks
* Provided technical support to end-users and escalated complex issues to senior administrators
* Collaborated with IT teams to design and implement new infrastructure solutions

Achievements:

* Successfully implemented a Linux-based disaster recovery solution, reducing downtime by 90%
* Developed and deployed a custom PowerShell script to automate system backups, resulting in a 30% reduction in backup time
* Collaborated with the IT team to design and implement a cloud-based infrastructure solution, resulting in a 25% reduction in infrastructure costs
* Achieved a 99.9% uptime rate for all managed systems, exceeding customer expectations

Education:

* Bachelor's Degree in Computer Science, Anytown University (2010-2014)

Certifications:

* CompTIA A+, CompTIA Network+, CompTIA Security+
* Microsoft Certified: Windows Server Administrator (2012)
* Red Hat Certified Engineer (RHCE)

References:
Available upon request.","Steven Russell
System Administrator

Contact Information:

* Email: [srussell@email.com](mailto:srussell@email.com)
* Phone: 555-555-5555
* LinkedIn: linkedin.com/in/stevenrussell

Summary:
Highly motivated and experienced System Administrator with a strong background in Active Directory, Networking, Virtualization, and System Monitoring. Proven track record of delivering scalable and secure infrastructure solutions. Committed to staying up-to-date with the latest technologies and best practices.

Technical Skills:

* Operating Systems: Windows Server 2012/2016/2019, Windows 10
* Networking: Cisco Switches/Routers, Cisco ASA Firewalls, DNS/DHCP
* Virtualization: VMware vSphere, Hyper-V
* Active Directory: Domain Controllers, Group Policy, Active Directory Federation Services
* System Monitoring: SolarWinds, Nagios, Splunk
* Scripting: PowerShell, Python
* Cloud Computing: Azure, AWS

Professional Experience:

System Administrator, ABC Corporation (2018-Present)

* Managed and supported a large-scale enterprise environment with over 500 users and 100 servers
* Designed and implemented a highly available and scalable Active Directory infrastructure
* Configured and monitored network devices, including Cisco switches and routers
* Implemented VMware vSphere to virtualize servers and improve resource utilization
* Developed and implemented scripts to automate system monitoring and reporting
* Resolved complex technical issues and provided high-level support to senior management

Junior System Administrator, DEF Company (2015-2018)

* Assisted in the management and maintenance of a mid-sized enterprise environment with over 200 users and 50 servers
* Implemented and configured Active Directory, DNS, and DHCP services
* Assisted in the deployment of new servers and desktops
* Developed and implemented scripts to automate system maintenance tasks
* Provided tier 1 support to end-users and escalated complex issues to senior administrators

Education:

* Bachelor of Science in Computer Science, XYZ University (2015)

Certifications:

* Microsoft Certified: Azure Solutions Architect Expert
* Cisco Certified: CCNA Routing and Switching
* VMware Certified: VCP-DCV

Achievements:

* Successfully implemented a highly available and scalable Active Directory infrastructure, resulting in a 99.99% uptime and a significant reduction in helpdesk calls
* Designed and implemented a network monitoring solution using SolarWinds, resulting in a 30% reduction in network downtime
* Developed and implemented a script to automate system updates, resulting in a 50% reduction in manual labor and a significant improvement in system reliability

References:
Available upon request."
"Be part of a passionate team at the forefront of AI as a Robotics Engineer, delivering solutions that shape the future.","Katherine Newman
Robotics Engineer Candidate

Contact Information:

* Address: 123 Main St, Anytown, USA 12345
* Phone: (555) 555-5555
* Email: [knewman@email.com](mailto:knewman@email.com)
* LinkedIn: linkedin.com/in/katherine-newman

Professional Summary:
Highly motivated and detail-oriented robotics engineer with 5+ years of experience in designing and developing control systems, mechatronics, and sensor fusion applications. Skilled in MATLAB, C++, and Python programming languages. Proven track record of delivering complex projects on time and exceeding performance expectations.

Technical Skills:

* Control Systems: modeling, analysis, and design of linear and nonlinear systems
* Mechatronics: design and development of electromechanical systems
* Sensor Fusion: integration of multiple sensor data to enhance accuracy and robustness
* Programming Languages: MATLAB, C++, Python
* Operating Systems: Windows, Linux, ROS (Robot Operating System)
* CAD/CAE Tools: SolidWorks, CATIA, ANSYS

Professional Experience:

Senior Robotics Engineer, XYZ Robotics (2018-Present)

* Designed and developed control systems for autonomous robots using MATLAB and C++
* Collaborated with cross-functional teams to integrate sensor data from cameras, lidars, and GPS systems
* Developed and implemented sensor fusion algorithms to enhance accuracy and robustness
* Designed and tested mechatronic systems, including motor control and power electronics
* Mentored junior engineers and interns to improve team productivity and knowledge sharing

Robotics Engineer, ABC Corporation (2015-2018)

* Developed and implemented control systems for industrial robots using MATLAB and Python
* Collaborated with manufacturing engineers to integrate robots into production lines
* Designed and tested sensor systems, including vision and force sensors
* Developed and implemented algorithmic solutions to improve robot performance and efficiency
* Participated in design reviews and testing to ensure quality and reliability

Education:

* Master of Science in Robotics, University of Anytown (2015)
	+ Coursework: Control Systems, Mechatronics, Sensor Fusion, Robotics Programming
	+ Thesis: ""Sensor Fusion for Autonomous Navigation""
* Bachelor of Science in Electrical Engineering, University of Anytown (2013)
	+ Coursework: Circuits, Electronics, Control Systems, Digital Signal Processing

Achievements:

* Best Paper Award, IEEE International Conference on Robotics and Automation (2018)
	+ Paper: ""Sensor Fusion for Autonomous Navigation in Dynamic Environments""
* Patent Pending, ""Method and System for Sensor Fusion in Autonomous Robots"" (2019)
* Certified Professional Engineer, State of Anytown (2016)

Certifications:

* Certified Professional Engineer, State of Anytown (2016)
* ROS Certification, Robot Operating System (2019)

References:
Available upon request.","Robert Miller
Robotics Engineer

Contact Information:

* Phone: (555) 123-4567
* Email: [robert.miller@email.com](mailto:robert.miller@email.com)
* LinkedIn: linkedin.com/in/robertmillerrobotics
* GitHub: github.com/robertmiller

Summary:
Highly motivated and detail-oriented Robotics Engineer with 5+ years of experience in designing, developing, and implementing control systems, mechatronics, and sensor fusion algorithms for various robotics applications. Proven track record of successfully leading projects from concept to deployment, with expertise in path planning, motion control, and system integration.

Professional Experience:

Senior Robotics Engineer,
ABC Robotics (2018-Present)

* Designed and developed control systems for industrial robotics applications, resulting in a 30% reduction in production time and a 25% increase in product quality
* Led a team of 3 engineers to develop and integrate a sensor fusion system for autonomous robotics applications, achieving a 95% accuracy rate in navigation and mapping
* Collaborated with cross-functional teams to integrate robotics systems with machine learning algorithms, resulting in a 40% improvement in system efficiency

Robotics Engineer,
DEF Robotics (2015-2018)

* Developed and implemented path planning algorithms for robotic systems, resulting in a 20% reduction in travel time and a 15% reduction in energy consumption
* Designed and tested mechatronics systems for robotic arms, achieving a 99% accuracy rate in motion control
* Assisted in the development of a robotics simulation software, resulting in a 50% reduction in development time for new robotics applications

Education:

* MS in Robotics Engineering,
	+ XYZ University (2015)
	+ Thesis: ""Sensor Fusion for Autonomous Robotics Applications""
* BS in Electrical Engineering,
	+ ABC University (2013)

Skills:

* Programming languages: C++, Python, MATLAB
* Control systems: PID, Model Predictive Control, Optimal Control
* Mechatronics: Robotics, Motion Control, Sensor Integration
* Sensor Fusion: Kalman Filter, SLAM, Computer Vision
* Path Planning: Motion Planning, Trajectory Planning, Optimization

Achievements:

* Best Paper Award,
	+ IEEE International Conference on Robotics and Automation (2019)
	+ ""Sensor Fusion for Autonomous Robotics Applications""
* Patent Holder,
	+ US Patent 10,123,456 (2020)
	+ ""Method and System for Sensor Fusion in Autonomous Robotics Applications""

Certifications:

* Certified Robotics Engineer,
	+ Robotics Engineering Certification Board (RECB)
* Certified Control Systems Engineer,
	+ International Society of Automation (ISA)

References:
Available upon request."
We need a Cloud Engineer to enhance our team's technical capabilities and contribute to solving complex complex problems.,"Daniel Peterson
Cloud Engineer

Contact Information:

* Email: [daniel.petersen@email.com](mailto:daniel.petersen@email.com)
* Phone: (123) 456-7890
* LinkedIn: linkedin.com/in/daniel-petersen-cloud-engineer

Professional Summary:
Highly motivated and experienced Cloud Engineer with a strong background in Cloud Cost Optimization, Serverless Architecture, and Cloud Networking. Proven track record of delivering scalable and efficient cloud solutions for various organizations. Skilled in scripting languages such as Python, JavaScript, and Bash, with expertise in cloud-native technologies like AWS Lambda, API Gateway, and CloudFormation.

Technical Skills:

* Cloud Platforms: AWS, Azure, Google Cloud
* Cloud Services: Cloud Cost Optimization, Serverless Architecture, Cloud Networking
* Scripting Languages: Python, JavaScript, Bash
* Cloud-Native Technologies: AWS Lambda, API Gateway, CloudFormation
* Operating Systems: Windows, Linux
* Version Control Systems: Git, SVN

Professional Experience:

* Cloud Engineer, ABC Corporation (2018-Present)
	+ Designed and implemented a cloud cost optimization strategy, resulting in 30% reduction in cloud expenses
	+ Developed and deployed serverless architectures for multiple microservices, increasing deployment frequency by 50%
	+ Configured and managed cloud networking infrastructure, ensuring 99.99% uptime for production workloads
	+ Collaborated with cross-functional teams to design and implement cloud-native solutions, improving overall system efficiency by 25%
* Senior Cloud Engineer, DEF Startups (2015-2018)
	+ Led the design and implementation of a cloud migration strategy, resulting in 80% reduction in data center infrastructure costs
	+ Developed and maintained cloud-based automation scripts, reducing manual intervention by 90%
	+ Designed and implemented cloud security architectures, ensuring compliance with industry regulations
	+ Mentored junior engineers in cloud technologies, improving team efficiency by 20%

Achievements:

* Certified Cloud Engineer, AWS (2018)
* Certified Solution Developer, Azure (2015)
* Winner, AWS Cloud Competition (2019)
* Featured speaker, Cloud Computing Summit (2018)

Education:

* Bachelor of Science in Computer Science, XYZ University (2010-2014)

Certifications:

* AWS Certified Cloud Engineer (2018)
* Microsoft Certified Solution Developer (2015)
* CompTIA Cloud+ (2012)

References:
Available upon request.","Amanda Tucker
Cloud Engineer

Contact Information:

* Phone: (123) 456-7890
* Email: [amanda.tucker@email.com](mailto:amanda.tucker@email.com)
* LinkedIn: linkedin.com/in/amandatuckercloud
* GitHub: github.com/amandatucker

Professional Summary:
Highly skilled Cloud Engineer with 5+ years of experience in designing, deploying, and managing cloud-based systems. Proven expertise in Cloud Migration, Serverless Architecture, and DevOps best practices. Skilled in multiple cloud platforms, including AWS and Azure. Passionate about leveraging cloud technologies to drive business innovation and growth.

Technical Skills:

* Cloud Platforms: AWS (EC2, S3, Lambda, API Gateway), Azure (VMs, Storage, Functions, Cosmos DB)
* Programming Languages: Java, Python, Node.js
* Databases: Relational (MySQL, PostgreSQL), NoSQL (MongoDB, Cassandra)
* Operating Systems: Windows, Linux
* DevOps Tools: Jenkins, Docker, Kubernetes
* Serverless Architecture: AWS Lambda, Azure Functions
* Cloud Migration: AWS CloudFormation, Azure Resource Manager

Professional Experience:

Cloud Engineer, ABC Corporation (2018-Present)

* Designed and deployed cloud-based systems for multiple clients, resulting in 30% reduction in infrastructure costs and 25% increase in application performance
* Implemented serverless architecture using AWS Lambda and API Gateway, reducing server costs by 50%
* Led cloud migration projects, using AWS CloudFormation and Azure Resource Manager to migrate 5+ applications to the cloud
* Collaborated with development teams to design and implement CI/CD pipelines using Jenkins and Docker
* Provided technical guidance and support to internal teams, resulting in 90% customer satisfaction rate

Senior Cloud Engineer, DEF Startups (2015-2018)

* Designed and deployed cloud-based infrastructure for multiple startups, resulting in 20% increase in revenue and 15% reduction in infrastructure costs
* Implemented cloud migration projects using AWS and Azure, resulting in 40% reduction in data center costs
* Developed and maintained cloud-based applications using Java and Python
* Collaborated with development teams to design and implement DevOps best practices

Education:

* Bachelor of Science in Computer Science, XYZ University (2010-2014)

Certifications:

* AWS Certified Solutions Architect - Associate
* Azure Certified: Azure Developer Associate
* Certified Scrum Master (CSM)

Achievements:

* Winner of the 2019 AWS Innovation Award for Cloud Migration Project
* Featured speaker at the 2018 AWS Summit, presenting on Serverless Architecture
* Published articles on cloud migration and serverless architecture in industry-leading publications

References:
Available upon request."
"As a Database Administrator, you'll lead the design and development of cutting-edge cloud computing.","Jerry Johnson
Contact Information:

* Phone: (555) 123-4567
* Email: [jerry.johnson@email.com](mailto:jerry.johnson@email.com)
* LinkedIn: linkedin.com/in/jerryjohnsondbadmin
* GitHub: github.com/jerryjohnsondb

Professional Summary:
Highly skilled and experienced Database Administrator with 8+ years of experience in designing, implementing, and maintaining large-scale databases using various database management systems. Proven expertise in SQL and NoSQL databases, with a strong focus on data security, backup, and recovery. Possess excellent problem-solving skills, with a track record of delivering high-quality solutions under tight deadlines.

Technical Skills:

* Database Management Systems: MySQL, PostgreSQL, Microsoft SQL Server, MongoDB, Cassandra
* Programming Languages: SQL, Python, Java
* Backup and Recovery Tools: BackupExec, SQL Server Backup, RMAN
* Operating Systems: Windows, Linux, macOS
* Cloud Platforms: Amazon Web Services (AWS), Microsoft Azure
* Agile Methodologies: Scrum, Kanban

Professional Experience:

Senior Database Administrator, ABC Corporation (2018-Present)

* Designed and implemented a high-availability database architecture using MySQL and MariaDB to support a large e-commerce platform
* Developed and maintained a data warehousing solution using PostgreSQL and Amazon Redshift to support business intelligence and analytics
* Implemented a disaster recovery plan using BackupExec and SQL Server Backup to ensure data availability and minimize downtime
* Collaborated with development teams to design and implement database schema changes to support new features and applications
* Provided technical leadership and mentoring to junior database administrators to improve team productivity and knowledge sharing

Database Administrator, DEF Inc. (2015-2018)

* Managed and maintained a large MongoDB database cluster to support a social media platform
* Developed and implemented a data backup and recovery plan using RMAN and SQL Server Backup to ensure data availability and minimize downtime
* Collaborated with development teams to design and implement database schema changes to support new features and applications
* Provided technical support and troubleshooting to development teams to resolve database-related issues

Education:

* Bachelor of Science in Computer Science, XYZ University (2010-2014)

Certifications:

* Oracle Certified Professional (OCP) in MySQL
* Microsoft Certified Database Administrator (MCDA) in SQL Server
* CompTIA Security+ certification

Achievements:

* Successfully migrated a large database from Oracle to MySQL, resulting in a 30% reduction in database costs and a 25% increase in database performance
* Developed and implemented a data analytics solution using PostgreSQL and Tableau to support business intelligence and decision-making
* Collaborated with development teams to design and implement a microservices architecture using Cassandra and Java to support a large-scale e-commerce platform

References:
Available upon request.","Catherine Porter
Database Administrator

Contact Information:

* Address: 123 Main St, Anytown, USA 12345
* Phone: (555) 555-5555
* Email: [catherine.porter@email.com](mailto:catherine.porter@email.com)
* LinkedIn: linkedin.com/in/catherineporterdba

Professional Summary:
Highly skilled Database Administrator with 8+ years of experience in designing, implementing, and maintaining high-performance databases using SQL and NoSQL technologies. Proven track record of optimizing database performance, ensuring data integrity, and implementing backup and recovery strategies to minimize downtime. Proficient in database administration, management, and security.

Technical Skills:

* Databases: MySQL, PostgreSQL, MongoDB, Cassandra
* Operating Systems: Linux, Windows
* Scripting: SQL, Python, Bash
* Tools: Git, Docker, Ansible
* Cloud Platforms: AWS, Azure

Professional Experience:

Senior Database Administrator
ABC Corporation (2018-Present)

* Designed and implemented high-performance databases using MySQL and MongoDB, resulting in 30% increase in query performance
* Optimized database indexing, resulting in 25% reduction in query time
* Implemented backup and recovery strategies using MySQL and MongoDB, ensuring 99.9% uptime
* Managed database security, ensuring compliance with HIPAA and PCI-DSS regulations

Database Administrator
 DEF Agency (2015-2018)

* Maintained and supported large-scale databases using SQL Server and Oracle
* Implemented database monitoring and alerting tools, resulting in 20% reduction in downtime
* Collaborated with development team to design and implement database schema changes
* Provided database training and support to development team

Education:

* Bachelor of Science in Computer Science, XYZ University (2010-2014)

Achievements:

* Completed MongoDB Certified Developer - Associate certification
* Completed AWS Certified Database - Specialty certification
* Published articles on database optimization and performance tuning in industry publications

Certifications:

* MongoDB Certified Developer - Associate
* AWS Certified Database - Specialty
* Oracle Certified Professional - OCP

References:
Available upon request."
We need a Data Analyst to enhance our team's technical capabilities and contribute to solving complex business challenges.,"William Lopez
Contact Information:

* Email: [wlopez@email.com](mailto:wlopez@email.com)
* Phone: (555) 123-4567
* LinkedIn: linkedin.com/in/williamlopezdataanalyst
* Address: 123 Main St, Anytown, USA 12345

Professional Summary:

Highly motivated and detail-oriented Data Analyst with 3+ years of experience in data analysis, statistical modeling, and data visualization. Proven track record of delivering actionable insights to drive business growth. Skilled in Excel, Tableau, SQL, and statistical analysis tools. Strong analytical and problem-solving skills, with ability to communicate complex data findings to non-technical stakeholders.

Technical Skills:

* Microsoft Excel: Advanced formulas, pivot tables, and data visualization
* Tableau: Data visualization, dashboard creation, and data storytelling
* SQL: Database management, query writing, and data extraction
* Statistical Analysis: Regression analysis, hypothesis testing, and confidence intervals
* Data Management: Data cleaning, data transformation, and data quality control

Work Experience:

Data Analyst, ABC Company (2018-Present)

* Analyze large datasets to identify trends, patterns, and correlations
* Develop and maintain complex Excel models to forecast sales, revenue, and customer behavior
* Create interactive dashboards using Tableau to present findings to senior management
* Collaborate with cross-functional teams to integrate data into business decisions
* Achievements:
	+ Reduced data analysis time by 75% through automation of reports and dashboards
	+ Increased sales forecast accuracy by 20% through advanced statistical modeling
	+ Developed and presented a data-driven business case to senior management, resulting in a 15% increase in marketing budget

Data Analyst, DEF Consulting (2015-2018)

* Conducted statistical analysis and data mining to identify key trends and insights
* Developed and maintained databases using SQL to support business intelligence initiatives
* Created data visualizations and reports using Excel and Tableau to present findings to clients
* Collaborated with clients to understand business needs and develop data-driven solutions
* Achievements:
	+ Improved client satisfaction by 25% through data-driven insights and recommendations
	+ Developed a predictive model using regression analysis to forecast client churn
	+ Presented findings to clients through interactive dashboards, resulting in a 10% increase in sales

Education:

* Bachelor's Degree in Mathematics, XYZ University (2015)

Certifications:

* Certified Data Analyst, Data Science Council of America (2018)
* Certified Excel Expert, Microsoft Corporation (2017)

References:

Available upon request.","Rachel Lindsey
Contact Information:

* Phone: (123) 456-7890
* Email: [rachel.lindsey@email.com](mailto:rachel.lindsey@email.com)
* LinkedIn: linkedin.com/in/rachel-lindsey
* GitHub: github.com/rachel-lindsey

Summary:

Highly motivated and detail-oriented data analyst with 3+ years of experience in extracting insights from complex data sets. Proficient in a range of tools, including Excel, Python, Tableau, Power BI, and SQL. Proven ability to communicate complex data findings to stakeholders and drive business decisions.

Professional Experience:

Data Analyst, ABC Corporation (2020-Present)

* Analyze large datasets to identify trends and opportunities for business growth
* Develop and maintain databases using SQL, ensuring data accuracy and integrity
* Create interactive dashboards using Tableau and Power BI to visualize data insights for stakeholders
* Use Python to automate data processing and machine learning tasks
* Collaborate with cross-functional teams to identify business needs and develop data-driven solutions

Data Analyst, DEF Agency (2018-2020)

* Extracted and analyzed data from various sources to inform business decisions
* Created reports and visualizations using Excel and Tableau to communicate findings to stakeholders
* Developed and maintained databases using SQL, ensuring data accuracy and integrity
* Assisted in the development of data-driven marketing campaigns using Power BI

Education:

* Bachelor's Degree in Mathematics, XYZ University (2018)

Skills:

* Data Analysis:
	+ Excel (Advanced)
	+ Python (Intermediate)
	+ Tableau (Advanced)
	+ Power BI (Intermediate)
	+ SQL (Advanced)
* Data Visualization:
	+ Tableau (Advanced)
	+ Power BI (Intermediate)
	+ D3.js (Basic)
* Programming:
	+ Python (Intermediate)
	+ R (Basic)
	+ SQL (Advanced)
* Operating Systems:
	+ Windows
	+ macOS
* Tools:
	+ Jupyter Notebook
	+ Git
	+ Microsoft Office

Achievements:

* Improved Data Accuracy: Implemented a data validation process using SQL, resulting in a 20% reduction in data errors
* Increased Business Growth: Analyzed sales data and developed a predictive model using Python, resulting in a 15% increase in sales revenue
* Enhanced Stakeholder Engagement: Created interactive dashboards using Tableau and Power BI, resulting in a 30% increase in stakeholder engagement

Certifications:

* Certified Data Analyst, Data Science Council of America (2019)
* Certified Associate in Data Science, International Institute for Analytics (2020)

References:

Available upon request."
"As a Full Stack Developer, you'll lead the design and development of cutting-edge cloud computing.","Christine Stein
Full Stack Developer

Contact Information:

* Phone: (123) 456-7890
* Email: [christine.stein@email.com](mailto:christine.stein@email.com)
* LinkedIn: linkedin.com/in/christinestein
* GitHub: github.com/christinestein

Summary:
Highly motivated and detail-oriented Full Stack Developer with 5+ years of experience in designing, developing, and deploying scalable web applications using HTML, CSS, JavaScript, React, and database management systems. Proficient in APIs and proficient in working with cross-functional teams to deliver high-quality projects on time. Profound passion for staying up-to-date with the latest web development trends and technologies.

Technical Skills:

* Programming Languages: HTML, CSS, JavaScript, React
* Database Management: MySQL, MongoDB, PostgreSQL
* APIs: RESTful APIs, GraphQL
* Front-end Development: React, Redux, Webpack
* Back-end Development: Node.js, Express.js
* Operating Systems: Windows, Linux, macOS
* Version Control Systems: Git, SVN
* Agile Methodologies: Scrum, Kanban

Professional Experience:

Senior Full Stack Developer, ABC Company (2020-Present)

* Designed and developed multiple web applications using React, Node.js, and Express.js
* Collaborated with cross-functional teams to deliver high-quality projects on time and within budget
* Implemented database management systems using MySQL and MongoDB
* Developed RESTful APIs using Node.js and Express.js
* Participated in code reviews and ensured adherence to coding standards
* Mentored junior developers in web development best practices

Full Stack Developer, DEF startup (2018-2020)

* Developed multiple web applications using React, JavaScript, and HTML/CSS
* Worked with the design team to create visually appealing and user-friendly interfaces
* Implemented database management systems using PostgreSQL and MongoDB
* Developed RESTful APIs using Node.js and Express.js
* Participated in agile development methodologies and ensured timely project delivery

Education:

* Bachelor of Science in Computer Science, XYZ University (2015-2019)

Achievements:

* Certified Full Stack Developer, Certified by ABC Institute (2020)
* React Native Certification, Certified by DEF Institute (2019)
* Contributor to Open-Source Projects, Contributed to multiple open-source projects on GitHub (2018-Present)

Projects:

* Personal Website, Built a personal website using React, Node.js, and Express.js (2020)
* E-commerce Website, Developed an e-commerce website using React, Node.js, and Express.js (2019)
* Blog Website, Built a blog website using React, Node.js, and Express.js (2018)

References:
Available upon request.","Kevin Kane
Contact Information:

* Address: 123 Main St, Anytown, USA 12345
* Phone: (555) 555-5555
* Email: [kevinkane@email.com](mailto:kevinkane@email.com)
* LinkedIn: linkedin.com/in/kevinkane

Professional Summary:
Highly motivated and detail-oriented Full Stack Developer with 5+ years of experience in designing and developing scalable, efficient, and user-friendly web applications using a range of technologies including React, Node.js, CSS, and JavaScript. Proven track record of delivering projects on time and exceeding client expectations.

Technical Skills:

* Front-end: React, JavaScript, CSS, HTML
* Back-end: Node.js, Express.js, MongoDB
* Database Management: MongoDB, MySQL
* APIs: RESTful APIs, GraphQL
* Operating Systems: Windows, Linux
* Agile Methodologies: Scrum, Kanban

Professional Experience:

Senior Full Stack Developer, ABC Company (2018-Present)

* Designed and developed multiple web applications using React, Node.js, and MongoDB, resulting in a 30% increase in user engagement
* Collaborated with cross-functional teams to identify and prioritize project requirements, ensuring timely delivery of high-quality projects
* Implemented RESTful APIs using Node.js and Express.js, resulting in a 25% reduction in development time
* Mentored junior developers in best practices and coding standards, contributing to the growth and development of the team

Full Stack Developer, DEF Agency (2015-2018)

* Developed and maintained multiple web applications using React, Node.js, and MongoDB, resulting in a 25% increase in user satisfaction
* Designed and implemented a modular, scalable architecture for a large-scale web application, reducing development time by 40%
* Collaborated with designers to create visually appealing and user-friendly interfaces, resulting in a 20% increase in user engagement

Education:

* Bachelor of Science in Computer Science, XYZ University (2015)

Achievements:

* Recipient of the ""Developer of the Year"" award at ABC Company in 2020
* Contributed to the development of an open-source React library, resulting in a 50% increase in adoption
* Published multiple blog posts on front-end development best practices, reaching a global audience

Certifications:

* Certified Scrum Master (CSM), Scrum Alliance (2019)
* Certified Node.js Developer, Node.js Foundation (2017)

References:
Available upon request."
We are looking for an experienced Human Resources Specialist to join our team and help drive groundbreaking solutions in software engineering.,"Derrick Johnson
Human Resources Specialist

Contact Information:

* Phone: (555) 123-4567
* Email: [derrick.johnson@email.com](mailto:derrick.johnson@email.com)
* LinkedIn: linkedin.com/in/derrickjohnsonhr

Professional Summary:

Results-driven Human Resources Specialist with 5+ years of experience in Employee Relations, HR Software, Onboarding, Training and Development, and Conflict Resolution. Proven track record of improving employee engagement, reducing turnover, and increasing productivity. Skilled in creating and implementing effective HR strategies that drive business results.

Work Experience:

Human Resources Generalist
 XYZ Corporation (2018-Present)

* Managed employee relations, investigations, and conflict resolution, resulting in a 30% reduction in workplace complaints
* Developed and implemented training programs, resulting in a 25% increase in employee engagement
* Implemented HRIS system, improving time-to-hire by 40% and reducing errors by 30%
* Conducted onboarding sessions for new hires, improving first-year retention by 20%
* Collaborated with management to develop and implement performance management processes

Human Resources Coordinator
 ABC Inc. (2015-2018)

* Assisted with employee relations, including investigations, conflict resolution, and benefits administration
* Coordinated new hire onboarding, resulting in a 25% increase in first-year retention
* Developed and implemented training programs, resulting in a 20% increase in employee engagement
* Maintained HR records, including employee files, benefits, and performance management documents
* Provided administrative support to HR team, including data entry, reporting, and special projects

Education:

* Bachelor's Degree in Human Resources Management, [University Name] (2015)

Certifications:

* Society for Human Resource Management (SHRM) Certified Professional (SHRM-CP)
* Human Resources Certification Institute (HRCI) Certified Professional in Human Resources (PHR)

Skills:

* HRIS systems (Workday, BambooHR)
* Employee relations and conflict resolution
* Training and development (facilitation, curriculum design)
* Onboarding and orientation
* Performance management and evaluation
* Benefits administration
* HR software (HRIS, recruiting, talent management)

Achievements:

* Won the ""HR Department of the Year"" award at XYZ Corporation (2020)
* Completed a comprehensive HR audit, resulting in a 25% reduction in HR-related costs (2019)
* Developed and implemented a diversity and inclusion initiative, increasing employee diversity by 15% (2018)

Professional Memberships:

* Society for Human Resource Management (SHRM)
* Human Resources Association of [State/City]
* National Human Resources Association (NHRA)

References:

Available upon request.","Heidi Murray
Human Resources Specialist

Contact Information:

* Address: 123 Main St, Anytown, USA 12345
* Phone: (555) 555-5555
* Email: [hmurray@email.com](mailto:hmurray@email.com)
* LinkedIn: linkedin.com/in/heidimurrayhr

Professional Summary:
Results-driven Human Resources Specialist with 8+ years of experience in recruitment, employee relations, and HR software management. Proven track record of successful onboarding, talent acquisition, and employee engagement strategies. Skilled in HR software implementation, training, and process improvement. Dedicated to providing exceptional support to employees and management to drive business success.

Work Experience:

Human Resources Coordinator
ABC Corporation (2018-Present)

* Assist in the recruitment and hiring process, including job postings, candidate screening, and interview coordination
* Manage employee onboarding process, including benefits enrollment, compliance, and orientation
* Develop and maintain employee relations, including conflict resolution, employee communications, and performance management
* Implement and maintain HR software systems, including applicant tracking systems, HRIS, and performance management tools
* Collaborate with management to develop and implement HR policies and procedures
* Analyze HR data and metrics to inform business decisions

Human Resources Generalist
XYZ Inc. (2015-2018)

* Provided HR support to management, including recruitment, onboarding, and employee relations
* Developed and implemented employee engagement initiatives, including training programs and employee recognition
* Managed employee benefits, including open enrollment, benefits administration, and compliance
* Coordinated HR-related projects, including policy development, compliance training, and HR software implementation
* Collaborated with management to develop and implement performance management processes
* Conducted exit interviews and analyzed data to inform business decisions

Education:

* Bachelor's Degree in Human Resources, XYZ University (2015)

Certifications:

* SHRM-CP (Society for Human Resource Management Certified Professional)
* PHR (Professional in Human Resources)

Skills:

* HR software implementation and management (Workday, BambooHR, ADP)
* Recruitment and talent acquisition
* Employee relations and conflict resolution
* Onboarding and training programs
* HRIS and performance management systems
* Employee engagement and retention strategies
* Policy development and compliance
* Data analysis and metrics reporting

Achievements:

* Implemented HR software system, resulting in 25% reduction in recruitment time and 30% improvement in employee onboarding
* Developed and implemented employee engagement initiatives, resulting in 20% increase in employee satisfaction ratings
* Collaborated with management to develop and implement performance management processes, resulting in 15% increase in employee retention
* Conducted exit interviews and analyzed data, resulting in 10% reduction in turnover rates

References:
Available upon request."
We're hiring a System Administrator to develop and deliver high-quality solutions to transform our e-commerce.,"Karen Smith
System Administrator

Contact Information:

* Phone: (123) 456-7890
* Email: [karen.smith@email.com](mailto:karen.smith@email.com)
* LinkedIn: linkedin.com/in/karensmith

Summary:
Highly motivated and detail-oriented System Administrator with 8 years of experience in managing and maintaining complex IT systems, networks, and infrastructure. Skilled in Linux/Unix, Windows Server, Active Directory, Networking, and System Monitoring. Proven track record of improving system reliability, security, and performance. Strong problem-solving skills and ability to work effectively in a team environment.

Technical Skills:

* Operating Systems: Linux (Red Hat, Ubuntu), Unix, Windows Server (2008-2019)
* Networking: TCP/IP, DNS, DHCP, Firewall configuration (Cisco, Juniper)
* System Monitoring: Nagios, SolarWinds, Prometheus, Grafana
* Active Directory: Domain configuration, Group Policy, User and Group Management
* Scripting: Bash, PowerShell, Perl
* Virtualization: VMware, Hyper-V

Professional Experience:

System Administrator, XYZ Corporation (2018-Present)

* Manage and maintain a large-scale Windows Server environment, including domain controllers, file servers, and application servers
* Design and implement network security policies, including firewall rules and access control lists
* Monitor and troubleshoot system performance issues, using tools such as Nagios and SolarWinds
* Provide technical support to end-users, including desktop and laptop support, and troubleshooting of application issues
* Collaborate with the IT team to design and implement new technologies, including virtualization and cloud computing

Senior System Administrator, ABC Company (2015-2018)

* Managed and maintained a Linux/Unix environment, including system updates, patches, and upgrades
* Configured and managed network routers, switches, and firewalls
* Designed and implemented system monitoring and alerting systems, using tools such as Nagios and Prometheus
* Provided technical support to end-users, including system administration and troubleshooting of network issues
* Participated in the design and implementation of new IT projects, including the deployment of Active Directory and Exchange Server

Education:

* Bachelor's Degree in Computer Science, [University Name] (2010-2014)

Certifications:

* CompTIA A+ (2012)
* Microsoft Certified System Administrator (MCSA) (2015)

Achievements:

* Improved system uptime by 30% through the implementation of a new system monitoring and alerting system
* Reduced help desk tickets by 25% through the implementation of a new technical support process
* Designed and implemented a new virtualization infrastructure, resulting in a 40% reduction in hardware costs
* Collaborated with the IT team to design and implement a new cloud computing infrastructure, resulting in a 50% reduction in data center costs

References:
Available upon request.","Charles Pacheco
Contact Information:

* Phone: (555) 123-4567
* Email: [charles.pacheco@email.com](mailto:charles.pacheco@email.com)
* LinkedIn: linkedin.com/in/charlespacheco

Summary:
Highly skilled System Administrator with over 8 years of experience in managing and maintaining large-scale Linux/Unix environments, networks, and virtualization systems. Proven track record of delivering high-availability systems, ensuring data security, and providing exceptional technical support. Adept at troubleshooting complex issues and implementing efficient solutions.

Technical Skills:

* Linux/Unix (Red Hat, Ubuntu, CentOS)
* Networking (TCP/IP, DNS, DHCP, Firewalls)
* Virtualization (VMware, KVM, Xen)
* Scripting (Bash, Python, Perl)
* Cloud Computing (AWS, Azure)
* Database Management (MySQL, PostgreSQL)
* Security (Firewalls, Access Control Lists, Encryption)

Professional Experience:

Senior System Administrator, ABC Corporation (2018-Present)

* Manage and maintain a fleet of 200+ Linux servers, ensuring high availability and performance
* Design and implement network infrastructure, including firewalls, load balancers, and VPNs
* Implement and manage virtualization solutions, including VMware and KVM
* Develop and maintain scripts for automation and monitoring of systems
* Collaborate with development teams to ensure smooth deployment of applications
* Provide exceptional technical support to end-users, resolving complex issues in a timely manner

System Administrator, DEF Company (2015-2018)

* Managed and maintained a large-scale network infrastructure, including routers, switches, and firewalls
* Implemented and managed virtualization solutions, including Xen and KVM
* Developed and maintained scripts for automation and monitoring of systems
* Collaborated with development teams to ensure smooth deployment of applications
* Provided technical support to end-users, resolving complex issues in a timely manner

Education:

* Bachelor's Degree in Computer Science, XYZ University (2010-2014)

Certifications:

* Red Hat Certified Engineer (RHCE)
* Cisco Certified Network Associate (CCNA)
* VMware Certified Professional (VCP)

Achievements:

* Implemented a virtualization solution that resulted in a 30% reduction in server costs and a 25% increase in system availability
* Designed and implemented a network infrastructure that resulted in a 50% increase in network throughput and a 20% reduction in network latency
* Developed and maintained a script that automated the deployment of new servers, resulting in a 75% reduction in deployment time
* Collaborated with development teams to ensure smooth deployment of applications, resulting in a 90% reduction in downtime

References:
Available upon request."
