description,resume_accept,resume_reject
"As a AI Researcher, you will play a pivotal role in shaping the future of healthcare.","Melanie Livingston
AI Researcher

Contact Information:

* Email: [melanie.livingston@email.com](mailto:melanie.livingston@email.com)
* Phone: 555-555-5555
* LinkedIn: linkedin.com/in/melanielivingston
* GitHub: github.com/melanielivingston

Summary:
Highly motivated and detail-oriented AI researcher with expertise in Natural Language Processing (NLP), Computer Vision, and Reinforcement Learning. Proficient in designing and implementing cutting-edge AI models using Transformers, with a strong track record of delivering high-impact research projects. Profound understanding of AI principles, machine learning algorithms, and software development practices.

Professional Experience:

AI Researcher, XYZ Corporation (2020-Present)

* Designed and developed AI models using Transformers for NLP tasks, achieving state-of-the-art results on benchmark datasets
* Collaborated with cross-functional teams to integrate AI models into production environments, improving overall system performance and efficiency
* Conducted research on Reinforcement Learning techniques for optimizing AI model performance, resulting in a 30% improvement in model accuracy
* Published research papers on AI applications in top-tier conferences, including NeurIPS and ICLR

Research Assistant, ABC University (2018-2020)

* Assisted in the development of AI models using Computer Vision techniques for object detection and image classification
* Contributed to the design and implementation of AI-based systems for autonomous vehicles, achieving a 25% reduction in system latency
* Co-authored research papers on AI applications in top-tier conferences, including CVPR and ICCV

Education:

* Ph.D. in Computer Science, ABC University (2018)
	+ Dissertation: ""Transformers for NLP: A Study on Architectural Design and Optimization Techniques""
* M.Sc. in Computer Science, DEF University (2015)
	+ Thesis: ""Reinforcement Learning for Robotics: A Survey and Experimental Evaluation""

Skills:

* Programming languages: Python, C++, Java
* AI frameworks: PyTorch, TensorFlow, Keras
* NLP libraries: NLTK, spaCy, scikit-learn
* Computer Vision libraries: OpenCV, Pillow
* Reinforcement Learning libraries: Gym, Stable Baselines
* Transformers architectures: BERT, RoBERTa, XLNet

Achievements:

* Published research papers in top-tier conferences and journals (NeurIPS, ICLR, CVPR, ICCV)
* Developed and deployed AI models into production environments, achieving significant improvements in system performance and efficiency
* Collaborated with industry partners to apply AI solutions to real-world problems, resulting in successful product launches and revenue growth
* Received the Best Paper Award at the 2020 NeurIPS conference for the paper ""Transformers for NLP: A Study on Architectural Design and Optimization Techniques""

Professional Memberships:

* Association for the Advancement of Artificial Intelligence (AAAI)
* Institute of Electrical and Electronics Engineers (IEEE)
* Association for Computing Machinery (ACM)

References:
Available upon request.","Darlene Williams
Contact Information:

* Email: [darlene.williams@email.com](mailto:darlene.williams@email.com)
* Phone: (123) 456-7890
* LinkedIn: linkedin.com/in/darlenerwilliams
* GitHub: github.com/darlenerwilliams

Professional Summary:

Highly motivated and experienced AI Researcher with a strong background in NLP, Computer Vision, and Deep Learning. Proficient in PyTorch and familiar with various AI frameworks. Proven track record of developing and implementing innovative AI solutions, with a focus on improving model performance and interpretability.

Technical Skills:

* Deep Learning: NLP, Computer Vision, GANs, Transformers
* Programming Languages: Python, PyTorch
* Frameworks: PyTorch, TensorFlow
* Libraries: NumPy, SciPy, scikit-learn
* Operating Systems: Windows, Linux
* Tools: Jupyter Notebook, Git, Docker

Research Experience:

AI Researcher, XYZ Corporation (2018-Present)

* Developed and implemented novel NLP models using Transformers and GANs, resulting in a 20% improvement in model accuracy
* Collaborated with cross-functional teams to integrate AI solutions into production environments, ensuring seamless deployment and scalability
* Designed and conducted experiments to optimize model performance, leveraging PyTorch and PyTorch Lightning
* Published research papers on NLP and Computer Vision applications in top-tier conferences, including ICML and CVPR

Research Assistant, ABC University (2015-2018)

* Assisted in the development of Computer Vision models using ConvNets and GANs, leading to a 15% improvement in model performance
* Contributed to the design and implementation of NLP experiments using PyTorch and scikit-learn
* Presented research findings at conferences and workshops, including ICLR and NeurIPS

Education:

* Ph.D. in Computer Science, ABC University (2015)
* M.Sc. in Computer Science, DEF University (2012)
* B.Sc. in Computer Science, GHI University (2010)

Achievements:

* Best Paper Award, ICML 2020, for research on ""Improved NLP Model Performance using Transformers and GANs""
* Research Grant, XYZ Corporation, for development of novel AI solutions for Computer Vision and NLP applications
* Publication, CVPR 2019, for research on ""Deep Learning for Computer Vision: A Survey and Experimental Analysis""

Professional Memberships:

* ACM SIGAI
* IEEE Computer Society
* Neural Information Processing Systems (NIPS)

References:

Available upon request."
"As a Blockchain Developer, you'll lead the design and development of cutting-edge AI.","Bethany Rodriguez
Contact Information:

* Phone: (555) 123-4567
* Email: [bethany.rodriguez@email.com](mailto:bethany.rodriguez@email.com)
* LinkedIn: linkedin.com/in/bethanyrodriguez

Professional Summary:
Highly skilled Blockchain Developer with expertise in Ethereum, Smart Contracts, and Web3.js. Proven track record of delivering scalable and secure blockchain solutions. Passionate about leveraging blockchain technology to drive innovation and disruption in various industries.

Technical Skills:

* Programming languages: Solidity, JavaScript, Python
* Blockchain platforms: Ethereum
* Smart Contract development: Web3.js, Truffle Suite
* Consensus Algorithms: Proof of Work, Proof of Stake
* Development frameworks: Node.js, React
* Agile methodologies: Scrum, Kanban

Professional Experience:

Blockchain Developer, XYZ Corporation (2020-Present)

* Designed and developed multiple blockchain-based applications using Ethereum and Web3.js
* Collaborated with cross-functional teams to integrate blockchain solutions with existing infrastructure
* Implemented and deployed multiple Smart Contracts using Truffle Suite and Web3.js
* Utilized Consensus Algorithms to improve the security and scalability of blockchain networks

Blockchain Engineer, ABC Startups (2018-2020)

* Led the development of a blockchain-based supply chain management system using Ethereum and Web3.js
* Designed and implemented a decentralized identity management system using Smart Contracts and Web3.js
* Worked closely with clients to understand their blockchain needs and deliver customized solutions

Education:

* Bachelor of Science in Computer Science, [University Name] (2018)

Achievements:

* Ethereum Hackathon Winner, 2020 - Developed a blockchain-based voting system using Ethereum and Web3.js
* Blockchain Development Bootcamp, 2019 - Completed a comprehensive blockchain development course covering Ethereum, Smart Contracts, and Web3.js
* Python Programming Certification, 2018 - Completed a certification program in Python programming

Projects:

* Decentralized Identity Management System - Developed a decentralized identity management system using Smart Contracts and Web3.js
* Blockchain-based Voting System - Developed a blockchain-based voting system using Ethereum and Web3.js
* Supply Chain Management System - Developed a blockchain-based supply chain management system using Ethereum and Web3.js

Certifications:

* Certified Blockchain Developer, [Certification Name] (2020)
* Certified Ethereum Developer, [Certification Name] (2019)

References:
Available upon request.","April Rodriguez
Blockchain Developer

Contact Information:

* Email: [april.rodriguez@email.com](mailto:april.rodriguez@email.com)
* Phone: 555-555-5555
* LinkedIn: linkedin.com/in/aprilrodriguez
* GitHub: github.com/aprilrodriguez

Professional Summary:
Highly skilled Blockchain Developer with expertise in designing and implementing secure and scalable blockchain solutions using Smart Contracts, Cryptography, and Web3.js. Proven track record of delivering complex blockchain projects on time and on budget. Proficient in Consensus Algorithms and experienced in collaborating with cross-functional teams to drive innovation and growth.

Technical Skills:

* Programming languages: Solidity, JavaScript, Python
* Blockchain platforms: Ethereum, Hyperledger Fabric
* Smart Contract development: Solidity, Web3.js
* Cryptography: Elliptic Curve Cryptography, Hash functions
* Consensus Algorithms: Proof of Work, Proof of Stake
* Databases: MongoDB, PostgreSQL
* Agile methodologies: Scrum, Kanban

Professional Experience:

Senior Blockchain Developer, ABC Corporation (2020-Present)

* Designed and implemented a secure and scalable blockchain-based supply chain management system using Smart Contracts and Web3.js
* Collaborated with the engineering team to develop a Proof of Stake consensus algorithm for a private blockchain network
* Implemented end-to-end encryption using Elliptic Curve Cryptography for secure data transmission
* Worked closely with the business team to identify and prioritize project requirements and deliverables

Blockchain Developer, DEF Startups (2018-2020)

* Developed a decentralized application using Web3.js and Solidity for a cryptocurrency exchange platform
* Implemented a Proof of Work consensus algorithm for a public blockchain network
* Designed and implemented a secure and efficient data storage solution using MongoDB and PostgreSQL
* Collaborated with the DevOps team to deploy and maintain blockchain nodes on cloud infrastructure

Education:

* Master of Science in Computer Science, XYZ University (2018)
* Bachelor of Science in Computer Science, ABC University (2016)

Certifications:

* Certified Blockchain Developer, Blockchain Council (2020)
* Certified Cryptographer, International Association for Cryptologic Research (2019)

Achievements:

* Winner, Blockchain Hackathon (2019) - Developed a decentralized application for voting systems using Web3.js and Solidity
* Finalist, Blockchain Innovation Award (2020) - Proposed a novel consensus algorithm for private blockchain networks
* Speaker, Blockchain Conference (2020) - Presented on ""Designing Secure and Scalable Blockchain Solutions""

References:
Available upon request."
"As a Data Engineer, you will play a pivotal role in shaping the future of healthcare.","Tanner Harris
Data Engineer

Contact Information:

* Phone: (123) 456-7890
* Email: [tanner.harris@email.com](mailto:tanner.harris@email.com)
* LinkedIn: linkedin.com/in/tannerharris
* GitHub: github.com/tannerharris

Professional Summary:
Highly motivated and detail-oriented Data Engineer with 5+ years of experience in designing, developing, and deploying scalable data pipelines and architectures. Skilled in MLOps, ETL, Big Data, Cloud Platforms, Spark, and Data Warehousing. Proven track record of delivering high-quality solutions that meet business requirements and drive data-driven decision making.

Technical Skills:

* Programming languages: Python, Scala, Java
* Data Engineering tools: Apache Spark, Apache Kafka, Apache Beam
* Cloud Platforms: AWS, GCP, Azure
* Data Warehousing: Amazon Redshift, Google BigQuery
* MLOps: TensorFlow, PyTorch, scikit-learn
* ETL: Apache NiFi, AWS Glue
* Big Data: Hadoop, NoSQL databases (e.g. Cassandra, MongoDB)
* Operating Systems: Linux, Windows

Professional Experience:

Senior Data Engineer, ABC Corporation (2020-Present)

* Designed and developed a scalable ETL pipeline using Apache Beam and BigQuery to process 10TB of data per day
* Built a data lake on AWS S3 using Apache Spark and Glue to store and process 100TB of data
* Implemented a machine learning pipeline using TensorFlow and scikit-learn to predict customer churn
* Collaborated with cross-functional teams to develop and deploy data-driven features that increased revenue by 15%

Data Engineer, DEF Startups (2018-2020)

* Developed a real-time data processing pipeline using Apache Kafka and Spark Streaming to process 1TB of data per hour
* Built a data warehouse on Amazon Redshift using ETL processes and SQL queries to support business intelligence and analytics
* Implemented a data quality and governance framework using Apache NiFi and AWS Glue to ensure data accuracy and consistency
* Participated in the design and development of a cloud-based data platform using AWS and GCP

Education:

* Bachelor of Science in Computer Science, XYZ University (2015-2019)

Achievements:

* Winner of the ABC Corporation Hackathon (2020) for developing a novel machine learning algorithm that improved customer churn prediction by 20%
* Speaker at the Spark Summit (2019) on ""Designing Scalable Data Pipelines using Apache Spark and Cloud Platforms""
* Published a paper on ""MLOps: A Framework for Deploying Machine Learning Models in Production"" in the Journal of Data Science (2020)

Certifications:

* Certified Data Engineer, AWS (2020)
* Certified Spark Developer, Spark Summit (2019)

References:
Available upon request.","Alan Ross
Contact Information:

* Email: [alan.ross@email.com](mailto:alan.ross@email.com)
* Phone: (123) 456-7890
* LinkedIn: linkedin.com/in/alanross
* GitHub: github.com/alanross

Professional Summary:
Highly motivated and experienced Data Engineer with a strong background in ETL, Big Data, and Cloud Platforms. Proven track record of designing and implementing scalable data architectures using Apache Spark, Hadoop, and NoSQL databases. Skilled in cloud migration strategies and passionate about leveraging data engineering techniques to drive business insights.

Technical Skills:

* Programming languages: Python, Java, Scala
* Data engineering tools: Apache Spark, Hadoop, Apache NiFi, AWS Glue
* Cloud platforms: AWS, Azure, Google Cloud
* Database management: MySQL, PostgreSQL, MongoDB
* Operating Systems: Linux, Windows
* Agile methodologies: Scrum, Kanban

Professional Experience:

Senior Data Engineer, ABC Corporation (2018-Present)

* Designed and implemented a large-scale ETL pipeline using Apache Spark and AWS Glue to process 10 TB of data daily
* Collaborated with cross-functional teams to develop a data warehouse using Amazon Redshift and MongoDB
* Developed and maintained a real-time data processing framework using Apache Kafka and Apache Storm
* Migrated a 5-year-old data processing architecture from on-premises to AWS, resulting in 30% cost savings
* Mentored junior engineers on data engineering concepts and best practices

Data Engineer, DEF Startups (2015-2018)

* Developed a big data processing framework using Apache Hadoop and Apache Spark to process 100 GB of data daily
* Designed and implemented a data quality framework using Apache NiFi and Apache Airflow
* Worked with the data science team to develop a predictive modeling framework using Apache Spark and scikit-learn
* Collaborated with the DevOps team to implement a continuous integration and deployment pipeline using Jenkins and Docker

Education:

* Bachelor's degree in Computer Science, XYZ University (2010-2014)

Achievements:

* Completed a data engineering bootcamp program in Apache Spark and Hadoop
* Participated in a hackathon and won first prize for a data-driven project using Apache Spark and NoSQL databases
* Published a research paper on ""Real-time Data Processing using Apache Kafka and Apache Storm"" in a leading data engineering conference

Certifications:

* Certified Data Engineer, Data Engineering Council (2019)
* Certified Big Data Engineer, Big Data Council (2017)

References:
Available upon request."
"As a Digital Marketing Specialist, you'll lead the design and development of cutting-edge machine learning.","Elizabeth Mccall
Contact Information:

* Email: [elizabeth.mccall@email.com](mailto:elizabeth.mccall@email.com)
* Phone: 555-555-5555
* LinkedIn: linkedin.com/in/elizabethmccall
* Twitter: @emccall

Professional Summary:
Results-driven Digital Marketing Specialist with 5+ years of experience in driving online growth through search engine optimization (SEO), content marketing, and analytics-driven strategies. Proven track record of increasing website traffic, improving search engine rankings, and boosting conversions. Skilled in leveraging analytics tools to inform data-driven decisions and optimize marketing campaigns.

Work Experience:

Digital Marketing Specialist, XYZ Corporation (2018-Present)

* Developed and executed comprehensive SEO strategies to improve website rankings, drive organic traffic, and increase conversions
* Created and implemented content marketing campaigns, resulting in a 300% increase in blog engagement and a 25% increase in social media followers
* Utilized analytics tools (Google Analytics, SEMrush, Ahrefs) to track website performance, identify areas for improvement, and inform marketing strategies
* Collaborated with cross-functional teams to launch new campaigns, optimize landing pages, and improve overall website user experience
* Managed and maintained a team of digital marketing coordinators, providing guidance and support to ensure successful campaign execution

Senior Digital Marketing Coordinator, ABC Agency (2015-2018)

* Conducted keyword research and implemented SEO strategies to improve website rankings and drive organic traffic
* Created and published high-quality, engaging content across multiple channels (blog, social media, email newsletters)
* Analyzed website performance and campaign metrics using analytics tools, providing data-driven insights to inform marketing decisions
* Assisted in the development and execution of digital marketing campaigns, including email marketing, social media advertising, and paid search advertising

Education:

* Bachelor's Degree in Marketing, [University Name] (2015)

Skills:

* SEO (keyword research, on-page optimization, link building)
* Content Marketing (content creation, distribution, promotion)
* Analytics Tools (Google Analytics, SEMrush, Ahrefs)
* Digital Marketing Strategy and Planning
* Team Management and Leadership
* Data Analysis and Interpretation

Achievements:

* Winner, [Industry Award] for ""Best Use of SEO in Digital Marketing"" (2019)
* Featured Speaker, [Industry Conference] on ""Maximizing ROI with Data-Driven Digital Marketing"" (2020)
* Published Author, [Industry Publication] on ""The Future of Content Marketing: Trends and Best Practices"" (2018)

Certifications:

* Google Analytics Certification
* HubSpot Inbound Marketing Certification

References:
Available upon request.","Kristin Hamilton
Digital Marketing Specialist

Contact Information:

* Email: [kristin.hamilton@email.com](mailto:kristin.hamilton@email.com)
* Phone: 555-555-5555
* LinkedIn: linkedin.com/in/kristinhamilton

Professional Summary:

Results-driven Digital Marketing Specialist with 5+ years of experience in driving online growth through SEO, Google Ads, Email Marketing, and Analytics. Proven track record of increasing website traffic, improving conversion rates, and boosting online sales. Skilled in data analysis, campaign optimization, and team collaboration. Passionate about staying up-to-date with the latest digital marketing trends and best practices.

Work Experience:

Digital Marketing Specialist, XYZ Corporation (2018-Present)

* Develop and execute comprehensive digital marketing strategies to drive website traffic, engagement, and conversion rates
* Conduct thorough keyword research and on-page optimization to improve SEO rankings and drive organic traffic
* Manage and optimize Google Ads campaigns to achieve cost-per-click (CPC) and cost-per-acquisition (CPA) targets
* Create and send regular email newsletters to subscribers using email marketing automation tools
* Analyze campaign performance using Google Analytics and provide data-driven recommendations to improve ROI
* Collaborate with cross-functional teams to ensure alignment and consistency across all marketing channels

Senior Digital Marketing Coordinator, ABC Agency (2015-2018)

* Assisted in developing and executing digital marketing strategies to drive website traffic and engagement
* Conducted keyword research and on-page optimization to improve SEO rankings
* Managed and optimized social media campaigns to increase followers and engagement
* Created and sent regular email newsletters to subscribers using email marketing automation tools
* Analyzed campaign performance using Google Analytics and provided recommendations to improve ROI

Education:

* Bachelor's Degree in Marketing, [University Name] (2015)

Skills:

* SEO (keyword research, on-page optimization, link building)
* Google Ads (campaign management, optimization, and analysis)
* Email Marketing (automation, list management, and campaign creation)
* Analytics Tools (Google Analytics, Google Tag Manager)
* Data Analysis and Interpretation
* Team Collaboration and Communication

Achievements:

* Increased website traffic by 50% through targeted SEO and Google Ads campaigns
* Improved conversion rates by 25% through A/B testing and email marketing automation
* Developed and executed a comprehensive digital marketing strategy that resulted in a 30% increase in online sales
* Collaborated with cross-functional teams to launch a successful product launch campaign that drove 100,000+ website visitors

Certifications:

* Google Analytics Certification
* Google Ads Certification
* HubSpot Inbound Marketing Certification

References:

Available upon request."
"As a Software Engineer, you will play a pivotal role in shaping the future of education.","Renee Woods
Software Engineer

Contact Information:

* Email: [reneewoods@email.com](mailto:reneewoods@email.com)
* Phone: 555-555-5555
* LinkedIn: linkedin.com/in/reneewoods
* GitHub: github.com/reneewoods

Professional Summary:
Highly motivated and detail-oriented software engineer with 5+ years of experience in designing, developing, and deploying large-scale software systems. Skilled in a range of programming languages including Java, C++, and Python, with a strong background in algorithms and system design. Proficient in DevOps practices and tools, with experience in containerization, continuous integration, and continuous deployment.

Technical Skills:

* Programming languages: Java, C++, Python
* Development frameworks: Spring, Django, Flask
* Databases: MySQL, PostgreSQL, MongoDB
* Operating Systems: Windows, Linux, macOS
* DevOps tools: Docker, Kubernetes, Jenkins, Git
* Agile methodologies: Scrum, Kanban

Professional Experience:

Senior Software Engineer, ABC Corporation (2018-Present)

* Designed and developed multiple large-scale applications using Java, C++, and Python
* Led a team of 3-5 engineers in the development of a cloud-based platform using Spring Boot, Docker, and Kubernetes
* Implemented continuous integration and continuous deployment pipelines using Jenkins and Git
* Collaborated with cross-functional teams to identify and prioritize project requirements
* Mentored junior engineers in the development of software systems and DevOps practices

Software Engineer, DEF Startups (2015-2018)

* Developed multiple web applications using Python, Django, and Flask
* Worked on a team to design and implement a scalable e-commerce platform using MySQL, PostgreSQL, and MongoDB
* Implemented unit tests and integration tests using Pytest and Unittest
* Participated in code reviews and ensured adherence to coding standards
* Collaborated with the QA team to identify and resolve defects

Education:

* Bachelor of Science in Computer Science, XYZ University (2015)

Achievements:

* Won the ""Best Project"" award at the 2018 ABC Corporation Hackathon for developing a chatbot using Java and Spring Boot
* Published a research paper on ""Efficient Algorithm Design for Large-Scale Data Analysis"" in the 2016 IEEE International Conference on Computer Science and Engineering
* Participated in the 2017 Google Code-in Competition and received a special mention for the ""Best Contribution"" award
* Completed the ""Certified Scrum Master"" certification program in 2019

Certifications:

* Certified Scrum Master (CSM)
* Certified Java Developer (OCPJP)
* Certified Python Developer (OCPD)

References:
Available upon request.","Emily Palmer
Software Engineer

Contact Information:

* Email: [emilypalmer@email.com](mailto:emilypalmer@email.com)
* Phone: 555-555-5555
* LinkedIn: linkedin.com/in/emilypalmer
* GitHub: github.com/emilypalmer

Professional Summary:
Highly motivated and detail-oriented software engineer with 3+ years of experience in designing, developing, and deploying scalable and efficient software systems. Skilled in multiple programming languages, including Java, C++, and Python, with a strong foundation in algorithms, data structures, and system design. Proven track record of delivering high-quality solutions on time and on budget.

Technical Skills:

* Programming languages: Java, C++, Python
* Data structures: Arrays, Linked Lists, Stacks, Queues, Trees, Graphs
* Algorithms: Sorting, Searching, Graph Algorithms, Dynamic Programming
* System design: Microservices, RESTful APIs, Database Design
* Agile development methodologies: Scrum, Kanban
* Version control: Git, SVN
* Operating Systems: Windows, Linux, macOS

Professional Experience:

Software Engineer, XYZ Corporation (2018-Present)

* Designed and implemented multiple features for a large-scale e-commerce platform using Java and C++
* Developed and maintained a high-availability system for processing millions of requests per day using Python and Apache Kafka
* Collaborated with cross-functional teams to design and implement a microservices-based architecture for a new product line
* Implemented various algorithms and data structures to optimize system performance and scalability
* Participated in code reviews, ensured high-quality code, and contributed to the development of technical documentation

Software Engineer, ABC Startup (2015-2018)

* Developed a mobile app for iOS and Android using Java and Kotlin
* Designed and implemented a web scraper using Python and BeautifulSoup
* Collaborated with a team to design and develop a chatbot using natural language processing and machine learning
* Implemented various data structures and algorithms to optimize system performance and scalability
* Participated in code reviews, ensured high-quality code, and contributed to the development of technical documentation

Education:

* Bachelor of Science in Computer Science, [University Name] (2015)

Achievements:

* Awarded ""Best Code Contribution"" in 2019 for a Java-based project at XYZ Corporation
* Published a paper on ""Efficient Data Structure for Big Data Processing"" at an international conference in 2018
* Completed a hackathon project that won 2nd place in the ""Best Use of AI"" category in 2017

Certifications:

* Certified Java Developer, Oracle (2016)
* Certified C++ Programmer, C++ Institute (2015)

References:
Available upon request."
"As a UX Designer, you will play a pivotal role in shaping the future of healthcare.","Andrew Goodwin
Contact Information:

* Phone: (123) 456-7890
* Email: [andrew.goodwin@email.com](mailto:andrew.goodwin@email.com)
* LinkedIn: linkedin.com/in/andrewgoodwin
* Portfolio: andrewgoodwin.com

Professional Summary:
Highly motivated and detail-oriented UX Designer with 5+ years of experience in user research, usability testing, and interaction design. Proven track record of delivering user-centered design solutions that drive business results. Skilled in design tools such as Sketch, Figma, InVision, and Adobe Creative Suite.

Summary of Qualifications:

* User research and usability testing methods
* Interaction design principles and human-centered design
* Design tools and software (Sketch, Figma, InVision, Adobe Creative Suite)
* Experience working with cross-functional teams to deliver design solutions
* Strong communication and presentation skills

Professional Experience:

UX Designer, ABC Company (2018-Present)

* Conducted user research and usability testing to inform design decisions
* Designed and delivered high-fidelity prototypes using Sketch and Figma
* Worked closely with product teams to develop and implement user-centered design solutions
* Collaborated with stakeholders to prioritize design projects and deliver results on time
* Developed and maintained design systems and guidelines for the company
* Presented design solutions and research findings to cross-functional teams and stakeholders

Senior UX Researcher, DEF Company (2015-2018)

* Conducted user research and usability testing to inform design decisions
* Developed and implemented user research methods and tools
* Collaborated with product teams to develop and implement user-centered design solutions
* Worked with stakeholders to prioritize design projects and deliver results on time
* Developed and maintained research reports and presentations for cross-functional teams and stakeholders

Education:

* Bachelor of Fine Arts in Graphic Design, XYZ University (2010-2014)

Achievements:

* Awarded ""Best UX Design Solution"" at the 2020 Design Awards for the ""New Product Launch"" project
* Published research paper ""User Research Methods for Mobile App Design"" at the 2019 UX Research Conference
* Developed and implemented a design system that increased design efficiency by 30% and reduced design iterations by 25%

Skills:

* User research and usability testing methods
* Interaction design principles and human-centered design
* Design tools and software (Sketch, Figma, InVision, Adobe Creative Suite)
* Communication and presentation skills
* Project management and time management skills
* Experience working with cross-functional teams

Certifications:

* Certified UX Designer, UX Design Institute (2018)
* Certified User Researcher, User Research Professionals Association (2016)

References:
Available upon request.","Kristi Bryant
UX Designer

Contact Information:

* Phone: (555) 123-4567
* Email: [kristi.bryant@email.com](mailto:kristi.bryant@email.com)
* LinkedIn: linkedin.com/in/kristibryant
* Portfolio: kristibryant.design

Professional Summary:

Results-driven UX Designer with 5+ years of experience in crafting intuitive and user-centered designs across various industries. Skilled in prototyping, wireframing, usability testing, and design tools. Proven track record of delivering high-quality designs that drive business growth and improve user experience.

Technical Skills:

* Design tools: Sketch, Figma, Adobe XD, InVision
* Prototyping tools: InVision, Figma, Adobe XD
* Design systems: implementation and management
* Interaction design: principles and patterns
* Usability testing: planning, execution, and analysis
* Collaboration tools: Slack, Trello, Asana

Professional Experience:

UX Designer, ABC Company (2018-Present)

* Designed and delivered high-fidelity prototypes for various products, resulting in a 25% increase in user engagement
* Conducted usability testing and usability reports, leading to a 30% reduction in user errors
* Collaborated with cross-functional teams to develop design systems and style guides, improving design consistency across products
* Created and maintained design documentation, including style guides, design principles, and design patterns

Senior UX Designer, DEF Agency (2015-2018)

* Led design projects from concept to delivery, ensuring timely and high-quality results
* Conducted user research and analysis, informing design decisions and improving user experience
* Developed and maintained design tools, including design systems and style guides
* Mentored junior designers, providing guidance and feedback to improve design skills

Education:

* Bachelor of Fine Arts in Graphic Design, XYZ University (2010-2014)

Achievements:

* Certified UX Designer, Nielsen Norman Group (2016)
* Winner, UX Design Competition, ABC Design Conference (2018)
* Featured Speaker, UX Design Conference (2019)

Certifications:

* Certified UX Designer, Nielsen Norman Group
* Figma Certification, Figma

References:

Available upon request."
"Be part of a passionate team at the forefront of AI as a Human Resources Specialist, delivering solutions that shape the future.","Travis Hamilton
Contact Information:

* Address: 123 Main St, Anytown, USA 12345
* Phone: 555-555-5555
* Email: [travis.hamilton@email.com](mailto:travis.hamilton@email.com)
* LinkedIn: linkedin.com/in/travishamiltonhr

Professional Summary:
Highly skilled and results-driven Human Resources Specialist with 5+ years of experience in employee relations, HR software, onboarding, training and development, and conflict resolution. Proven track record of improving employee engagement, reducing turnover, and driving business growth through effective HR strategies. Possesses excellent communication, problem-solving, and analytical skills, with a strong passion for creating a positive and inclusive work environment.

Work Experience:

Human Resources Generalist, ABC Corporation (2018-Present)

* Provide HR support to employees, managers, and executives on a wide range of HR-related topics, including employee relations, benefits, and compliance
* Implemented new onboarding process, resulting in a 25% decrease in new hire turnover within the first 6 months
* Developed and delivered training programs for employees on topics such as diversity and inclusion, harassment prevention, and workplace safety
* Utilized HR software (Workday, BambooHR) to manage employee data, track compliance, and analyze HR metrics
* Collaborated with management to identify and resolve workplace conflicts, ensuring a positive and productive work environment

HR Coordinator, DEF Inc. (2015-2018)

* Assisted with recruitment, hiring, and onboarding of new employees, ensuring a smooth transition into the organization
* Coordinated employee training programs, including new hire orientation, leadership development, and compliance training
* Maintained accurate and up-to-date employee records, including benefits, performance reviews, and compliance documents
* Provided excellent customer service to employees, managers, and executives, responding to HR-related inquiries and concerns in a timely and professional manner

Education:

* Bachelor's Degree in Human Resources Management, XYZ University (2015)

Skills:

* Employee Relations
* HR Software (Workday, BambooHR)
* Onboarding
* Training and Development
* Conflict Resolution
* Communication
* Problem-Solving
* Analytical Skills
* Microsoft Office Suite (Word, Excel, PowerPoint, Outlook)

Achievements:

* Improved employee engagement scores by 15% within 1 year of implementing new employee recognition and reward program
* Reduced employee turnover by 20% within 2 years of implementing new onboarding process
* Developed and implemented comprehensive diversity and inclusion training program, resulting in increased employee satisfaction and reduced conflicts
* Utilized HR software to analyze HR metrics, identify trends, and make data-driven decisions to drive business growth

Certifications:

* SHRM-CP (Society for Human Resource Management Certified Professional)
* HRCI-CP (HR Certification Institute Certified Professional)

References:
Available upon request.","Tammy Payne
Contact Information:

* Address: 123 Main St, Anytown, USA 12345
* Phone: (555) 555-5555
* Email: [tpayne@email.com](mailto:tpayne@email.com)
* LinkedIn: linkedin.com/in/tammy-payne

Professional Summary:
Results-driven Human Resources professional with 8 years of experience in recruitment, employee relations, and HR software implementation. Proven track record of driving business results through effective talent acquisition, employee engagement, and conflict resolution. Skilled in HR software, onboarding processes, and conflict resolution. Seeking a Human Resources Specialist role where I can leverage my expertise to drive business success.

Work Experience:

Human Resources Generalist
 XYZ Corporation, Anytown, USA (2018-Present)

* Recruited, hired, and onboarded over 50 new employees per year, resulting in a 25% reduction in time-to-hire and a 95% satisfaction rate among new hires
* Implemented and managed HRIS systems, including applicant tracking systems, performance management software, and benefits administration platforms
* Conducted investigations and resolved employee conflicts, resulting in a 30% reduction in employee complaints and a 25% increase in employee satisfaction
* Collaborated with management to develop and implement employee engagement strategies, resulting in a 20% increase in employee retention and a 15% increase in productivity

Recruitment Specialist
 ABC Company, Anytown, USA (2015-2018)

* Sourced, screened, and placed over 200 candidates per year in open positions, resulting in a 90% fill rate and a 95% satisfaction rate among hiring managers
* Developed and maintained strong relationships with hiring managers, recruiters, and vendors to ensure seamless recruitment processes
* Conducted skills assessments, behavioral interviews, and reference checks to identify top candidates
* Created and implemented recruitment marketing campaigns, resulting in a 25% increase in applicant volume and a 20% increase in diversity candidate pool

Education:

* Bachelor's Degree in Human Resources, Anytown University (2010-2014)

Certifications:

* Society for Human Resource Management (SHRM) Certified Professional (2016)
* HR Certification Institute (HRCI) Certified Employee Benefit Specialist (2012)

Skills:

* HR software, including Workday, BambooHR, and ADP
* Recruitment, talent acquisition, and employee relations
* Conflict resolution, mediation, and negotiation
* Onboarding, employee engagement, and retention
* Performance management, coaching, and development
* Benefits administration, compliance, and regulatory management
* Strong communication, interpersonal, and problem-solving skills

Achievements:

* Winner of the XYZ Corporation's 2020 HR Excellence Award for outstanding contributions to employee engagement and retention
* Featured speaker at the 2019 Anytown HR Conference on the topic of conflict resolution and negotiation
* Volunteer HR committee member for the Anytown Chamber of Commerce, providing pro-bono HR services to local businesses

References:
Available upon request."
"Be part of a passionate team at the forefront of machine learning as a Content Writer, delivering solutions that shape the future.","Desiree Gutierrez
Contact Information:

* Email: [desiree.gutierrez@email.com](mailto:desiree.gutierrez@email.com)
* Phone: (555) 123-4567
* LinkedIn: linkedin.com/in/desireegutierrez
* Portfolio: desireegutierrez.com

Professional Summary:
Highly skilled and versatile content creator with 5+ years of experience in crafting engaging, SEO-friendly content for various industries. Proven track record of delivering high-quality content that drives results. Proficient in writing, editing, and proofreading for multiple formats, including blog posts, articles, website content, and social media.

Summary of Experience:

* Content Writer, XYZ Corporation (2018-Present)
	+ Developed and implemented content strategies to drive website traffic and engagement
	+ Created high-quality, SEO-optimized content for various industries, including technology, healthcare, and finance
	+ Collaborated with cross-functional teams to ensure content aligns with business goals
* Freelance Writer (2015-2018)
	+ Wrote and edited content for clients across various industries, including blogging, article writing, and copywriting
	+ Conducted research and interviews to create engaging, informative content
	+ Edited and proofread content to ensure error-free and polished output

Key Skills:

* SEO Writing: Expertise in keyword research, on-page optimization, and link building
* Copywriting: Proven ability to craft compelling, persuasive content for various industries
* Creative Writing: Skilled in writing engaging, emotive content for various formats, including blog posts, articles, and social media
* Proofreading: Meticulous attention to detail and ability to ensure error-free content
* Content Strategy: Experienced in developing and implementing content strategies to drive business results

Achievements:

* Increased website traffic by 300% through targeted content marketing efforts
* Improved search engine rankings by 50% through optimized keyword research and on-page optimization
* Boosted social media engagement by 200% through creative, engaging content
* Published articles in industry-leading publications, including [Publication Name]

Education:

* Bachelor's Degree in English, [University Name] (2015)

Certifications:

* Google Analytics Certification, Google (2018)
* HubSpot Inbound Marketing Certification, HubSpot (2019)

References:
Available upon request.","James Ramos
Contact Information:

* Email: [james.ramos@email.com](mailto:james.ramos@email.com)
* Phone: 555-123-4567
* LinkedIn: linkedin.com/in/jamesramos
* Portfolio: jamesramos.content

Professional Summary:
Highly skilled and versatile writer with 5+ years of experience in creating engaging and informative content for various industries. Proven track record of improving website rankings through SEO writing, crafting technical and creative content that resonates with diverse audiences, and delivering high-quality writing services on time.

Summary of Skills:

* SEO Writing
* Technical Writing
* Creative Writing
* Content Strategy
* Keyword Research
* Content Optimization
* Writing Style Guides
* Blogging
* Editing and Proofreading

Professional Experience:

Content Writer, XYZ Corporation (2018-Present)

* Create high-quality, optimized content for various industries, including technology, healthcare, and finance
* Conduct keyword research and analyze search engine rankings to improve content performance
* Develop and implement content strategies to drive website traffic and engagement
* Collaborate with cross-functional teams to ensure content aligns with business goals
* Write and edit content for various formats, including blog posts, articles, and social media posts

Senior Writer, ABC Agency (2015-2018)

* Wrote and edited technical content for software documentation, user manuals, and guides
* Conducted research and analysis to ensure accuracy and completeness of content
* Collaborated with subject matter experts to develop content that met industry standards
* Developed and implemented style guides to ensure consistency in writing tone and style

Education:

* Bachelor of Arts in English, [University Name] (2015)

Achievements:

* Improved website rankings by 30% through optimized SEO writing (XYZ Corporation)
* Increased blog engagement by 50% through creative content strategies (ABC Agency)
* Developed and implemented a style guide that reduced editing time by 25% (ABC Agency)
* Published articles in several industry publications, including [Publication Name] and [Publication Name]

Certifications:

* HubSpot Content Marketing Certification
* Google Analytics Certification

References:
Available upon request."
"If you're passionate about cloud technologies, we need your expertise to help us deliver impactful products as a QA Engineer.","Daniel Lopez
Contact Information:

* Email: [dlopez@email.com](mailto:dlopez@email.com)
* Phone: (123) 456-7890
* LinkedIn: linkedin.com/in/dlopezqa

Summary:
Results-driven QA Engineer with 5+ years of experience in software testing, specializing in automated testing, test case development, and bug tracking. Skilled in Selenium, automated testing tools, and performance testing. Proven track record of delivering high-quality software products with enhanced reliability and performance.

Technical Skills:

* Programming languages: Java, Python
* Automated testing tools: Selenium, TestNG, JUnit
* Bug tracking tools: JIRA, Bugzilla
* Performance testing tools: Apache JMeter, Gatling
* Test management tools: TestRail, Zephyr
* Operating Systems: Windows, Linux, macOS
* Familiarity with Agile development methodologies and version control systems (Git)

Professional Experience:

QA Engineer, ABC Corporation (2018-Present)

* Designed and executed automated test scripts using Selenium for web applications, resulting in 30% reduction in manual testing time
* Developed and maintained test cases for complex software features, ensuring 99% test coverage
* Collaborated with cross-functional teams to identify and resolve defects, improving overall product quality
* Implemented performance testing using Apache JMeter, identifying and addressing performance bottlenecks
* Worked closely with DevOps team to integrate automated testing into CI/CD pipelines

QA Tester, DEF Startups (2015-2018)

* Conducted manual and automated testing on multiple software projects, identifying and reporting bugs
* Created and documented test cases, test scenarios, and test plans
* Conducted exploratory testing and regression testing to ensure software quality
* Worked with development team to reproduce and resolve defects
* Assisted in the development of test automation frameworks using Selenium and Python

Education:

* Bachelor's Degree in Computer Science, XYZ University (2010-2014)

Achievements:

* Certified Selenium Tester, Selenium Testing Certification Board (2016)
* Certified Scrum Master, Scrum Alliance (2018)
* Recipient of the ABC Corporation's Quality Award (2020) for outstanding contributions to software quality and testing excellence

References:
Available upon request.","Alisha Graham
Contact Information:

* Email: [alisha.graham@email.com](mailto:alisha.graham@email.com)
* Phone: 555-555-5555
* LinkedIn: linkedin.com/in/alishagraham
* GitHub: github.com/alishagraham

Professional Summary:
Highly motivated and detail-oriented QA Engineer with 5+ years of experience in manual and automated testing, performance testing, and test case development. Proven track record of delivering high-quality results on time and collaborating effectively with cross-functional teams to ensure smooth software releases.

Technical Skills:

* Manual Testing: Black box, white box, gray box testing
* Automated Testing: Selenium, Appium, JUnit
* Performance Testing: JMeter, Load Runner
* Test Case Development: TestRail, TestLink
* Agile Methodologies: Scrum, Kanban
* Version Control: Git, SVN
* Operating Systems: Windows, Linux, macOS

Professional Experience:

QA Engineer, ABC Company (2020-Present)

* Designed and executed manual and automated test cases for web and mobile applications
* Developed and maintained test automation frameworks using Selenium and Appium
* Conducted performance testing using JMeter and Load Runner to identify bottlenecks and optimize application performance
* Collaborated with development team to identify and prioritize defects
* Participated in Agile project planning and estimation exercises

QA Engineer, DEF Startups (2018-2020)

* Conducted manual testing of software applications to identify defects and defects
* Developed and maintained test cases using TestRail and TestLink
* Collaborated with cross-functional teams to ensure test coverage and defect resolution
* Participated in code reviews and provided feedback on testability and maintainability
* Implemented automation scripts using JUnit and Maven

Education:

* Bachelor's Degree in Computer Science, XYZ University (2015-2019)

Certifications:

* Certified Software Tester (CSTE), International Software Testing Qualifications Board (2019)
* Certified Associate in Software Testing (CAST), International Software Testing Qualifications Board (2018)

Achievements:

* Improved test automation coverage from 10% to 50% within 6 months at ABC Company
* Reduced defect density by 30% through effective collaboration with development team at DEF Startups
* Successfully implemented performance testing for a high-traffic web application, resulting in a 25% reduction in response time

References:
Available upon request."
"Join our fast-growing team and help us scale our product offerings as a Cloud Architect with expertise in Terraform, GCP, AWS.","Michael Powell
Cloud Architect

Contact Information:

* Email: [mpowell@email.com](mailto:mpowell@email.com)
* Phone: (555) 123-4567
* LinkedIn: linkedin.com/in/michaelpowellcloud
* Twitter: @mpowellcloud

Professional Summary:

Highly skilled Cloud Architect with 8+ years of experience in designing, implementing, and managing cloud infrastructure on Azure, GCP, and other cloud platforms. Proven track record of delivering scalable, secure, and efficient cloud solutions that meet business needs. Expertise in cloud security, compliance, and governance. Strong leadership skills, with experience in leading cross-functional teams and mentoring junior engineers.

Technical Skills:

* Cloud Platforms: Azure, GCP, AWS
* Infrastructure as Code (IaC): Terraform, CloudFormation
* Cloud Security: Identity and Access Management (IAM), Network Security Groups (NSGs), Cloud Firewall, Cloud Security Gateways
* Cloud Compliance: HIPAA, PCI-DSS, SOC 2, GDPR
* Programming Languages: Python, PowerShell, Bash
* Operating Systems: Windows, Linux

Professional Experience:

Cloud Architect, ABC Corporation (2018-Present)

* Designed and implemented a multi-cloud infrastructure on Azure and GCP, resulting in 30% cost savings and 50% reduction in provisioning time
* Led a team of 5 engineers to migrate a legacy on-premises application to the cloud, resulting in 99.99% uptime and 25% reduction in maintenance costs
* Developed and implemented a cloud security framework, resulting in 90% reduction in security incidents and 50% reduction in security compliance costs
* Collaborated with cross-functional teams to design and implement a cloud-based disaster recovery solution, resulting in 99.99% uptime and 25% reduction in disaster recovery costs

Senior Cloud Engineer, DEF Startups (2015-2018)

* Designed and implemented a cloud infrastructure on GCP, resulting in 20% cost savings and 40% reduction in provisioning time
* Developed and implemented a Terraform script to automate cloud infrastructure provisioning, resulting in 50% reduction in provisioning time and 25% reduction in errors
* Collaborated with the DevOps team to design and implement a cloud-based Continuous Integration and Continuous Deployment (CI/CD) pipeline, resulting in 25% reduction in deployment time and 50% reduction in errors

Education:

* Bachelor of Science in Computer Science, XYZ University (2010-2014)

Certifications:

* AWS Certified Cloud Practitioner (2017)
* Google Cloud Certified Professional Cloud Developer (2016)
* Microsoft Certified: Azure Solutions Architect Expert (2015)

Achievements:

* Winner of the 2020 Microsoft Azure Cloud Architect Challenge
* Featured speaker at the 2019 Google Cloud Next Conference
* Published multiple articles on cloud security and compliance in industry-leading publications

References:

Available upon request.","Justin Peterson
Cloud Architect

Contact Information:

* Email: [jpeterson@email.com](mailto:jpeterson@email.com)
* Phone: (555) 123-4567
* LinkedIn: linkedin.com/in/justinpetersen
* GitHub: github.com/justinpetersen

Professional Summary:
Highly skilled Cloud Architect with 8+ years of experience designing, implementing, and managing large-scale cloud infrastructure on Azure, GCP, and other cloud platforms. Proven track record of delivering complex projects on time and within budget, with expertise in Terraform, Kubernetes, and containerization. Strong passion for cloud computing, DevOps, and innovation.

Technical Skills:

* Cloud Platforms: Azure, GCP, AWS
* Cloud Management: Terraform, CloudFormation, CloudSigma
* Containerization: Docker, Kubernetes
* Networking: NSX, VPC, VPN
* Security: IAM, Access Control, Identity Management
* Collaboration Tools: Slack, Jira, Asana

Professional Experience:

Senior Cloud Architect, ABC Corporation (2018-Present)

* Designed and implemented a hybrid cloud infrastructure on Azure and GCP for a Fortune 500 company, resulting in 30% reduction in costs and 25% improvement in application performance.
* Led a team of 5 engineers to migrate 50+ applications to the cloud, utilizing Terraform, Docker, and Kubernetes.
* Collaborated with DevOps teams to implement CI/CD pipelines and automate testing and deployment.
* Developed and maintained cloud security policies and procedures, ensuring compliance with industry standards.

Cloud Engineer, DEF Startups (2015-2018)

* Designed and implemented cloud infrastructure on AWS and GCP for multiple start-ups, resulting in 40% reduction in costs and 20% improvement in application performance.
* Utilized Terraform to automate infrastructure deployment and management.
* Collaborated with development teams to implement continuous integration and continuous deployment (CI/CD) pipelines.
* Participated in cloud security audits and compliance efforts.

Education:

* Bachelor's Degree in Computer Science, XYZ University (2010-2014)

Certifications:

* Certified Cloud Architect, Azure (2016)
* Certified Cloud Developer, GCP (2017)
* Certified DevOps Engineer, Kubernetes (2019)

Achievements:

* Winner of the 2019 Azure Cloud Architect Competition
* Featured speaker at the 2018 GCP Cloud Summit
* Published several articles on cloud computing and DevOps in industry-leading publications

References:
Available upon request."
"Join our fast-growing team and help us scale our product offerings as a E-commerce Specialist with expertise in Analytics, Inventory Management, Online Advertising.","Stephen Lopez
Contact Information:

* Address: 123 Main St, Anytown, USA 12345
* Phone: (555) 555-5555
* Email: [stephen.lopez@email.com](mailto:stephen.lopez@email.com)
* LinkedIn: linkedin.com/in/stephenlopez

Professional Summary:
Results-driven e-commerce specialist with 5+ years of experience in inventory management, SEO, online advertising, customer service, and analytics. Proven track record of increasing online sales, improving customer satisfaction, and optimizing e-commerce operations. Skilled in leveraging data-driven insights to drive business growth and improve customer experiences.

Professional Experience:

E-commerce Specialist, Online Retailer (2018-Present)

* Managed inventory levels, optimized supply chain operations, and improved order fulfillment rates by 25%
* Developed and executed SEO strategies that increased organic traffic by 30% and online sales by 20%
* Created and managed online advertising campaigns that drove a 50% increase in conversions
* Provided exceptional customer service, resolving 95% of customer complaints and improving customer satisfaction ratings by 30%
* Analyzed sales data, website analytics, and customer feedback to inform business decisions and optimize e-commerce operations

Inventory Manager, Wholesale Distributor (2015-2018)

* Coordinated inventory levels, managed stockroom operations, and improved inventory accuracy by 90%
* Implemented inventory management software that reduced stockouts by 50% and improved order fulfillment rates by 20%
* Conducted regular inventory audits and implemented corrective actions to improve inventory management processes
* Collaborated with sales and marketing teams to develop and execute inventory strategies that met business objectives

Education:

* Bachelor's Degree in Business Administration, Anytown University (2015)

Skills:

* Inventory Management
* SEO for E-commerce
* Online Advertising (Google Ads, Facebook Ads)
* Customer Service (phone, email, chat)
* Analytics (Google Analytics, Excel)
* Data Analysis and Interpretation
* Inventory Management Software (TradeGecko, Zoho Inventory)
* E-commerce Platforms (Shopify, WooCommerce)

Achievements:

* Winner of the 2020 Online Retailer's ""E-commerce Specialist of the Year"" award
* Featured speaker at the 2019 E-commerce Summit on ""Optimizing Inventory Management for E-commerce Success""
* Developed and implemented a data-driven inventory management process that reduced inventory costs by 15% and improved order fulfillment rates by 25%

References:
Available upon request.","Jesse Martin
Contact Information:

* Address: 123 Main St, Anytown, USA 12345
* Phone: (555) 555-5555
* Email: [jmartin@email.com](mailto:jmartin@email.com)
* LinkedIn: linkedin.com/in/jessemartin

Professional Summary:
Results-driven e-commerce professional with 5+ years of experience in inventory management, customer service, and analytics. Proven track record of driving sales growth, improving customer satisfaction, and optimizing supply chain operations. Skilled in data analysis, process optimization, and team leadership.

Work Experience:

Inventory Management Specialist, ABC Retail (2018-Present)

* Managed inventory levels for multiple product categories, ensuring 99% accuracy and reducing stockouts by 30%
* Developed and implemented inventory management processes, resulting in a 25% reduction in inventory costs
* Worked closely with cross-functional teams to identify and resolve inventory-related issues
* Collaborated with suppliers to negotiate pricing and improve delivery times

Customer Service Representative, DEF E-commerce (2015-2018)

* Provided exceptional customer service to online customers, resulting in a 95% customer satisfaction rating
* Resolved customer complaints and issues in a timely and professional manner, reducing returns by 20%
* Utilized data analysis to identify customer trends and preferences, informing product recommendations and marketing strategies
* Assisted with product launches and promotions, resulting in a 15% increase in sales

Analytics and Reporting, GHI Analytics (Internship, 2014)

* Assisted in data analysis and reporting for e-commerce clients, providing insights on sales trends and customer behavior
* Developed and implemented data visualizations to communicate complex data insights to stakeholders
* Collaborated with cross-functional teams to identify areas for process improvement and implement changes

Education:

* Bachelor's Degree in Business Administration, Anytown University (2015)

Skills:

* Inventory management and control
* Customer service and relations
* Data analysis and reporting
* Process optimization and improvement
* Team leadership and collaboration
* Supply chain management
* E-commerce platforms (Shopify, Magento)
* Data visualization tools (Tableau, Power BI)
* Microsoft Office Suite (Excel, Word, PowerPoint)

Achievements:

* Winner of the ABC Retail Inventory Management Award (2020)
* Finalist for the DEF E-commerce Customer Service Award (2017)
* Featured speaker at the Anytown University Business Analytics Conference (2018)

Certifications:

* Certified Inventory Management Specialist (CIMS)
* Certified Customer Service Representative (CCSR)

References:
Available upon request."
Looking for an experienced Cloud Architect to join us in driving strategic initiatives and bringing innovation to e-commerce.,"Jason Ward
Cloud Architect

Contact Information:

* Phone: (123) 456-7890
* Email: [jason.ward@email.com](mailto:jason.ward@email.com)
* LinkedIn: linkedin.com/in/jasonwardcloud

Professional Summary:
Results-driven Cloud Architect with 8+ years of experience in designing, implementing, and managing scalable cloud infrastructure on AWS, Azure, and GCP. Proven track record of delivering high-quality cloud solutions that meet business requirements, improve efficiency, and reduce costs. Skilled in cloud migration, security, and compliance.

Technical Skills:

* Cloud Platforms: AWS, Azure, GCP
* Cloud Services: IaaS, PaaS, SaaS, Serverless Computing
* Programming Languages: Python, Java, C#, JavaScript
* Databases: Relational (MySQL, PostgreSQL), NoSQL (MongoDB, Cassandra)
* Operating Systems: Windows, Linux, macOS
* Security: Identity and Access Management (IAM), Network Security, Encryption
* DevOps Tools: Jenkins, Docker, Kubernetes, Ansible

Professional Experience:

Senior Cloud Architect, ABC Corporation (2018-Present)

* Design and implement cloud infrastructure on AWS, Azure, and GCP for enterprise clients
* Lead cloud migration projects, ensuring seamless transition from on-premises to cloud environments
* Develop and maintain cloud security policies, ensuring compliance with industry regulations
* Collaborate with cross-functional teams to design and deploy cloud-based applications
* Mentor junior cloud architects and engineers to improve cloud knowledge and skills

Cloud Engineer, DEF Startups (2015-2018)

* Designed and deployed cloud infrastructure on AWS and Azure for startups and small businesses
* Implemented cloud security measures, including IAM and network security
* Developed and deployed cloud-based applications using serverless computing and microservices architecture
* Collaborated with development teams to integrate cloud services into existing applications

Education:

* Bachelor of Science in Computer Science, XYZ University (2010-2014)

Certifications:

* AWS Certified Solutions Architect - Professional
* Azure Certified: Microsoft Certified: Azure Solutions Architect Expert
* Google Cloud Certified - Professional Cloud Architect

Achievements:

* Successfully migrated a large-scale e-commerce application from on-premises to AWS, resulting in 30% cost savings and 25% increase in scalability
* Designed and implemented a cloud-based DevOps pipeline using Jenkins, Docker, and Kubernetes, improving deployment efficiency by 50%
* Developed and deployed a cloud-based security platform using AWS IAM and network security, reducing security breaches by 40%

References:
Available upon request.","Jamie Rowe
Cloud Architect

Contact Information:

* Email: [jrowe@email.com](mailto:jrowe@email.com)
* Phone: 555-555-5555
* LinkedIn: linkedin.com/in/jamierowe
* Twitter: twitter.com/jamierowe

Professional Summary:

Highly motivated and experienced Cloud Architect with a strong background in designing, implementing, and managing cloud-based infrastructure on AWS and GCP. Skilled in using Terraform for infrastructure as code, with a focus on cloud security and compliance. Proven track record of delivering scalable, secure, and efficient cloud solutions that meet business needs.

Technical Skills:

* Cloud Platforms: AWS, GCP
* Infrastructure as Code: Terraform
* Cloud Security: IAM, encryption, access control
* Operating Systems: Linux, Windows
* Programming Languages: Python, bash
* Agile Methodologies: Scrum, Kanban
* Cloud-based tools: CloudFormation, CloudWatch, Stackdriver

Professional Experience:

Cloud Architect, ABC Corporation (2018-Present)

* Designed and implemented cloud architecture for multiple business units, resulting in 30% reduction in costs and 25% increase in efficiency
* Managed a team of cloud engineers to ensure timely delivery of cloud-based projects
* Developed and maintained Terraform scripts for infrastructure as code
* Ensured compliance with cloud security standards and best practices
* Collaborated with business stakeholders to understand requirements and design solutions that meet business needs

Senior Cloud Engineer, DEF Startups (2015-2018)

* Designed and implemented cloud infrastructure for multiple startups, resulting in 20% increase in scalability and 15% reduction in costs
* Collaborated with cloud security team to ensure compliance with cloud security standards and best practices
* Developed and maintained CloudFormation templates for infrastructure as code
* Worked with business stakeholders to understand requirements and design solutions that meet business needs

Education:

* Bachelor's Degree in Computer Science, XYZ University (2010-2014)

Achievements:

* AWS Certified Solutions Architect - Associate
* GCP Certified Professional Cloud Developer
* Certified Cloud Security Professional (CCSP)
* Featured speaker at AWS re:Invent 2019 on ""Designing Scalable Cloud Architectures""
* Published article on ""Terraform Best Practices"" in Cloud Computing Magazine

Certifications:

* AWS Certified Solutions Architect - Associate
* GCP Certified Professional Cloud Developer
* Certified Cloud Security Professional (CCSP)

References:

Available upon request."
Looking for an experienced Cloud Engineer to join us in driving strategic initiatives and bringing innovation to education.,"Cynthia Norman
Cloud Engineer

Contact Information:

* Email: [cynthia.norman@email.com](mailto:cynthia.norman@email.com)
* Phone: 555-555-5555
* LinkedIn: linkedin.com/in/cynthia-norman

Summary:
Highly motivated and experienced Cloud Engineer with 8+ years of experience in designing, implementing, and managing cloud infrastructure on leading cloud platforms (AWS, Azure, Google Cloud). Proven track record of delivering successful cloud migrations, optimizing cloud costs, and architecting serverless applications. Skilled in cloud networking, security, and DevOps practices.

Technical Skills:

* Cloud Platforms: AWS (EC2, S3, Lambda, CloudFormation), Azure (Virtual Machines, Storage, Azure Functions), Google Cloud (Compute Engine, Cloud Storage, Cloud Functions)
* Cloud Migration: AWS Migration Hub, Azure Migrate, Google Cloud Migrate
* Cloud Cost Optimization: AWS Cost Explorer, Azure Cost Estimator, Google Cloud Cost Estimator
* Serverless Architecture: AWS Lambda, Azure Functions, Google Cloud Functions
* Cloud Networking: AWS VPC, Azure Virtual Network, Google Cloud Networking
* DevOps Tools: Terraform, Ansible, Jenkins

Professional Experience:

Cloud Engineer, ABC Corporation (2018-Present)

* Designed and implemented cloud infrastructure on AWS for a large e-commerce platform, resulting in 30% reduction in costs and 25% increase in scalability
* Migrated a legacy on-premises application to Azure, achieving 99.99% uptime and 50% reduction in maintenance costs
* Architectured and deployed a serverless application on AWS Lambda, reducing development time by 70% and costs by 40%
* Collaborated with cross-functional teams to design and implement cloud networking and security solutions, ensuring compliance with regulatory requirements

Cloud Migration Specialist, DEF Consulting (2015-2018)

* Led a team of engineers in designing and implementing cloud migration strategies for multiple clients, resulting in successful migrations for 90% of clients
* Developed and delivered training programs on cloud migration best practices, improving client knowledge and adoption rates
* Worked closely with clients to identify and mitigate risks associated with cloud migrations, ensuring successful outcomes

Education:

* Bachelor of Science in Computer Science, XYZ University (2010-2014)

Certifications:

* AWS Certified Solutions Architect - Professional
* Azure Certified Solutions Architect
* Google Cloud Certified - Professional Cloud Developer

Achievements:

* Awarded ""Cloud Engineer of the Year"" by ABC Corporation (2020)
* Published article on ""Serverless Architecture for E-commerce Applications"" in Cloud Computing Journal (2019)
* Presented on ""Cloud Migration Best Practices"" at Cloud Computing Conference (2018)

References:
Available upon request.","Dominique Brewer
Cloud Engineer

Contact Information:

* Email: [dbrewer@email.com](mailto:dbrewer@email.com)
* Phone: (123) 456-7890
* LinkedIn: linkedin.com/in/dominiquebrewer
* GitHub: github.com/dbrewer

Professional Summary:

Highly motivated and experienced Cloud Engineer with a strong background in Cloud Migration, Serverless Architecture, and Cloud Networking. Proven track record of designing and implementing scalable, secure, and efficient cloud solutions. Skilled in scripting languages such as Python, Bash, and PowerShell. Seeking a challenging role that leverages my expertise to drive business growth and innovation.

Technical Skills:

* Cloud Migration: AWS, Azure, Google Cloud
* Serverless Architecture: AWS Lambda, Azure Functions, Google Cloud Functions
* Cloud Networking: AWS VPC, Azure Virtual Network, Google Cloud Networking
* Scripting: Python, Bash, PowerShell
* Operating Systems: Windows, Linux, macOS
* Agile Methodologies: Scrum, Kanban

Professional Experience:

Cloud Engineer, ABC Corporation (2020-Present)

* Designed and implemented a cloud-first strategy for the company, resulting in a 30% reduction in infrastructure costs and a 25% increase in application availability.
* Led a team of engineers in migrating a legacy application to a serverless architecture, achieving a 90% reduction in server utilization and a 40% reduction in runtime costs.
* Developed and maintained a cloud networking architecture, ensuring secure and reliable connectivity between on-premises and cloud environments.

Senior Cloud Engineer, DEF Startups (2018-2020)

* Collaborated with cross-functional teams to design and implement cloud-based solutions for startups, resulting in a 50% increase in application performance and a 20% reduction in infrastructure costs.
* Developed and maintained a cloud migration framework, ensuring seamless migration of applications from on-premises to cloud environments.
* Provided technical leadership and mentorship to junior engineers, resulting in a 25% increase in team productivity and a 15% reduction in errors.

Education:

* Bachelor of Science in Computer Science, XYZ University (2015-2019)

Certifications:

* AWS Certified Solutions Architect - Professional
* Azure Certified Solutions Architect Expert
* Google Cloud Certified - Professional Cloud Developer

Achievements:

* Winner of the AWS re:Invent Hackathon (2019)
* Featured speaker at the Cloud Computing Summit (2020)
* Published articles on cloud migration and serverless architecture in industry-leading publications

References:

Available upon request."
Take the lead in driving innovation as a Blockchain Developer in a collaborative environment focused on excellence in cloud technologies.,"Michael Andrade
Blockchain Developer

Contact Information:

* Email: [michael.andrade@email.com](mailto:michael.andrade@email.com)
* Phone: (123) 456-7890
* LinkedIn: linkedin.com/in/michaelandrade
* GitHub: github.com/michaelandrade

Professional Summary:

Highly skilled Blockchain Developer with 5+ years of experience in designing, developing, and deploying scalable blockchain applications using Solidity, Ethereum, and Web3.js. Proven track record of delivering high-quality solutions that meet the demands of fast-paced cryptocurrency markets. Expertise in cryptography, consensus algorithms, and smart contract development.

Technical Skills:

* Programming languages: Solidity, JavaScript, Python
* Blockchain platforms: Ethereum, Hyperledger Fabric
* Development frameworks: Web3.js, Truffle Suite
* Cryptography: Elliptic Curve Cryptography, Digital Signatures
* Consensus algorithms: Proof of Work, Proof of Stake
* Operating Systems: Windows, Linux

Professional Experience:

Blockchain Developer, ABC Company (2018-Present)

* Designed and developed multiple blockchain-based applications using Solidity and Ethereum, resulting in a 30% increase in customer engagement
* Collaborated with cross-functional teams to integrate blockchain technology into existing systems, improving overall system security and efficiency
* Developed and maintained complex smart contracts, ensuring optimal performance and minimizing errors
* Implemented Web3.js and Truffle Suite to streamline development and deployment processes

Blockchain Analyst, DEF Startup (2015-2018)

* Analyzed and evaluated blockchain protocols, identifying areas for improvement and recommending enhancements
* Developed and maintained tools for tracking and monitoring blockchain network performance, providing insights for optimization
* Collaborated with developers to integrate blockchain technology into existing applications, ensuring seamless integration and minimizing errors
* Conducted in-depth research on cryptocurrency markets, providing actionable insights to inform business decisions

Education:

* Bachelor of Science in Computer Science, XYZ University (2015)

Achievements:

* Blockchain Hackathon Winner: Won first prize at the annual Blockchain Hackathon for developing a decentralized application using Ethereum and Solidity
* Certified Blockchain Developer: Obtained certification in Blockchain Development from a leading industry organization
* Published Research Paper: Published a research paper on the security of blockchain protocols, presented at an international conference

References:

Available upon request.","Amanda Madden
Blockchain Developer

Contact Information:

* Email: [amanda.madden@email.com](mailto:amanda.madden@email.com)
* Phone: 555-555-5555
* LinkedIn: linkedin.com/in/amandamadden

Professional Summary:
Highly skilled Blockchain Developer with 5+ years of experience in designing, developing, and deploying secure and scalable blockchain solutions using Solidity, Smart Contracts, and Cryptography. Proficient in various blockchain platforms, including Ethereum and Hyperledger Fabric. Proven track record of delivering high-quality projects on time and on budget.

Technical Skills:

* Programming languages: Solidity, JavaScript, Python
* Blockchain platforms: Ethereum, Hyperledger Fabric, Corda
* Smart Contract development: Solidity, Chaincode
* Cryptography: Elliptic Curve Cryptography, Hash functions
* Development tools: Truffle Suite, Web3.js, Ganache
* Operating Systems: Windows, Linux

Professional Experience:

Blockchain Developer, ABC Corporation (2020-Present)

* Designed and developed multiple blockchain-based solutions for enterprise clients, including a decentralized supply chain management system and a secure voting system
* Developed and deployed Smart Contracts using Solidity and Truffle Suite
* Collaborated with cross-functional teams to integrate blockchain solutions with existing systems and infrastructure
* Conducted security audits and vulnerability assessments on Smart Contracts and blockchain networks
* Implemented cryptography techniques to enhance security and confidentiality of blockchain data

Senior Blockchain Developer, DEF Startups (2018-2020)

* Led a team of developers to design and develop a blockchain-based identity verification system for a government agency
* Developed and deployed Smart Contracts using Chaincode and Hyperledger Fabric
* Conducted security testing and penetration testing on blockchain networks and Smart Contracts
* Collaborated with clients to understand their business requirements and design blockchain solutions that met their needs
* Developed and delivered training sessions on blockchain development and Smart Contract security

Education:

* Bachelor of Science in Computer Science, XYZ University (2015-2019)

Certifications:

* Certified Blockchain Developer, Blockchain Council (2019)
* Certified Cryptography Expert, Cryptography Institute (2020)

Achievements:

* Winner, Blockchain Hackathon (2019): Developed a blockchain-based solution for a social impact project and won first prize in a hackathon competition
* Published Research Paper, International Journal of Blockchain (2020): Co-authored a research paper on blockchain security and Smart Contract vulnerabilities
* Featured Speaker, Blockchain Conference (2019): Presented a talk on blockchain development and Smart Contract security at a blockchain conference

References:
Available upon request."
Take the lead in driving innovation as a System Administrator in a collaborative environment focused on excellence in AI research.,"Michael Yu
System Administrator

Contact Information:

* Phone: (123) 456-7890
* Email: [myu@email.com](mailto:myu@email.com)
* LinkedIn: linkedin.com/in/michaelyu

Summary:

Highly motivated and experienced System Administrator with a strong background in Windows Server, Networking, and System Monitoring. Proven ability to design, implement, and maintain complex IT systems. Skilled in troubleshooting, problem-solving, and collaboration. Seeking a challenging role as a System Administrator where I can utilize my expertise to optimize IT infrastructure and ensure seamless system performance.

Technical Skills:

* Operating Systems: Windows Server (2008-2019), Windows 10
* Networking: TCP/IP, DHCP, DNS, VPN, Firewall
* System Monitoring: Nagios, SolarWinds, SCOM
* Scripting: PowerShell, Bash
* Cloud Services: Azure, AWS
* Storage: SAN, NAS, DAS

Professional Experience:

System Administrator, XYZ Corporation (2018-Present)

* Design, implement, and maintain Windows Server infrastructure for a global enterprise
* Configure and manage network devices, including firewalls, routers, and switches
* Monitor and troubleshoot system performance using Nagios and SolarWinds
* Implement and maintain backup and disaster recovery processes
* Collaborate with IT teams to resolve technical issues and improve IT infrastructure

Senior Support Specialist, ABC Inc. (2015-2018)

* Provided technical support for Windows Server, Networking, and System Monitoring
* Troubleshot and resolved complex technical issues using advanced troubleshooting techniques
* Collaborated with IT teams to design and implement new IT projects
* Developed and implemented knowledge base articles and documentation for technical support

Education:

* Bachelor's Degree in Computer Science, [University Name] (2010-2014)

Certifications:

* Microsoft Certified: MCSA Windows Server 2016
* CompTIA A+: IT Technician
* CompTIA Network+: Network Technician

Achievements:

* Successfully designed and implemented a Windows Server 2016 environment for a global enterprise, resulting in a 30% reduction in system downtime
* Developed and implemented a comprehensive backup and disaster recovery process, ensuring 99.9% data availability
* Collaborated with IT teams to implement a cloud-based storage solution, reducing storage costs by 25%

References:

Available upon request.","Benjamin Rogers
System Administrator

Contact Information:

* Address: 123 Main St, Anytown, USA 12345
* Phone: (123) 456-7890
* Email: [benjamin.rogers@email.com](mailto:benjamin.rogers@email.com)
* LinkedIn: linkedin.com/in/benjaminrogers

Summary:
Highly motivated and detail-oriented system administrator with 5+ years of experience in managing and maintaining large-scale computer networks, virtualized environments, and system monitoring tools. Proven track record of improving network security, reducing downtime, and enhancing overall system performance. Skilled in Active Directory, networking, virtualization, and system monitoring.

Technical Skills:

* Active Directory (AD): AD DS, AD AM, Group Policy, and Security
* Networking: TCP/IP, DNS, DHCP, VPN, and Network Security
* Virtualization: VMware vSphere, Hyper-V, and VirtualBox
* System Monitoring: Nagios, Prometheus, and Grafana
* Operating Systems: Windows Server, Linux (Red Hat, Ubuntu), and macOS
* Scripting: PowerShell, Bash, and Python

Professional Experience:

System Administrator, ABC Corporation (2018-Present)

* Manage and maintain large-scale computer networks, including Active Directory, DNS, DHCP, and VPN
* Implement and maintain system monitoring tools, including Nagios and Prometheus
* Provide technical support and training to end-users and junior administrators
* Collaborate with IT team to design and implement virtualized environments using VMware vSphere and Hyper-V
* Develop and maintain scripts using PowerShell and Bash to automate system administration tasks
* Improve network security by implementing firewalls, intrusion detection systems, and vulnerability scanning

Junior System Administrator, DEF Company (2015-2018)

* Assisted senior administrators with daily system administration tasks, including patch management and backups
* Configured and deployed new servers, including Windows Server and Linux
* Troubleshooted network issues and resolved problems using various diagnostic tools
* Collaborated with IT team to design and implement a virtualized environment using VMware vSphere
* Developed and maintained documentation for system administration procedures and best practices

Education:

* Bachelor of Science in Computer Science, XYZ University (2015)

Certifications:

* CompTIA Network+ (2016)
* CompTIA Security+ (2017)
* Microsoft Certified: Azure Administrator Associate (2020)

Achievements:

* Successfully migrated 500+ users to a new Active Directory domain, resulting in 25% reduction in help desk tickets
* Implemented a virtualized environment using VMware vSphere, resulting in 40% reduction in hardware costs
* Developed and implemented a system monitoring tool using Nagios, resulting in 30% reduction in downtime
* Collaborated with IT team to design and implement a security framework, resulting in 20% reduction in security incidents

References:
Available upon request."
We are looking for an experienced DevOps Engineer to join our team and help drive groundbreaking solutions in cloud technologies.,"Margaret Russell
DevOps Engineer

Contact Information:

* Email: [margaret.russell@email.com](mailto:margaret.russell@email.com)
* Phone: (123) 456-7890
* LinkedIn: linkedin.com/in/margaretrussell

Summary:
Highly motivated and experienced DevOps Engineer with a strong background in CI/CD, Kubernetes, and Monitoring Tools. Proven track record of improving deployment speed, reliability, and scalability of cloud-based applications. Skilled in cloud platforms, automation, and collaboration tools. Passionate about driving innovation and excellence in software development and operations.

Technical Skills:

* CI/CD Tools: Jenkins, GitLab CI/CD, CircleCI
* Containerization: Docker, Kubernetes
* Monitoring Tools: Prometheus, Grafana, New Relic
* Cloud Platforms: AWS, Azure, Google Cloud
* Automation: Ansible, Terraform
* Collaboration Tools: Slack, Jira, Confluence
* Programming Languages: Python, Java, Bash

Professional Experience:

Senior DevOps Engineer, ABC Corporation (2020-Present)

* Designed and implemented a CI/CD pipeline using Jenkins, Docker, and Kubernetes to deploy microservices applications on AWS
* Built and maintained a monitoring system using Prometheus, Grafana, and New Relic to ensure application performance and uptime
* Collaborated with development teams to improve deployment speed and reliability, resulting in a 30% reduction in deployment time and a 25% increase in application uptime
* Implemented automation using Ansible and Terraform to streamline infrastructure provisioning and configuration

DevOps Engineer, DEF Startups (2018-2020)

* Built and deployed containerized applications on Kubernetes using Docker and Helm
* Configured and managed cloud infrastructure on AWS, Azure, and Google Cloud
* Implemented monitoring and logging using Prometheus, Grafana, and ELK Stack
* Collaborated with development teams to improve application performance and scalability, resulting in a 20% increase in user engagement and a 15% reduction in error rates

Education:

* Bachelor's Degree in Computer Science, XYZ University (2015-2019)

Achievements:

* Certified Kubernetes Administrator (CKA) - 2020
* Certified DevOps Engineer - 2019
* Winner of the ABC Corporation's Innovation Award for improving deployment speed and reliability - 2020

References:
Available upon request.","Francisco Werner
Contact Information:

* Phone: (555) 123-4567
* Email: [francisco.werner@email.com](mailto:francisco.werner@email.com)
* LinkedIn: linkedin.com/in/franciscowerner

Summary:
Highly motivated and experienced DevOps Engineer with a strong background in CI/CD, containerization, and cloud infrastructure. Proven track record of successfully implementing and managing scalable and reliable systems. Skilled in a range of technologies, including Docker, Kubernetes, and cloud platforms.

Professional Experience:

* DevOps Engineer, ABC Corporation (2018-Present)
	+ Designed and implemented a CI/CD pipeline using Jenkins and GitLab CI/CD, resulting in a 30% reduction in deployment time.
	+ Managed and maintained a containerized application using Docker and Kubernetes, with a 99.9% uptime and 20% reduction in resource utilization.
	+ Implemented Infrastructure as Code (IaC) using Terraform and Ansible, resulting in a 50% reduction in provisioning time.
	+ Collaborated with cross-functional teams to design and implement monitoring and logging solutions using Prometheus, Grafana, and ELK Stack.
	+ Ensured compliance with security and regulatory standards, including PCI-DSS and HIPAA.
* Senior Systems Administrator, DEF Startups (2015-2018)
	+ Managed and maintained a cloud-based infrastructure using AWS and Google Cloud Platform, with a 25% reduction in costs and 15% increase in productivity.
	+ Designed and implemented a monitoring and logging solution using Nagios and Splunk, resulting in a 20% reduction in incident response time.
	+ Collaborated with development teams to design and implement a CI/CD pipeline using Jenkins and GitLab CI/CD, resulting in a 40% reduction in deployment time.

Technical Skills:

* CI/CD Tools: Jenkins, GitLab CI/CD, CircleCI
* Containerization: Docker, Kubernetes
* Cloud Platforms: AWS, Google Cloud Platform, Microsoft Azure
* Infrastructure as Code: Terraform, Ansible, CloudFormation
* Monitoring Tools: Prometheus, Grafana, ELK Stack, Nagios
* Operating Systems: Linux, Windows, macOS
* Programming Languages: Python, Bash, PowerShell

Education:

* Bachelor of Science in Computer Science, XYZ University (2015)

Certifications:

* AWS Certified Solutions Architect - Associate (2019)
* Google Cloud Certified - Professional Cloud Developer (2020)

Achievements:

* Recipient of the ABC Corporation's ""DevOps Engineer of the Year"" award (2020)
* Contributor to the Open Source project ""Kubernetes on AWS"" (2019)
* Published a technical blog post on ""CI/CD Pipeline Automation using Jenkins and GitLab CI/CD"" (2018)

References:
Available upon request."
We need a UX Designer to enhance our team's technical capabilities and contribute to solving complex business challenges.,"Colleen Rodriguez
UX Designer

Contact Information:

* Email: [colleen.rodriguez@email.com](mailto:colleen.rodriguez@email.com)
* Phone: (555) 555-5555
* LinkedIn: linkedin.com/in/colleencrodriguez
* Portfolio: colleencrodriguez.com

Professional Summary:
Highly motivated and detail-oriented UX Designer with 5+ years of experience in User Research, Prototyping, Wireframing, Usability Testing, and Interaction Design. Proven track record of delivering user-centered design solutions that drive business results. Skilled in human-centered design methods, with a passion for creating intuitive and engaging user experiences.

Career Summary:

* UX Designer, ABC Company (2018-Present)
	+ Led the design of multiple products, including a mobile app and a web platform, resulting in a 25% increase in user engagement and a 30% reduction in support tickets.
	+ Conducted user research, usability testing, and heuristic evaluations to inform design decisions and ensure user-centered solutions.
	+ Collaborated with cross-functional teams, including product management, engineering, and marketing, to ensure design solutions met business goals and user needs.
* UX Researcher, DEF Agency (2015-2018)
	+ Conducted user research, including interviews, surveys, and usability testing, to inform design decisions and identify user needs.
	+ Created and presented research reports and recommendations to stakeholders, resulting in a 20% increase in design team's understanding of user needs.
	+ Developed and maintained relationships with clients, including product owners and stakeholders, to ensure design solutions met their needs and goals.

Key Skills:

* User Research: user interviews, surveys, usability testing, heuristic evaluations
* Prototyping: low-fidelity sketches, high-fidelity designs, interactive prototypes
* Wireframing: Sketch, Figma, Adobe XD
* Usability Testing: usability testing, A/B testing, heatmap analysis
* Interaction Design: interaction design principles, design systems, accessibility
* Design Tools: Sketch, Figma, Adobe XD, InVision

Education:

* Bachelor of Science in Human-Computer Interaction, XYZ University (2015)

Achievements:

* Winner of the 2019 UX Design Award for Best Mobile App Design
* Featured speaker at the 2018 UX Design Conference
* Published in the 2017 issue of UX Design Magazine

Certifications:

* Certified UX Designer, UX Design Institute (2016)
* Certified Usability Analyst, Human Factors International (2015)

Professional Memberships:

* UXPA (User Experience Professionals Association)
* AIGA (American Institute of Graphic Design)
* Nielsen Norman Group (NN/g)

References:
Available upon request.","Andre Erickson
UX Designer

Contact Information:

* Email: [andre.erickson@email.com](mailto:andre.erickson@email.com)
* Phone: 555-555-5555
* LinkedIn: linkedin.com/in/andrerickson
* Portfolio: andreerickson.com

Summary:
Highly motivated and detail-oriented UX Designer with 5+ years of experience in User Research, Prototyping, Wireframing, and Interaction Design. Proven track record of delivering user-centered design solutions that drive business growth and improve customer satisfaction. Skilled in design tools such as Sketch, Figma, Adobe XD, and InVision.

Professional Experience:

UX Designer, ABC Company (2018-Present)

* Conduct user research to inform design decisions, resulting in a 25% increase in user engagement
* Collaborate with cross-functional teams to design and deliver high-quality user experiences, including mobile apps, web applications, and desktop software
* Create wireframes, prototypes, and high-fidelity designs using Sketch, Figma, and Adobe XD
* Worked on several high-profile projects, including a redesign of the company's flagship product, resulting in a 30% increase in customer satisfaction
* Staying up-to-date with industry trends and best practices, participating in design communities and attending conferences

Senior UX Designer, DEF Agency (2015-2018)

* Led user research and usability testing to identify pain points and opportunities for improvement
* Designed and implemented a new user onboarding process, resulting in a 45% increase in new user adoption
* Collaborated with developers to ensure design feasibility and implemented design solutions using HTML, CSS, and JavaScript
* Mentored junior designers and provided guidance on design principles and best practices

Education:

* Bachelor's Degree in Human-Computer Interaction, XYZ University (2010-2014)

Skills:

* User Research: user interviews, usability testing, surveys, and analytics
* Design Tools: Sketch, Figma, Adobe XD, InVision, HTML, CSS, JavaScript
* Interaction Design: wireframing, prototyping, high-fidelity design, design systems
* Design Principles: user-centered design, accessibility, usability, and visual design

Achievements:

* Winner of the 2019 UX Design Award for ""Best UX Design Solution"" for the redesign of the ABC Company's flagship product
* Featured speaker at the 2018 Design Thinkers Conference on the topic of ""User Research in UX Design""
* Published article on ""The Importance of Accessibility in UX Design"" in the 2017 issue of UX Magazine

Certifications:

* Certified UX Designer, User Experience Professionals Association (UXPA)
* Certified Interaction Designer, Interaction Design Foundation (IDF)

References:
Available upon request."
We're hiring a E-commerce Specialist to develop and deliver high-quality solutions to transform our healthcare.,"Shelley Brown
E-commerce Specialist

Contact Information:

* Email: [shelley.brown@email.com](mailto:shelley.brown@email.com)
* Phone: 555-555-5555
* LinkedIn: linkedin.com/in/shelleybrown

Summary:
Results-driven E-commerce Specialist with 5+ years of experience in product listing, SEO optimization, and online advertising. Proven track record of increasing online sales and improving website visibility through data-driven strategies. Skilled in analyzing market trends, optimizing product listings, and implementing effective online marketing campaigns.

Professional Experience:

* E-commerce Specialist, ABC Retail Company (2018-Present)
	+ Created and implemented optimized product listings to improve search engine rankings and drive sales growth
	+ Conducted keyword research and analysis to inform SEO strategies, resulting in a 25% increase in organic traffic
	+ Developed and executed online advertising campaigns across Google Ads, Facebook Ads, and Instagram Ads, resulting in a 30% increase in conversions
	+ Collaborated with cross-functional teams to launch new product lines and promotions, driving a 20% increase in sales
* E-commerce Coordinator, DEF E-commerce Company (2015-2018)
	+ Managed product listings, descriptions, and images to ensure accuracy and consistency across multiple online marketplaces
	+ Conducted A/B testing to optimize product listings and improve conversion rates, resulting in a 15% increase in sales
	+ Provided exceptional customer service to online customers, resolving issues and improving customer satisfaction ratings

Education:

* Bachelor of Science in Marketing, XYZ University (2015)

Skills:

* Product listing and optimization
* SEO for e-commerce
* Online advertising (Google Ads, Facebook Ads, Instagram Ads)
* Analytical tools (Google Analytics, SEMrush)
* Content creation and copywriting
* Customer service and communication

Achievements:

* Certified E-commerce Specialist, E-commerce Certification Institute (2019)
* Google Analytics Certification, Google Analytics Academy (2018)
* SEMrush Certification, SEMrush Academy (2017)

Tools and Software:

* Google Analytics
* SEMrush
* Google Ads
* Facebook Ads
* Instagram Ads
* Adobe Creative Cloud (Photoshop, InDesign)
* Microsoft Office (Word, Excel, PowerPoint)

References:
Available upon request.","Lynn Hughes
E-commerce Specialist

Contact Information:

* Email: [lhughes@email.com](mailto:lhughes@email.com)
* Phone: (123) 456-7890
* LinkedIn: linkedin.com/in/lynnhughes

Professional Summary:

Results-driven E-commerce Specialist with 5+ years of experience in product listing, inventory management, online advertising, customer service, and analytics. Proven track record of increasing sales, improving customer satisfaction, and driving business growth. Skilled in leveraging data-driven insights to inform strategic decisions and optimize e-commerce operations.

Work Experience:

E-commerce Operations Specialist, ABC Company (2018-Present)

* Managed product listings across multiple online marketplaces, resulting in a 25% increase in sales revenue within 6 months
* Coordinated inventory management, ensuring accurate stock levels and minimizing stockouts or overstocking
* Developed and executed online advertising campaigns, achieving a 30% increase in website traffic and a 20% increase in conversion rates
* Provided exceptional customer service, resolving 95% of customer complaints within 24 hours
* Analyzed website analytics to identify areas for improvement, resulting in a 15% increase in average order value

Senior Customer Service Representative, DEF Retail (2015-2018)

* Responded to customer inquiries via phone, email, and chat, resolving 90% of issues within 1 hour
* Collaborated with internal teams to resolve complex customer complaints and provide excellent service
* Assisted with product returns and exchanges, resulting in a 20% reduction in return rates
* Developed and implemented process improvements to increase customer satisfaction ratings by 15%

Education:

* Bachelor's Degree in Business Administration, XYZ University (2015)

Skills:

* Product listing and management
* Inventory management and control
* Online advertising (Google Ads, Facebook Ads)
* Customer service and support
* Analytics and data analysis (Google Analytics, Excel)
* E-commerce platforms (Shopify, Magento)
* Microsoft Office Suite (Excel, Word, PowerPoint)

Achievements:

* Winner of ABC Company's Excellence in E-commerce Award (2020)
* Recipient of DEF Retail's Outstanding Customer Service Award (2017)
* Completed Google Analytics certification program (2019)

Certifications:

* Google Analytics Certification
* Shopify Certified E-commerce Specialist

References:

Available upon request."
We're hiring a Software Engineer to develop and deliver high-quality solutions to transform our e-commerce.,"Rebecca Wilcox
Software Engineer

Contact Information:

* Email: [rwilcox@email.com](mailto:rwilcox@email.com)
* Phone: 555-555-5555
* LinkedIn: linkedin.com/in/rebeccawilcox
* GitHub: github.com/rwilcox

Professional Summary:
Highly motivated and detail-oriented software engineer with 5+ years of experience in designing, developing, and deploying scalable software systems. Proficient in a range of programming languages, including Java, C++, and Python. Proven track record of delivering high-quality software solutions on time and on budget.

Technical Skills:

* Programming languages: Java, C++, Python
* Data structures: Arrays, Linked lists, Stacks, Queues, Trees, Graphs
* Algorithms: Sorting, Searching, Dynamic programming, Greedy algorithms
* System design: Microservices, RESTful APIs, Distributed systems
* Development frameworks: Spring, Hibernate, Django
* Databases: MySQL, MongoDB, PostgreSQL

Professional Experience:

Software Engineer, ABC Company (2018-Present)

* Designed and developed multiple features for a large-scale e-commerce platform using Java and Spring framework
* Implemented a high-performance search engine using Elasticsearch and Python
* Collaborated with cross-functional teams to deliver a scalable and secure payment gateway using C++ and Microservices architecture
* Mentored junior engineers and provided code reviews to ensure high-quality code
* Achieved a 30% reduction in bug density and a 25% improvement in code readability

Senior Software Engineer, DEF Startups (2015-2018)

* Led a team of 3 engineers to design and develop a cloud-based CRM system using Python and Django framework
* Implemented a machine learning model to predict customer behavior using scikit-learn and TensorFlow
* Collaborated with product managers to define requirements and deliver features on time
* Conducted code reviews and ensured adherence to coding standards
* Achieved a 40% increase in customer satisfaction and a 20% reduction in support requests

Education:

* Bachelor of Science in Computer Science, XYZ University (2015)

Achievements:

* Winner of the 2019 ABC Hackathon for developing a innovative solution using Java and Spring framework
* Featured in the 2018 DEF Startups' annual report for outstanding contributions to the company's growth
* Completed the 2015 Google Summer of Code program and contributed to the open-source project, ""OpenStreetMap""

Certifications:

* Certified Java Developer, Oracle Corporation
* Certified Python Developer, Python Institute

References:
Available upon request.","Michele Floyd
Software Engineer

Contact Information:

* Phone: (123) 456-7890
* Email: [michelefloyd@email.com](mailto:michelefloyd@email.com)
* LinkedIn: linkedin.com/in/michelefloyd
* GitHub: github.com/michelefloyd

Professional Summary:
Highly motivated and detail-oriented software engineer with 5+ years of experience in designing, developing, and deploying scalable and efficient software systems. Skilled in Java, Python, and multiple programming languages with a strong foundation in algorithms, data structures, and system design. Proven track record of delivering high-quality software solutions on time and on budget.

Technical Skills:

* Programming languages: Java, Python, C++, JavaScript
* Development frameworks: Spring Boot, Django, React
* Database management: MySQL, PostgreSQL, MongoDB
* Operating Systems: Windows, Linux, macOS
* DevOps tools: Docker, Kubernetes, Jenkins, Git
* Cloud platforms: Amazon Web Services (AWS), Microsoft Azure

Professional Experience:

Senior Software Engineer, ABC Company (2018-Present)

* Designed, developed, and deployed multiple software systems using Java, Python, and Spring Boot
* Collaborated with cross-functional teams to identify and prioritize project requirements
* Implemented automated testing and continuous integration using Jenkins and Git
* Mentored junior engineers and provided guidance on coding best practices
* Participated in code reviews and ensured adherence to coding standards

Software Engineer, DEF Startups (2015-2018)

* Developed multiple web applications using Python, Django, and React
* Designed and implemented scalable and efficient algorithms and data structures
* Worked with database administrators to optimize database performance
* Collaborated with product managers to identify and prioritize project requirements
* Implemented automated testing and continuous integration using Git and Jenkins

Education:

* Bachelor of Science in Computer Science, XYZ University (2015)
* Master of Science in Computer Science, ABC University (2018)

Achievements:

* Winner, Hackathon 2018, developed a machine learning-based chatbot using Python and TensorFlow
* Recipient, Best Paper Award, 2019 Conference on Computer Science, presented research on efficient algorithm design
* Contributor, Open-source project, GitHub, contributed to multiple open-source projects and received recognition from the community

Certifications:

* Certified Scrum Master, Scrum Alliance (2019)
* Certified Java Developer, Oracle Corporation (2018)

References:
Available upon request."
We're seeking a talented Data Architect to work on enterprise software development and bring new ideas to life.,"Antonio Turner
Contact Information:

* Email: [antonio.turner@email.com](mailto:antonio.turner@email.com)
* Phone: (123) 456-7890
* LinkedIn: linkedin.com/in/antonio-turner

Professional Summary:

Results-driven Data Architect with 8+ years of experience in designing and implementing scalable, secure, and high-performance data solutions for Fortune 500 companies. Proven track record of delivering complex data integration projects on-time and within budget. Skilled in data modeling, data integration, big data, cloud data solutions, and database design. Passionate about leveraging technology to drive business growth and innovation.

Technical Skills:

* Data Modeling: ERwin, Oracle Data Modeler, Power Designer
* Data Integration: Informatica PowerCenter, Talend, AWS Glue
* Big Data: Hadoop, Spark, NoSQL databases (Cassandra, MongoDB)
* Cloud Data Solutions: AWS, Azure, Google Cloud Platform
* Database Design: Relational databases (Oracle, SQL Server), NoSQL databases (Cassandra, MongoDB)
* Programming languages: Java, Python, SQL
* Operating Systems: Windows, Linux, Unix

Professional Experience:

Senior Data Architect, ABC Corporation (2018-Present)

* Designed and implemented a cloud-based data warehouse to support business intelligence and analytics for a Fortune 500 company
* Led a team of 5 data engineers to integrate multiple data sources and create a unified data model using Informatica PowerCenter
* Collaborated with business stakeholders to define data governance policies and ensure data quality
* Implemented a data lake using Apache Hadoop and Spark to support big data analytics
* Developed and maintained a data catalog using AWS Glue to provide data discovery and metadata management

Data Architect, DEF Startups (2015-2018)

* Designed and implemented a scalable data integration platform using Talend to support multiple product lines
* Worked with cross-functional teams to design a data governance framework for data quality and security
* Implemented a data warehouse using Oracle Data Modeler and Oracle Database to support business intelligence and analytics
* Developed and maintained a data analytics platform using R and Python to support data science and machine learning

Education:

* Bachelor's Degree in Computer Science, XYZ University (2010-2014)

Certifications:

* Certified Data Architect, Data Science Council of America (2017)
* Certified Informatica PowerCenter Developer, Informatica Corporation (2015)
* Certified Oracle Database Administrator, Oracle Corporation (2012)

Achievements:

* Winner of the ABC Corporation's Innovation Award for designing and implementing a cloud-based data warehouse (2019)
* Featured speaker at the Data Science Conference for presenting on ""Designing Scalable Data Architectures for Big Data Analytics"" (2018)
* Published a whitepaper on ""Designing Data Governance Frameworks for Data Quality and Security"" in the Journal of Data Science (2016)

References:

Available upon request.","Debra Brown
Data Architect

Contact Information:

* Email: [debra.brown@email.com](mailto:debra.brown@email.com)
* Phone: 555-555-5555
* LinkedIn: linkedin.com/in/debrabrown
* Address: 123 Main Street, Anytown, USA 12345

Professional Summary:

Highly experienced Data Architect with 10+ years of expertise in designing and implementing scalable data solutions. Skilled in data modeling, data integration, big data, and cloud data solutions. Proven track record of delivering high-quality data architectures that meet business requirements and drive business value.

Technical Skills:

* Data Modeling: ERwin, PowerDesigner, Toad Data Modeler
* Data Integration: Informatica PowerCenter, Talend, AWS Glue
* Big Data: Hadoop, Spark, NoSQL databases
* Cloud Data Solutions: AWS, Azure, Google Cloud Platform
* ETL Tools: Informatica PowerCenter, Talend, AWS Glue
* Programming languages: SQL, Java, Python
* Operating systems: Windows, Linux

Professional Experience:

Senior Data Architect, ABC Corporation (2018-Present)

* Designed and implemented a cloud-based data warehouse solution using AWS Glue, Redshift, and S3
* Led a team of data engineers to integrate multiple data sources into a unified data platform
* Developed and maintained data models using ERwin and PowerDesigner
* Collaborated with business stakeholders to define data requirements and ensure data quality
* Implemented data governance policies and procedures to ensure data security and compliance

Data Architect, DEF Agency (2015-2018)

* Led the design and implementation of a big data analytics platform using Hadoop, Spark, and NoSQL databases
* Developed and deployed ETL scripts using Informatica PowerCenter and Talend
* Worked with business stakeholders to define data requirements and develop data visualizations
* Collaborated with data engineers to troubleshoot and resolve data integration issues

Education:

* Bachelor's Degree in Computer Science, XYZ University (2008-2012)

Certifications:

* Certified Data Architect, Data Architecture Association (DDA)
* Certified Big Data Professional, Big Data Institute (BDI)

Achievements:

* Successfully delivered a cloud-based data warehouse solution that reduced data processing time by 90% and improved data quality by 95%
* Developed and implemented a data governance framework that ensured data security and compliance across multiple business units
* Led a team to design and implement a big data analytics platform that improved business decision-making by 30%

Professional Memberships:

* Data Architecture Association (DDA)
* Big Data Institute (BDI)
* Institute of Electrical and Electronics Engineers (IEEE)

References:

Available upon request."
