description,resume_accept,resume_reject
"Electrical EngineerNDI Engineering Company is seeking an Electrical Engineer with approximately 2 to 4 years of designing experience on either Ship Hull, Mechanical and Electrical (HM&E), Power Plant Systems or controls engineering. Requires experience using AutoCAD, or other drafting programs and SKM Power Tools. Candidate must have a BS Degree in Electrical Engineering from an accredited school. Candidate must be a U.S. Citizen and be able to obtain and maintain a U.S. Department of Defense Security Clearance. Location: Thorofare, NJ.
NDI Engineering Company is a privately-held small business consulting firm. NDI provides engineering and technical services to Government clients chartered with responsibility for the defense of our country. NDI offerings include naval architecture, marine, civil, structural, mechanical, and electrical engineering and design services. NDI has a ISO 9001:2015 Certified Quality System and was a prior recipient of the U.S. Small Business Administration Region II, Prime Contractor of the Year Award. NDIs corporate office is located in Thorofare, NJ with additional offices at the Naval Business Center, Philadelphia, PA, and Virginia Beach, VA.
NDI Engineering Company is an Equal Opportunity Employer. NDI abides by the requirements of 41 CFR  60-1.4(a), 60-300.5(a) and 60-741.5(a). These regulations prohibit discrimination against qualified individuals based on their status as protected veterans or individuals with disabilities, and prohibit discrimination against all individuals based on their race, color, religion, sex, sexual orientation, gender identity, or national origin. Moreover, NDI takes affirmative action to employ and advance in employment individuals without regard to race","ProfileTo obtain the position of a Telecommunications/Networking Intern in a reputable organization, with a challenging environment, wherein I will contribute to achieve organizational goals, using my strong skills and knowledge in the field of telecom and networking.
Areas of ExpertiseNetworking - Routing & Switching (CCNATCP/IP, STP, OSPF, LAN/WAN, Ethernet, VPN, ATMStrong knowledge of Telecom concepts and networks (viz. DSL, CATV, T-1, etc.), Network Planning & Design.Programming Tools -MATLAB, Cisco Packet Tracer, GNS3, Command-Line InterfaceProgramming Languages - C++, PythonOperating System - Windows, LinuxProficient in working with Microsoft Excel, Word, Power Point & Outlook
Professional Experience01/1to01/1Electrical & Instrumentation EngineerAbbott Laboratories–,,Supervision of Installation of Electrical & Instrumentation equipment.Reviewed Engineering Drawings & Documents and ensured same comply with Project Specifications.Supervising the interfacing of instrumentation & telecom equipment with SCADA communications equipment.Experienced in procurement and expediting activities of various Instruments.Prepared MTO's (Material Take-off) for Instruments as per Project requirements for initiating procurement.Invited vendors in bidding process by sending RFQ's (Request for Quotation).Prepared reports for Expediting, Project progress and manufacturing & procurement status of Instruments.Monitored the overall Project schedule and ensured important Project milestones & deadlines are met.01/1to01/1Technical Support AssociateIBM India Pvt. Ltd National Australian Bank–,,IndiaProvided network infrastructure support to clients.Troubleshot issues pertaining to Outlook, Lotus Notes, VPN, Password Encryption, Hardware/Software, etc.Interacted with clients over the phone and computer to help resolve technical issues.Ensured follow-ups to close-out the unresolved tickets created for any technical issues.Coordinated with Level 2 support team for closure of escalated tickets.toACADEMIC PROJECTSCERTIFICATIONS
*ADCO PTW–,,Demonstrated the working of FTTH (Fiber to the Home) using optical splitter and couplers (miniature demo).Performed a NIER analysis on an antenna and wrote a MATLAB code for the same, to calculate received power To-Work) system training certificate.QUALITY MANAGEMENT SYSTEM INTERNAL AUDITOR (ISO 9001:2008) training at BUREAU VERITAS, India.NEBOSH International General Certificate in Occupational Health & Safety.MR.Jessica Claire RESUME MOBILE: (555) 432-1000.
EducationExpected inAug. 2018totoMaster of Science:Telecommunications Engineering TechnologyRochester Institute of Technology-,NYGPA:Telecommunications Engineering TechnologyExpected inJun. 2012totoBachelor of Engineering:Electrical & ElectronicsSt. Joseph Eng. College-Mangalore,GPA:Electrical & ElectronicsExpected in2008totoHigh School (Higher Secondary Certificate):National College-Mumbai,GPA:Expected in2006totoSecondary School (Indian Certificate of Secondary Education):Ryan international School-Mumbai,GPA:
SkillsATM, C++, CCNA, Cisco, Hardware, Encryption, clients, DSL, Ethernet, INTERNAL AUDITOR, ISO 9001, LAN, Linux, Lotus Notes, MATLAB, Microsoft Excel, Outlook, Power Point, Windows, Word, Network, Networking, networks, Occupational Health, Operating System, OSPF, procurement, Programming, progress, Python, QUALITY MANAGEMENT, Routing, Safety, SCADA, Supervising, Supervision, T-1, TCP/IP, Telecom, phone, VERITAS, VPN, WAN","Summary7 years of industry experience developing back-end of large-scale, enterprise applications at fortune companies.Work as a member of a team, helping the team respond quickly and effectively to business needs.Experienced working in fast-paced, Agile and Continuous Integration environments.Strong design, coding, debugging and testing skills using Core Java and J2EE.Solid understanding of algorithms, data structures, object-oriented design, and multi-threading.Hands-on backend experience building RESTful services using Jersey framework.Experience with Spring Framework using Core Spring, Spring Boot, MVC, and Security.Cloud experience using AWS Java SDK, EC2, and S3.Experience with relational and NoSQL datababases using PostgreSQL, Oracle and Couchbase.Hands-on experience with scripting languages including Python, and Unix Bash.DevOps experience using Jenkins, Linux, Maven, GitHub, and Docker.
ExperienceSoftware Engineer,06/2017toCurrentGaf Buildings Materials Corp. Of America–Hartford,CT,Work as contractor at Apple through Infosys. Develop IT automation solution that enables Continuous Integration and Continuous Delivery (CI/CD) model for automatic application deployments at Apple.Responsibilities and achievements:Work with global team of engineers in enhancing Apple Retail applications deployments.Analyze existing deployment strategies practiced at Apple.Transform manual activities into fully automated CI/CD pipelines by building automation ecosystem.Craft and deliver Python code for ecosystem, following short release cycles.Implement Continuous Integration by creating Jenkins jobs.Build automation pipelines that initiate application deployments by polling Jenkins for new builds.Deploy Java applications into cloud-based Unix hosts using Ansible playbooks.Environment: Unix, Java, Python, Ansible, Splunk, Pod Architecture, Tomcat, Maven, Git, Jenkins, SQL.Java Developer - Consultant,05/2013to06/2017Gartner–,,Worked
as consultant, developed large-scale Java applications at multiple client
locations including CAS (1.5 years), Gap (6 months), Nationwide (1 year) and
OCLC (1 year).Responsibilities and achievements:Work with team members from beginning of product lifecycle through application release in Agile Scum environment.Design, develop, implement, and support complex Java/J2EE applications.Crafted
maintainable and efficient code by applying Java design patterns, Collections
and Generics.Developed
RESTful services and REST API by utilizing Jersey framework.Create technical specifications for detailed application design.Maintain code quality through automated testing and conduct design and code reviews.Worked
with Oracle and RIAK NoSQL databases.Recognized for implementing comprehensive reporting module generating sophisticated PDF documents.Achieved significant saving in development cycle time by creating a tool that loads template changes in real-time without needing to restart server, resulting in cost savings of 200K dollars.Improved stability of integration tests up to 100% by designing  external data storage service, addressing test failures.Resolved critical issue with shipping label prints by investigating and fixing the legacy messaging system at Gap retail warehouse, gaining recognition from project lead.Enriched web application user experience by applying HTML5 and CSS3 capabilities, creating responsive design for various screens and loading data using JavaScript along with web service.Environment: Java8,
Spring, Jersey, Struts, REST-assured, Bash, Linux, JUnit, Maven, Gradle, Git,
Gerrit, Jenkins, Docker, Hadoop, JavaScript, Oracle, PL/SQL, HTML, CSS, jQuery
JSON, XML, MapReduce.Software Engineer,09/2011to10/2012Horizontal–,,Worked as part of a team of software developers and researchers to design and develop a restaurant search engine with rankings based on analysis of big data from social blogs.Performed software development activities, including requirements definition and analysis, product design, documentation, development, and testing.Crafted proofs of concept and proposed project management  solutions, created over six web applications boosting the research process, and managed terabyte-sized databases.Developed
single-page web applications using Java, JDBC, and GWT.Performed
SQL tuning and optimization using T-SQL queries. Managed terabyte-sized
databases.Environment: Java, C++, T-SQL,
GWT, JDBC, HTML, CSS, JQuery, Tomcat, SQL Server, Maven, SVN, MS Visual C++,
Eclipse.Java Developer,10/2008to04/2010Finnet Limited–,,Collaborated with team of 25 in the development of the company's  flagship product, a comprehensive Enterprise Resource Planning tool used by hundreds of clients worldwide.Translated business requirements to highly functional and rich user interfaces using Java, Spring, and GWT.Developed core module to export user statistics and legal documents in various formats.Deployed
Java application to AWS hosted Unix servers.Worked
with PostgreSQL database using Hibernate and SQL.Environment: Java,
SQL, XSLT, XML, GWT, Spring, AWS, Hibernate, Velocity Templates, HTML, CSS,
Tomcat, Apache Web Server, PostgreSQL, Apache POI, iText, JUnit Test, SVN,
IntelliJ IDEA.
EducationMaster of Science:Computer Science,Expected in2014toMaharishi University of Management-Fairfield,IAGPA:
Technical SkillsLanguages: Java 8,
JavaScript, Python, Shell, Groovy.SDLC & CI/CD:Agile,
Scrum, Jenkins, Gerrit, Git, GitHub, SVN, JIRA, TDD.Java & J2EE: Spring,
Hibernate, Jersey, MyBatis, Tomcat,
Jetty, Spring MVC, Struts, JSP, JMS.Web services: AWS,
REST API, RESTful services, SOAP, Microservices.Front-end: React, HTML5,
CSS3, Sass, Bootstrap.JavaScript: Node.js,
Express.js, JSON, AJAX, JQuery, RequireJS, AMD.NoQL & RDBMS: MongoDB,
Couchbase, RIAK, PL/SQL, Oracle, PostgreSQL,
JDBC.Related Skills: Unix,
Hadoop, Splunk, Docker, Maven, Gradle, Ant, JUnit, Ansible, XML, XSD."
"Senior Accountant
Our client is a growing automotive services company looking to add a Senior Accountant to their team. Joining a innovative organization, you will be a key player in the continued development of the Corporate Accounting Team and have the opportunity to grow within! 
Offering unlimited PTO, quarterly BONUS pay out, hybrid schedule, and fun team outings! Responsibilities:Own, report, maintain and filepay our property accounting functionsOwn and maintain the amortization and reporting for PPD Assets.Own and maintain the monthly accrual and reporting for Workers Compensation and General Liability insurance.Assist in the weekly booking of ADP Payroll Journal Entries.Act as a liaison between Corporate and the Landlord for RentProperty Taxes.Ad hoc reporting and analysis as needed for leadership. Work closely with team members on various month-end close activities.
Qualifications:2+ years' of accounting experienceBachelor's degree in Accounting or FinanceAbility to work cross functionally and act as a liaison with all levels or organization and external business partnershipsStrong analytical thinkerIndependent, self-starter that works well in team environment","SummaryFinancial Accountant specializing in financial planning, reporting and analysis in both private and public sectors.Well-informed accountant adept at supplying quick responses to financial inquiries from internal management and potential clients.Creative accountant equipped with a broad knowledge of concepts and strategies to yield the best possible financial outcomes.
HighlightsPeriodic financial reporting expertInvoice coding familiarityStrong communication skillsGeneral ledger accounting skillsComplex problem solvingAccount reconciliation expert
ExperienceAccountant,06/2012-09/2015Ametek, Inc.–Wilmington,MA,I have worked at Shantilal Gala & Company (Nairobi, Kenya) which is an Audit firm, since 2nd July 2012.I was employed as an Accountant in the Firm.Maintained accounts receivable documentation electronically and on paper.Processed bank reconciliations and financial reports to verify practice of p weekly and monthly.Increased efficiency and alleviated work loads by creating a new Excel financial recording system.Collaborated extensively with auditors during preliminary and year-end audit processes.Entered weekly sales and customer count sheets for review by management.Processed payroll, electronic deposits and employee pay adjustments.Collaborated extensively with auditors during preliminary and year-end audit processes.
EducationSelect  One:,Expected in--,GPA:Status-Bachelor of Arts:Business Studies,Expected in2014-University of Greenwich-Nairobi,GPA:Status-Completed the Bachelor's degree in Business of Arts - BA Honors Business Studies achieving a Second Upper Class Honors.The units included in the Academic Session (2012/2013) are as follows:> Managing Strategy - involves the formulation and implementation of the major goals and initiatives taken by a company's top management on behalf of owners, based on consideration of resources and an assessment of the internal and external environments in which the organization competes.> International Business Management - involves the understanding for an international career in various industries. Today’s world revolves around business. Networking on a global scale and recognising opportunities, or creating them yourself. International Business Management brings one a step closer to success on an international level.The units included in the Academic Session (2013/2014) are as follows:> Small Business Development - involves the process of how to own corporations, be into partnership and become a sole proprietors. These kind of developments are common in many countries, depending on the economic system in operation.> PPD3 - Thematic Independent Study - the research and critical thinking skills from Personal and Professional Development (PPD) 2 and build upon their research proposals. This unit helped me to understand the intricate relationship between theory and practice. Improved my self-management in terms of time, planning, behaviour and motivation.Association of Business Executive:Business,Expected in2013-Oshwal College-Nairobi,GPA:Status-Completed the Association of Business Executive. This associate had levels and units as follows:Certificate in Business - Level 3 includes the following units:> Introduction to Business.> Introduction to Quantitative Methods.> Introduction to Accounting.> introduction to Business Communication.Diploma in Business Management (Higher) - Level 5 includes the following units:> Human Resource Management.> Managerial Accounting.> Marketing Policy, Planning and Communication.> Organisational Behaviour.> The Business Environment.> Economic Principles and their Application to Business.> Financial Accounting.> Quantitative Methods for Business and Management.Diploma in Business Management (Graduate) - Level 6 includes the following units:> Corporate Finance.> Corporate Strategy and Planning.> International Business Case Study.> Managing in Organisation.> Strategic Marketing Management.
SkillsOrganization - managing responsibilities in a particular manner and keeping track of those responsibilities.Time Management - Good time-management skills go hand-in-hand in with strong organizational capabilities. Budgeting time will give the allowance of managing the work efficiently.Adaptability - its always the best for me to adapt quickly and easily as my way of understanding the procedures is through planning everything in my mind as the work is being allocated.Communication - allows me to interact best with the colleagues, clients and receive the best feedback from their side after completing the conversation.","Professional SummaryManagement specialist dedicated to developing strategies, process improvement, and communications to help businesses reach and engage their target audiences. Persuasive business development professional successful at establishing and maintaining key partnerships with corporate decision makers. Seasoned IT Executive successful at developing product road maps and leading cross-functional software teams from prototype to release. Accustomed to managing multiple projects and priorities in fast-paced environments. Excels at project cost planning and iterative development. Innovative and solutions-focused IT Project Manager with more than 10 years in enterprise project management and network engineering. Seasoned management professional who excels in establishing excellent working relationships with customers, employees, vendors and contractors. Versatile Manager focused on team building and talent development. Driven to surpass company goals while thriving in deadline-driven environments. Finally I am an IT Executive with broad background in operations, project and risk management. Enthusiastic team player dedicated to process improvements and staff development.
SkillsBusiness process improvementChange managementRequirements gatheringProject cost planningService-oriented architectureRisk mitigation and managementMS ProjectCollaboration toolsResults-orientedPlatform scalability forecastingMitigation plan developmentEffective multi-taskerProduct launchesStrategic planningTeam playerReviewed Business processes worked with different stakeholders in order to improve processes and to integrate into integrated business solutions.
Work History11/2013toCurrentSenior Vice President Security and Software as a Service InfrastractureFamily Health Centers Of Southwest Florida|Fort Myers,FL,Established criteria for each milestone within the product road map as a means to measure developmental progress within the infrastructure services solutions.Gathered detailed use cases and requirements through regular on-site visits, virtual meetings and customer advisory board sessions.Led weekly team planning meetings to develop team strategies and define project goals.Researched clients' business issues and goals to offer appropriate solutions.Evaluating all vendor partnerships and negotiating contracts or moving to new vendors to ensure vendor partners are providing services to meet Aldera's service commitments to our clients.08/2005to11/2013Senior Vice President Client Delivery and TechnologyTata Consultancy Services|Oakland,CA,Phoenix Health Systems is a national information technology solutions provider offering an integrated set of professional and managed technical services to community hospitals and other healthcare organizations.Through client services and IT outsourcing, Phoenix enables any healthcare organization to achieve its long-term objectives of meeting meaningful use, administrative cost reduction, increased efficiency, improved patient safety and regulatory compliance.Translated business goals, feature concepts and customer needs to create complicated solutions between different hospital departments in order to implement an integrated EMR system.Collaborated with the sales, marketing and support teams to launch new service lines on time and within budget.Assessed the wireless network and created a plan to improve coverage and connectivity, managed an Active Directory upgrade and established a maintenance schedule that upgraded all servers to latest maintenance patches.Designed network to ensure complete redundancy within hospitals environments.Implemented a Clinical Desktop Team which made rounds through the hospital on a 24 hour basis in order to proactively work on all clinical workstations.Spearheaded construction of the Phoenix Health Systems' corporate offices in Richardson, Texas.Established Leveraged Services department, and implemented a leveraged service desk.Established and managed Phoenix Health Systems data center and migrated several clients to the new facility.Translated business goals, feature concepts and customer needs into prioritized product requirements and use cases.08/2007to05/2011Director of Information TechnologyControl Tec|Warren,MI,Translated business goals, feature concepts and customer needs into prioritized product requirements and use cases.Developed and evolved the consumer-facing, multi-channel road map for desktop, mobile and mobile web applications.Maintained and monitored the server room, the wireless network and other server infrastructure.Led the design and build out of all technology in a new 7 story trauma hospital.Worked with hospital stakeholders to create new business processes to solve complicated issues when implementing an integrated Electronic Medical Record solution.Led multi-discipline team in order to meet HIPAA certification and Meaningful Use Accreditation07/2001to01/2002Client Executive DirectorAllied Universal Security|Thousand Oaks,CA,The Motion Picture and Television Fund is a full medical service organization supporting the medical and assisted living needs for the motion picture and television industry.The Medical Center offers a full complement of sophisticated technology and support services, providing the region with specialists renowned for their work in areas such as cancer, cardiology, emergency medicine, children's medical services including an internationally recognized newborn intensive care unit, and women's health.Developed a strategic solution to consolidate data processing centers while implementing appropriate disaster recovery plans guaranteeing high availability.Presented additional cost savings opportunities within the Information Services environment.Provided oversight of all voice and data network infrastructure activities and all data center operations, improving upon the current level of services provided to clients.Charged with oversight responsibilities for the implementation of processes, policies and procedures related to HIPAA privacy and security regulatory compliance.Managed a project portfolio of over $8M in capital projects including: MEDITECH performance upgrade, TeleRadiology, PACS, and CardioCath Voice Telecommunication stabilization and upgrades to support voice over IP and a centralized call center IDX to MEDITECH conversion Kronos time keeping system throughout the hospital and community health clinics, including setting up time stations and card swipe locations.This was a temporary six-month assignment in order to resolve a client relationship issue.However I continued on as the project leader until all the projects had been completed.Most of this was accomplished not on site and while working to support another client.01/1998to09/2005DirectorAFFILIATED COMPUTER SERVICES HEALTHCARE SOLUTIONS|City,STATE,ACS/HcS provides complete IT solutions to help over 500 healthcare organizations embrace the technological and business changes occurring in the market.These services include: Infrastructure management, medical records imaging and document management, application development, Internet/ASP development & support.Solutions included: management and support of operating system, third-party products and service agreements, all hardware, software and operational processes.Experience with hardware from: HP, Sun, IBM, Compaq/DEC, and software: NT, Novell, Solaris, HP-UNIX, IBM-AIX, VMS, OS/400.MEDITECH implementation and network infrastructure upgrade for Affiliated Health Services and Motion Picture and Television Fund.Implemented Lawson financials for the American Medical Association.Facilitated network planning, design, cable plant design and build-out, equipment staging and configuration, site activation, field engineering, security, audits, performance analysis, and reporting.Provided clients with fiscally sound ROI generating technical solutions in order to achieve a higher level of service.Responsible for managing four regional divisions of software and hardware implementations and performing resource scheduling and management as the project leader of  ACS' internal technical resources between two national data centers with different technical group management, as well as, the client resources needed for testing and validation.Was Project Manager for three Anthem/WellPoint Data Center Migrations to ACS Data Centers located in Pittsburgh, PA and Dallas, TX.Completed Projects Enterprise On Demand Implementation - On Demand is WellPoint's Enterprise Billing and Claims data archival system.This system is accessible via the internet so providers can log in and get reprints of EOB's, and Claims as a self-service option.This system also creates CDs that also get sent out to providers.Capacity upgrades for three Mainframe processors.Implementation of a new Enterprise problem reporting and tracking system.Coordinating three concurrent Disaster Recovery tests.07/1995to1998Project ManagerPKS INFORMATION SERVICES|City,STATE,PKS is a full service IT Service Organization that specializes in IBM mainframe system outsourcing.Transitioned new customers' computing environments to PKS.Managed approximately 50 multi-million dollar migration projects (moving data centers from client sites to the PKS centralized data center in Omaha, NE).06/1990to07/1995MVS Systems ProgrammerWASHOE MEDICAL CENTER|City,STATE,Responsible for MVS maintenance upgrades and the migration of new customers.Lead System Programmer on four migrations and five MVS system upgrades.Ensured capacity and tuning requirements were met, all software licenses were in order, and performed all duties as required to complete these projects.02/1980to06/1990Manager Information SystemsAMERICAN GENERAL INSURANCE COMPANY|City,STATE,A full service insurance and financial services company Provided development specifications and managed the acceptance testing of the point-of-sale loan origination system.Managed ""purchased service"" relationships.Established and managed facility services (office wiring, telephone service, LAN administration, building security).Established a ""hot spare"" program for the Financial Services Officers to ensure minimum system outages.
EducationExpected inDid not recieve degreetotoAssociate of Science|Information Technology ManagmentUNIVERSITY OF HOUSTON,Houston,TXGPA:GPA: 3.8Information Systems Management GPA: 3.8 Society for Healthcare Strategy and Market Development
Strategic Communications Committee, Texas Hospital AssociationContinuing education in Information Management and Security
SkillsACF2, Active Directory, administrative, AIX, IBM-AIX, application development, ASP, backup, Billing, CA-1, CA-11, CA-7, cable, call center, capacity planning, Citrix, closing, community hospitals, Compaq, CA, hardware, contracts, Conversion, cost reduction, client, clients, data processing, Data Warehouse, DEC, product development, Disaster Recovery, document management, financials, Financial, GroupWise, Help Desk, HP, IBM, IBM mainframe, MVS, imaging, information technology, insurance, ISPF, JES2, Kronos, LANs, LAN administration, Lawson, leadership, Director, Mainframe, managing, Market Development, market, MEDITECH, Exchange, Microsoft Exchange, office, window, NT, migration, modeling, MVS/ESA 4.2, MVS/ESA 5.1, MVS/XA 2.2, negotiating, Enterprise, Network Engineer, network design, network security, network, networks, Novell, OMEGAMON, operating system, DBA, OS/390, OS/400, PACS, performance analysis, policies, processes, processors, Programmer, Project leader, Project Management, quality, RACF, reporting, safety, scheduling, servers, SLA, SMP/E, Solaris, sound, Strategy, Strategic, Sun, SYNCSORT, Telecommunication, telephone, Television, TSO, HP-UNIX, upgrades, upgrading, upgrade, validation, VMS, voice and data, voice over IP, VTAM, wiring, Year 2000"
"About Milliman

Independent for over 75 years, Milliman delivers market-leading services and solutions to clients worldwide. Today, we are helping companies take on some of the worlds most critical and complex issues, including retirement funding and healthcare financing, risk management and regulatory compliance, data analytics and business transformation.

Through a team of professionals ranging from actuaries to clinicians, technology specialists to plan administrators, we offer unparalleled expertise in employee benefits, investment consulting, healthcare, life insurance and financial services, and property and casualty insurance.

Milliman's San Diego Healthcare Technology practice is looking for a Healthcare Analyst to support data warehouse projects, analytical services, claims analysis, and creating client reports. The ideal candidate has strong critical thinking and technical skills to contribute to a variety of projects. The analyst will gain experience using a wide variety of qualitative and quantitative healthcare data to support client needs.

Job Responsibilities

Key responsibilities will include the following:
Work on data loading for data warehouse projectsProvide analytic services, primarily but not exclusively associated with the analysis of healthcare claims dataHelp develop and refine analytic algorithms to analyze claimsConduct analyses for clients and draft reports explaining the resultsConduct projects as determined by clients or consultantsBe able to work independently and but also participate actively as a member of various project teams, fostering the sharing of relevant information and helping to build consensus collaboratively
Experience Desired

The ideal candidate should demonstrate experience using the following skills to design and develop analytical solutions:
2 to 5 Years of Experience and knowledge of healthcare data and analyticsStrong technical capabilities, especially with Microsoft tools and technologies; this includes using Microsoft business analytics tools, and perhaps delivering solutions that include:Microsoft Office componentsExperience with SQLExperience with Azure DatabricksExperience with Microsoft Visual StudioStrong experience with database tools and technologies
Applicants RequirementsQualifications
Strong SQL, Azure Databricks, Visual Studio experienceProficiency with basic statistics and management reportingKnowledge of, and experience with, healthcare claims data and their nomenclatures
Milliman Benefits

At Milliman, we focus on creating an environment that recognizes  and meets  the personal and professional needs of the individual. We offer a competitive benefits package which includes:
Medical, dental and vision coverage for employees and their dependents, including domestic partners A 401(k) plan with matching program, and profit sharing contribution Employee Assistance Program (EAP) A discretionary bonus program Paid Time Off (PTO) starts accruing on the first day of work and can be used for any reason; full-time employees will accrue 15 days of PTO per year, and employees working less than a full-time schedule will accrue PTO at a prorated amount based on hours worked Family building benefits, including adoption and fertility assistance and paid parental leave up to 12 weeks for employees who have worked for Milliman for at least 12 months and have worked at least 1,250 hours in the preceding 12-month period A minimum of 8 paid holidays Milliman covers 100% of the premiums for life insurance, AD&D, and both short-term and long-term disability coverage Flexible spending accounts allow employees to set aside pre-tax dollars to pay for dependent care, transportation, and applicable medical needs 
Location

This position will be based out of the Milliman office in San Diego. Applicants must be willing to work onsite in the Milliman office.

Compensation

The salary range for this role is $62,000 to $99,200, depending on a combination of factors, including, but not limited to, education, relevant work experience, qualifications, skills, certifications, location, etc.

Milliman is an Equal Opportunity Employer

All qualified applicants will receive consideration for employment, without regard to race, color, religion, sex, sexual orientation, gender identity, national origin, disability, or status as a protected veteran.","Professional SummaryExperienced Data Analyst committed to maintaining cutting edge technical skills and up-to-date industry knowledge.
SkillsPython and R  proficientTableau, Power BISQL, MySQL, HadoopMicrosoft Excel proficientExcellent communication skillsPhotoshop, SharePoint, Adobe Creative  SuiteHTML5, CSS3, JavaScriptJava, AndroidExcellent problem-solving abilities
Work History01/2018toPresentData Analyst–Long Island City,,Implementing data pre-processing using python to clean a dataset containing over million entries and generating valuable insights from the clean dataset through visualizations.Using Natural Language Processing toolkit- NLTLK package to perform topic segmentation and analyzing the trends in equipment features over years at John Deere.Using Google Analytics to analyze data of the mobile applications and make data driven decisions to improve customer support and experience.01/2018toPresentTechnology ConsultantJones Lange Lasalle Inc.–,,Providing strategic consulting for a leading company in the electrical data networking industry to implement a governance framework on their intranet portal.Developing a business model for the client to improvise their intranet design, optimizing item placement, usability and searchability.11/2017to01/2018Data Analyst InternHewlett Packard Enterprise–,,Worked with AACSB process manager for data extraction and cleaning using R and analyzed the data using descriptive visualizations in Tableau.Compiled information on faculty activities, collected data for surveys, performed data quality control activities using Microsoft Excel.Transformed the data using data wrangling in a format specified by the management.12/2015to01/2016Application Developer and Content Management InternDo It Best Corp–,,IndiaInteracted with senior professionals to develop and design business processes to enhance the functionality of the Android application.Implemented the business processes on the backend using JSON.Used Tableau for data collected from multiple sites to generate insights for the senior professionals to carry out decision making.
EducationExpected inDec 2018totoM.S:Information ManagementUniversity of Illinois-Urbana Champaign,ILGPA:Information Management GPA: 3.50Expected inMay 2017totoB.E:Information TechnologyUniversity of Mumbai-Mumbai,GPA:Information Technology GPA: 3.95Expected inMay 2014totoDiploma:Information TechnologyShri Bhagubhai Mafatlal Polytechnic-,GPA:Information Technology GPA: 3.75
SkillsAdobe Illustrator, Photoshop, Big Data, BI, Business Intelligence, business processes, Business Research, Competitive Intelligence, consulting, CSS3, Client, customer support, Data Processing, Data Mining, Data Modelling, Data Visualization, Database Management, decision making, features, Google Analytics, HTML5, Java, JavaScript, JSON, Knowledge Management, lEADERSHIP, Microsoft Excel, Microsoft Office, SharePoint, MySQL, Natural Language Processing, networking, Programming, Project Management, Python, quality control, SQL, Statistics, strategic, surveys, Tableau","Experience10/2019to06/2019Data AnalystAngi Homeservices Inc.–Rockledge,FL,Built an end to end analytics-based solution for animal shelters to verify optimality of current capacity, with a vision to deliver recommendations to improve animal outcomes and health in the future.Created a cloud-based (AWS/Flask/HTML) UI to source animal shelter data & present optimal solution.Utilized Delphi method to generate synthetic data (for missing values) using information from animal experts.Leveraged SQL/Python to pre-process and optimize animal shelter data.Dealt with a tricky client, with unclear outcomes (and impacted by COVID-19 times) - yet delivered a complete, extendable analytics/ UI solution.Predicted the outcome of animals with 73% accuracy, based on characteristics of the animals at the time of intake.01/2019to06/2019AnalystAmeresco–Half Moon Bay,,INDTraders of import export licenses in India, Operationalized and negotiated the prices/rate of various MEIS/SEIS by predicting the price of the MEIS/SEIS licenses using Time-series analysis and supervised machine learning model, resulting in savings of INR 1,000,000.Created a new billing system from scratch to increase efficiency and reduce time spent in creating bills using Excel, VLOOKUP, HLOOKUP and Formulas, which resulted in time spent in creating bills reducing by 50.06/2018to09/2018Analyst InternSpencer Stuart–Chicago,,INDAlthough junior, quickly earned responsibility for creation of data architecture & automation for BSE's Mutual Funds.Processed 1 million+ weekly transactions to enable audits, executive reporting - Presented to CXOs weekly.
EducationExpected inJuly 2018totoBachelor of Engineering:Information TechnologyUniversity of Mumbai, Vidyalankar Institute of Technology-Mumbai,GPA:Expected inJunetotoMaster of Science:Business AnalyticsUniversity of California-San Francisco,CAGPA:
SummaryA motivated data enthusiast with 5+ years of SQL and data analysis experience, 3+ years of Object-Oriented Programming experience and 2+ years of Python and R experience. Self-taught Machine Learning and Big Data and applied to various settings by taking 3 Coursera Courses, 3 Udacity Courses, 2 Udemy Courses and am an AWS Certified Cloud Practitioner. Motivated to make a difference and hence currently analyzing publicly available animal shelter data.
HighlightsTools: SQL, Python, Jupyter Notebook, Flask, R, Tableau, Spark, MongoDB, Excel, HTML, MapReduceSkills: A/B Testing, Data Analysis, Database Management, Data Mining, Data Visualization, Hypothesis Testing, Modeling, Machine Learning, Statistical Analysis, DashboardsAutomationBilling systemClientData AnalysisData MiningData VisualizationDatabase ManagementDelphiFundsHTMLMachine LearningExcelModelingMongoDBPythonReportingSQLStatistical AnalysisTableauVision
SkillsTools: SQL, Python, Jupyter Notebook, Flask, R, Tableau, Spark, MongoDB, Excel, HTML, MapReduceSkills: A/B Testing, Data Analysis, Database Management, Data Mining, Data Visualization, Hypothesis Testing, Modeling, Machine Learning, Statistical Analysis, Dashboards,Automation, billing system, client, Data Analysis, Data Mining, Data Visualization, Database Management, Delphi, Funds, HTML, Machine Learning, Excel, Modeling, MongoDB, Python, reporting, SQL, Statistical Analysis, Tableau, vision"
"Industry leading client is seeking a Senior Accountant to join growing team. Direct hire, 5 days in-office, reports to Santa Fe Springs, CA.
Overview: The position is primarily responsible for the areas associated with general accounting. Responsible for assigned account reconciliations, journal entries, lease accounting and financial reporting.
Responsibilities:Maintain lease accounting schedules Prepare monthly accrualsResponsible for prepaids  amortization Maintain rent schedule  provide to APPrepare and record month-end allocationsResponsible for financial reporting package & flux analysisProvide operational reporting to departmentsReconcile balance sheet accounts as assigned
Qualifications:This position requires a bachelor's degree in accounting or business with concentration in accounting.Minimum 5 years experience preferred.Experience in performing full-cycle accounting and close.Strong technical skills in applying US GAAP rules are a plus.Intermediate to advanced knowledge of Microsoft Excel required.","SummaryHighly organized, detail-oriented, and motivated professional with a proven track record of success in various roles, including Accounts Payable, Tax Preparer Assistant, and business ownership. I possess strong financial acumen, analytical skills, and expertise in managing payable processes efficiently. Additionally, I have a deep knowledge of tax laws, excellent organizational skills, and an unwavering attention to detail to ensure compliance with tax regulations. Furthermore, I possess exceptional leadership skills, strategic thinking abilities, and a demonstrated history of driving organizational success. As an entrepreneurial business owner, I have a wealth of experience in business management, strategic planning, and operational excellence, enabling me to effectively drive growth and success for new ventures.
SkillsProven track record of successfully starting, managing, and growing businesses across various industries.Strong leadership abilities to inspire and motivate teams, fostering a culture of innovation, collaboration, and excellence.Ability to adapt to changing environments and manage multiple priorities effectively.Detail-oriented with a focus on accuracy to minimize errors and ensure compliance with tax laws.Proficient in different tax preparation software.Communication and interpersonal skills.Problem-solving.Project management.Organizational skills.Analytical thinking.
ExperienceAccountant,10/2019-CurrentBrunel–Winnemucca,NV,Reviewing financial statements and records to identify potential deductions and credits for clients.Prepared and filed tax forms, including 1040, Schedule A, and Schedule C, using tax preparation software.Managed and organized client files, ensuring confidentiality and easy retrieval of information.Assisted in providing tax planning and advice to clients regarding their financial situations and potential tax liabilities.Prepared and filed tax returns electronically, adhering to filing deadlines and requirements.Analyzed monthly department budgeting and accounting reports to maintain expenditure controls.Monitored balance sheets and income statements to evaluate financial performance.Examined financial statements and income statements to review company's financial performance.Tracked employee payroll processes to verify timely reporting and avoid late fees.Analyzed revenue and expenditure trends and recommended appropriate budget levels to business operations leaders.Tax Preparer Assistant,01/2022-05/2022H&R Block, Inc.–Jefferson City,MO,Assisted in preparing and reviewing individual tax returns, including gathering client information, calculating deductions, and completing necessary forms.Conducted tax research to ensure accurate reporting and compliance with applicable tax laws and regulations.Probed tax situations from different angles to apply maximum tax benefits or resolve tax debts.Advised clients to comply with IRS regulations and meet state and federal tax obligations.Supplied detailed tax documentation needed to submit accurate individual returns.Analyzed information and assessed liabilities and deductions according to relevant tax code.Informed clients of potentially beneficial products and services, resulting in additional business opportunities.Implemented tax reduction strategies to analyze and minimize tax liabilities.Interviewed clients to obtain additional information on taxable income and deductible expenses and allowances.Call Center Supervisor,02/2017-12/2021Greatcall–Carlsbad,CA,Led a team of 10 contractor employees, overseeing day-to-day operations and driving strategic initiatives.Established and monitored key performance indicators (KPIs) to track progress and drive continuous improvement.Built strong relationships with vendors and suppliers, negotiating contracts and ensuring optimal pricing and service levels.Recognized and rewarded team members for their achievements, fostering a positive work environment.Conducted regular team meetings to communicate goals, provide updates, and encourage collaboration.Implemented process improvements that resulted in a 20% reduction in errors and improved customer satisfaction.Trained and supervised new employees to promote overall team productivity and consistent service.Coached team members on metrics and consumer experience behavior identification to improve satisfaction ratings.Handled escalated customer service concerns to preserve customer satisfaction and maintain long-term business relationships.Answered, screened and processed high volume of calls daily with call management system and web-based communications.Met or exceeded call speed, accuracy and volume benchmarks on consistent basis.
Education and TrainingAssociate of Arts:Accounting,Expected in05/2023-Tallahassee Community College-Tallahassee, FL,GPA:Status-Member of Leadership and Success, 20223.5 GPAAccounting Specialist Certificate:,Expected in09/2011-Erwin Technical College-Tampa,FLGPA:Status-High School Diploma:,Expected in05/2009-Middleton High School-Tampa, FL,GPA:Status-","Career OverviewExperienced Data Analyst with extensive
skill in Data Modelling, Analysis, and Reporting using SSMS, SSRS, Crystal

Reports,
and CRM applications. Detail-oriented professional with proficient technical
documentation, and project management skills.
Work ExperienceData Operations Analyst,10/2015to08/2016Addepar–New York,NY,Contributed to the Development and Maintenance of data quality standards on Millennium a CRM application.Designed Excel Applications for automated processes using Excel Macro and Visual Basic Editor to analyze, evaluate processes, and improve divisional efficiency.Provided technical documentation for organizational reports and project designs.Delivered self-service reports through SSRS.Designed forms and edited reports using Crystal Reports.Generated the Fiscal Year Reports for the Annual Funds division by sorting, using aggregate functions, Pivot table and VLOOKUP formula in Excel.Data Analyst (Contract),2015to04/2015Saic–Cape Canaveral,FL,Committed to multiple projects and tasks during Scrum meetings, and decreased 40% of team's workload.Designed business rules for incoming vendor's files to designated folders.Analyzed, and validated Data using SSMS. Designed projects, Test Cases, tracked and conducted UAT.Produced internal and regulatory reports on regular or adhoc basis on SharePoint.Technical Support,2013to10/2014Lockheed Martin Corporation–Vandenberg Air Force Base,CA,Report, track and fix defects on existing PC and Internet connections.Recommending the right Operating System, Hard Drives and Disk for compatible assembly and installation.Provide technical assistance with several computer assembly.Managed and assembled the Internet connections through the gateway router to multiple PC both wireless and cabled connection.Data Analyst,2009to03/2013MYA-Sales–City,STATE,Forecast future of business sales by querying and analyzing data for the past and present business activities. Reported analytical information for business intelligence that highly impact business decisions.Analyzed daily transactions, using financial functions, Pivot Table, Charts, and VLOOKUP with Microsoft Excel.Designed
relational database for enforcing data integrity, and tracking inventory with Microsoft Access.Managed storage for user and systems databases, including database files.
Education and TrainingBBA:Management Information System,Expected in2014toUniversity of Central Oklahoma-Edmond,OKGPA:Certification:Business Analyst,Expected in2015toQ Tech Solutions-,New JerseyGPA:
Additional SkillsProficient Technical Documentation skillsAdapts fast to Business RulesAbility to read and Design Charts and Diagrams (UML, DFD, ERD)Great Team Player and also ability to work independently"
"As a Manager, you will be a key driver in building features and platform stability into Markforgeds cloud-based 3D printing solution. You will be responsible for entire feature sets and the people delivering them: decomposition of requirements, hands-on implementation, cross-team coordination, and the career arc of a team of strong engineers. You will have a growth mindset, accelerating engineers career progression and hiring more team members.
This is a playercoach role. Markforged strongly values individuals who use, understand, and love our product and want to see their efforts actively being used by their customers. The ideal candidate will have a proven track record of hands-on experience in managing and maturing teams and with a ship often mindset.
What will you own?
Manage and grow a team of 3-7 experienced engineers responsible for building full feature setsDrive technical decisions and be accountable for the delivery of solutions on initiatives they ownWork with engineers across the company to build new features at a large scaleImprove engineering standards, tooling, and processesPlan for the growth of Markforged's infrastructureWork directly with the Product team to own and manage their own teams roadmapGain experience using the latest generation of 3D printers and assist our team as we explore new ways to integrate machine features into the productComfortability commuting to our Waltham, MA HQ 2+ daysweek
Important Note:
Although we list out what we generally look for, we are very likely missing other attributes and skills that you have that could make you a great fit, but are not currently listed. Research has shown this especially applies to women and other marginalized groups, who tend to apply if they check 100% of every box, versus men who apply if they hit roughly 60%. The point were getting at, it doesnt hurt to take a chance and apply!
What you have:
1+ year experience in Engineering Management5+ years experience in leading the design, execution, and shipment of high-quality features with strong Computer Science fundamentalsBachelor's degree in Computer Science or equivalentProven experience delivering under an AgileScrumKanban methodologyExperience with contemporary web development frameworks (Angular, React Redux, Node.js, etc.)Experience with cloud systems such as AWS or AzureKnowledge of performance optimization, parallelization, and distributed systemsExperience building APIs, Services, andor Scaling SystemsSignificant Experience with Schema Design and Query Optimization with SQLExcellent command of Javascript or TypeScriptHave excellent verbal & written English communicationKnow your way around a UNIX shell
Bonus Points:
Proficiency in writing Node applications and scaling them to support thousands of usersCan design and implement tooling and automation for clustering, scaling, monitoring, and alertingExperience with web-based visualization frameworks (Canvas, D3, Three.js, WebGL, and more)Experience with CADCAM software and 3D modeling librariesA huge plus for experience with 3D Printing  Additive Manufacturing
#fulltime #hybrid
Why Markforged?
Help us reinvent manufacturing.
We are reinventing manufacturing so that engineers can build anything they imagine.
We are one team that wins together!
You will be engaging every day with passionate and dedicated individuals in a collaborative environment working towards making best-in-class products.
Perks & Benefits
For all US-based roles, we offer a competitive compensation package and a full suite of benefits, including medical insurance, dental insurance, vision insurance, 401(k), parental leave, commuter benefits, open PTO policy, and more. Our work environment includes casual dress, a fully stocked kitchen, bike storage, free parking, weekly catered lunches, and fitness perks. You will have unlimited access to our 3D printers for professional and personal parts!
Markforged values the differences among our employees and provides equal employment opportunities to all employees and applicants for employment. These differences include but are not limited to race, color, ancestry, national origin, gender, sexual orientation, marital status, religion, age, disability, gender identity, results of genetic testing, or service in the military. This goal emphasizes the development of inclusive work environments that capitalize on each employees skills, experience, and unique perspectives as we strive to achieve an unparalleled standard of excellence.
To all recruitment agencies: Markforged does not accept agency resumes. Please do not forward resumes to our jobs alias or Markforged employees. Markforged is not responsible for any fees related to unsolicited resumes.
#LH-RH1","Professional SummaryYoung professional with
hands-on experience analyzing data and model structures for large companies,
including the Telecom industry. Skilled Data Analyst and Business Consultant.
Accomplished in problem solving, advising best solutions and improving business
through data analysis. Experience leading teams
and presenting projects. Committed to delivering best possible outcomes and
consistently recognized for outstanding excellence on several projects. Highly
regarded by peers and co-workers. Technical proficiency in BSCS IX, Cognos, BMC
Remedy, Tableau, Putty, Image Now, Rstudio, Oracle, MYSQL, Java, HTML, Python,
Shell and Pearl.
Areas of ExpertiseData Analysis &
  Visualization, Data Warehousing, Decision Modeling, Business Intelligence, Data &
  Statistical AnalysisOperations Management, Project Leadership, Reporting & Analysis, Client Management, Product Development,Change management
ExperienceSenior Software Engineer,2004to2011The Hartford–Peace Dale,RI,Analyzed Data and implemented functional strategy for Billing and Rating System, using Business Intelligence ETL Tools; and led 24x7 OperationsTeam of 25 members for data modeling, system monitoring, kernel upgrades, job scheduling and administration• Improved management decision effectiveness for a Telecom service provider in India by analyzing and managing data; and configuringrating packages. Achieved weekly execution labor time savings of 10 hours by automating procedures and scripts.• Managed billing operations for 22+ states in India, consisting of 60+ servers providing 24/7 support to 8+ million subscribers by organizingand supporting online software operations both on-site and at remote data centers• Improved incident resolution efficiency from 67% to 97% through more rigorous management and mentoring• Achieved 99% System availability for 21 months, Awarded Client appreciation for multiple projects• Decreased SLA by 27%, by assigning roles, tasks and deadlines to individuals and mapping expertise/specialization.• Improved testing quality/outcome by enhancing and automating business scenarios; developed test approach, plan and scripts• Enhanced revenue and marketing departments’ customer satisfaction by brainstorming with subject matter experts to improve knowledgeof issues, requirements, expectations and business critical scenarios• Worked closely with clients to analyze IT system requirements, clients’ information technology needs and their resources in order to planIT projects and fulfill clients’ expectations, Researched and documented existing business process for BSCS IX system• Developed IT system specifications after evaluating customer’s nature of work and business volume• Led process-improvement focus groups as part of functional redesign for BSCS IX Customization system
EducationMaster of Science:Executive Management of Technology,Expected in2017toNew York University-Brooklyn,New YorkGPA:Coursework: Business Analytics, Managing Tech Change and Innovation, Economics
Strategy, Tech Strategy, Organizational Behavior, Global Innovation.Bachelor of Engineering:Electronics and Telecommunications,Expected in2012toMumbai University-Mumbai,MaharashtraGPA:Coursework in Microprocessor, Microcontrollers, Data Encryption/Decryption, Basic
Fundamentals of Java & C++
Skillsbuild computers, call center, closing, computer repair, customer service, electronics, team leader, listening, meetings, Excel, PowerPoint, Windows 7, Windows 8, Microsoft Windows XP, Microsoft Word, progress, sales, supervision, technical support, troubleshooting, Vista","Professional SummaryTo achieve a responsible position that gives me a chance to apply my innovative skills and knowledge. I aim to be a valuable member of the team that works dynamically towards success and growth of organization. Strong Knowledge in Electronics and computer Engineering background with 1+ experience as Automotive Embedded Software Engineer. Good Knowledge in simulation tools such as MATLAB and Simulink. Thorough Knowledge in CAN Communication and Basic knowledge in AUTOSAR Architecture. Familiar with Version control systems such as SVN, IBM Synergy, Clear case and requirements analysis tools such as Doors. Worked on all phases of V model software development and Version control systems. Communicated with the other Engineering personnel to coordinate the interrelated design and assure project completion. Coordinating with software and target teams to find bugs, testing debug build.
SkillsGuest servicesInventory control proceduresMerchandising expertiseLoss preventionCash register operationsProduct promotions
EducationNorthwestern Polytechnic University,CA.Expected inJan'16––M.S:Electrical and Computer Engineering-GPA:3.6Electrical and Computer Engineering 3.6Jawaharlal Nehru Institute of Technology,Expected inMay'14––Bachelors:Electronics and communication Engineering-GPA:3.4Electronics and communication Engineering 3.4
Work HistoryOneblood-Embedded SoftwareDeland,,India01/2016-07/2016Responsible for developing Safety and Engine related software.Special focus on areas such as CAN protocols.Embedded software component development for Engine ECU, and maintenance of existing software components.Supported all phases of the software development process (V - Model).Understand and negotiate specifications, designed and implemented code, created documents and descriptions maintained existing software.Stored, retrieved and manipulated data for close analysis of system capabilities.Prepared detailed reports concerning project specifications and activities.Worked effectively with design teams to ensure software solutions elevated client side experience.Defense Electronics Research Laboratory DLRL-Project TraineeCity,STATE,India11/2012-04/2013Undergone a training program in Industrial Automation, which gives a hands on experience in 8051 programming, AVR programming for Embedded Systems applications, Digital logic and Electronic Control, using commonly used transducers, sensors and output devices and components in automation and controlling.Projects Fault Management, TCS, India Responsible for development and testing of Fault management module.It contains the list of all the faults that a system can have.Fault Management basic functionality is to store the faults (current & previous ignition cycles) in EEPROM.It also supports clearing of the particular fault and also clearing of entire fault memory based on     the customer requirement.Event Data Recorder, TCS, India Responsible for development and testing of accident recorder modules.It is utilized to store the information identified with vehicle (e.g.Vehicle speed, Buckle switch status, Brake status, Airbag sensors) amid accident through CAN communication protocol Monitoring Various ECU's for Engine control, TCS, India Safety and preventive measures for engine ECU (Electronic Control Unit) are mainly considered.Different inputs from various modules like cruise control, Adaptive cruise control, Acceleration pedal etc.are considered and monitored.Concentrates on the security levels (Levels defines the cautions to be taken based on the priority of module failures) provided for different modules (driver safety is mainly considered).In critical cases pre-defined values are loaded for safety purpose.Drive by wire - electronic throttle valve system"" on Altera DE2 FPGA board Programmed and configured Altera DE2 board to implement a ""drive by wire - electronic throttle valve system.Interfaced Accelerator position sensor, Throttle position sensor, Throttle actuator motor (used a Servo Motor), relays, LEDs & LCD present on the board to the NIOS II software and to the NIOS II microprocessor present with in the Altera Cyclone II FPGA IC on the DE2 board Simulated the modules in Modelsim and synthesize on Altera Quartus II software.Accident avoidance system An Arduino based accident prevention using higher end alert mechanisms, which prevents the accidents by alerting the driver when he/she falls asleep.Project involves Arduino Uno - Atmega 328 Microcontroller to measure and counts the eye blink using IR sensor.It gets trigger from the sensor information to identify an accident.JNTU-H-Lab Assistant,,IndiaCurrent-CurrentMicroprocessor, Analog and Digital Communications.Hands on experience in Microprocessor, Analog and Digital Communications and E-Cad Laboratories.Monitor the lab setups and guide the students for the effective usage of labs.
SkillsDreamweaver, Assembly language, Automation, basic, C, C++, Cad, CSS, LCD, DOORS, Embedded Systems, focus, HTML, PHP, Java, Labview, logic, Mac OS, MATLAB, memory, Microprocessor, Microsoft Office, Office 3.0, SharePoint, Windows XP, Office Automation, Operating Systems, Programming, protocols, PSPICE, requirement, Safety, software development, switch, UNIX, Verilog, VHDL, Vista"
"10627  Software Engineer II (Heroku Architect) 
Purpose: 
The Heroku Software Engineer II is responsible for analyzing, designing, developing, and implementing software projects and operational maintenance Data hub tasks using Heroku platform. 
Essential Functions: 
Evaluate existing solutions and recommend potential Heroku-enabled enhancements Develops or updates support documentation as needed and leads Peer Review to allow acceptance of systems changes into production Communicates design, requirements, functionality, and limitations of systemsapplications Collaborates with other Business and IT partner teams on successful delivery of product enhancements and support Working with testers and DevOps engineers for testing and deploying web applications on the Heroku platform Partner with team to debug and diagnose complex defects, conduct root cause analysis, and make resolution recommendations. Maintains technical skills and expertise through continuing education and training. 
Please note this job description is not designed to cover or contain a comprehensive listing of activities, duties or responsibilities that are required of the employee for this job. Duties, responsibilities and activities may change at any time with or without notice. 
Basic Requirements: Bachelors degree in Computer Science, ElectricalElectronic Engineering, Information Technology or another related field or Equivalent 3+ years work experience in software development and three years of Salesforce application development Minimum 2 years professional experience using 3 or more development languages or tools (e.g., Java, J2EE Application Framework) Experience in building solutions on Heroku Platform Knowledge in SQLSOQL and experience in building database schemas. Experience working closely across a variety of teams including product management, other platform developers and end users Understanding the UI design parameters from UI designers Ability to translate technical design options into business and functional impacts Heroku Certification preferred 
Salary Range - $79,800 to $114,103","Summary•        
Over
Three years of extensive experience as a Front-End UI Developer with solid
understanding of database designing, development and installation of different
modules. 

•        
Professional
understanding of System development life cycle (SDLC) as well as various phases such as Analysis Design,
Development and Testing. 

•        
Expert
in developing User Interface (UI) applications and professional web
applications using JavaScript, JSP, XML,
HTML5 /DHTML, DOM, XHTML, jQuery, CSS3, and Ajax.• Extensive
experience in various UI widgets using JavaScript
libraries like Angular.js, Node.js and developing Rich Internet Applications RIA.• Experience
in implementing Web Services (RESTful/SOAP)
and REST services.•  Experience
in  SQL Server and T-SQL
servers.• Experience in Hadoop,
Hive, Postgres, Cassandra, Mongo.• Sound
knowledge in working with browsers compatibility issues with browsers like IE, Firefox, Safari, Opera, Chrome.Good
experience in automation testing
with Mocha and Jasmine using Selenium.•  Good
Experience in Jasmine framework to
write the unit tests in order to
prevent the functional defects from being deployed to production.•Good
knowledge in the configuration management and version control software like TFS, Bit bucket, GitHub.• Highly motivated self-starter, hard worker, team player and research orientated.•Flexible, team player, “get-it-done” personality.
SkillsProgramming Languages: C, Java, PythonOperating Systems: WindowsDatabase: MySQLWeb Technologies: HTML, CSS, JavaScript, JQuery, Java Servlets, BootstrapProject DetailsPlay TombolaDuration: 30 DaysTeam size: 1 Java, MySQL, CSS, JavaScript, JQuery, HTML, Bootstrap, Java Servlets
ExperienceSoftware Engineer Intern,10/2016-CurrentViasat Inc.–AR,State,Responsibilities:

·  Designed
Frontend with in VB Scripting.

·        
Developed
Single page application using the Router concept.

·        
Used  CISA,
PYTHON,CISM.

·        
 Used Powershell,  Perl for fast going application.

·        
Improved the performance of the application by replacing the
existing process and controls with most suitable process flow, optimized
queries and code snippets

·        
Introduced
methodologies and best practices that enhanced product definition, release processes and customization of applications
to user needs.
Education and TrainingMaster Of Science:Information Technology,Expected in--Hyderabad,GPA:Status-Information TechnologyB.Tech:Electrical and Electronics Engineering,Expected in2016--,GPA:Status-Electrical and Electronics Engineering Kakinada with 70.40% marksDiploma:Electrical and Electronics Engineering,Expected in2013--,GPA:Status-Electrical and Electronics Engineering from SBTET Andhra Pradesh with 69.49% marks
*S.S.C. (2010) from State Board of Andhra Pradesh with 74.00% marks
SkillsC, CSS, Database, HTML, Java, Java Servlets, JavaScript, JQuery, Windows, MySQL, Operating Systems, Developer, Programming, Python","Professional SummaryTo achieve a responsible position that gives me a chance to apply my innovative skills and knowledge. I aim to be a valuable member of the team that works dynamically towards success and growth of organization. Strong Knowledge in Electronics and computer Engineering background with 1+ experience as Automotive Embedded Software Engineer. Good Knowledge in simulation tools such as MATLAB and Simulink. Thorough Knowledge in CAN Communication and Basic knowledge in AUTOSAR Architecture. Familiar with Version control systems such as SVN, IBM Synergy, Clear case and requirements analysis tools such as Doors. Worked on all phases of V model software development and Version control systems. Communicated with the other Engineering personnel to coordinate the interrelated design and assure project completion. Coordinating with software and target teams to find bugs, testing debug build.
SkillsGuest servicesInventory control proceduresMerchandising expertiseLoss preventionCash register operationsProduct promotions
EducationNorthwestern Polytechnic University,CA.Expected inJan'16––M.S:Electrical and Computer Engineering-GPA:3.6Electrical and Computer Engineering 3.6Jawaharlal Nehru Institute of Technology,Expected inMay'14––Bachelors:Electronics and communication Engineering-GPA:3.4Electronics and communication Engineering 3.4
Work HistoryOneblood-Embedded SoftwareDeland,,India01/2016-07/2016Responsible for developing Safety and Engine related software.Special focus on areas such as CAN protocols.Embedded software component development for Engine ECU, and maintenance of existing software components.Supported all phases of the software development process (V - Model).Understand and negotiate specifications, designed and implemented code, created documents and descriptions maintained existing software.Stored, retrieved and manipulated data for close analysis of system capabilities.Prepared detailed reports concerning project specifications and activities.Worked effectively with design teams to ensure software solutions elevated client side experience.Defense Electronics Research Laboratory DLRL-Project TraineeCity,STATE,India11/2012-04/2013Undergone a training program in Industrial Automation, which gives a hands on experience in 8051 programming, AVR programming for Embedded Systems applications, Digital logic and Electronic Control, using commonly used transducers, sensors and output devices and components in automation and controlling.Projects Fault Management, TCS, India Responsible for development and testing of Fault management module.It contains the list of all the faults that a system can have.Fault Management basic functionality is to store the faults (current & previous ignition cycles) in EEPROM.It also supports clearing of the particular fault and also clearing of entire fault memory based on     the customer requirement.Event Data Recorder, TCS, India Responsible for development and testing of accident recorder modules.It is utilized to store the information identified with vehicle (e.g.Vehicle speed, Buckle switch status, Brake status, Airbag sensors) amid accident through CAN communication protocol Monitoring Various ECU's for Engine control, TCS, India Safety and preventive measures for engine ECU (Electronic Control Unit) are mainly considered.Different inputs from various modules like cruise control, Adaptive cruise control, Acceleration pedal etc.are considered and monitored.Concentrates on the security levels (Levels defines the cautions to be taken based on the priority of module failures) provided for different modules (driver safety is mainly considered).In critical cases pre-defined values are loaded for safety purpose.Drive by wire - electronic throttle valve system"" on Altera DE2 FPGA board Programmed and configured Altera DE2 board to implement a ""drive by wire - electronic throttle valve system.Interfaced Accelerator position sensor, Throttle position sensor, Throttle actuator motor (used a Servo Motor), relays, LEDs & LCD present on the board to the NIOS II software and to the NIOS II microprocessor present with in the Altera Cyclone II FPGA IC on the DE2 board Simulated the modules in Modelsim and synthesize on Altera Quartus II software.Accident avoidance system An Arduino based accident prevention using higher end alert mechanisms, which prevents the accidents by alerting the driver when he/she falls asleep.Project involves Arduino Uno - Atmega 328 Microcontroller to measure and counts the eye blink using IR sensor.It gets trigger from the sensor information to identify an accident.JNTU-H-Lab Assistant,,IndiaCurrent-CurrentMicroprocessor, Analog and Digital Communications.Hands on experience in Microprocessor, Analog and Digital Communications and E-Cad Laboratories.Monitor the lab setups and guide the students for the effective usage of labs.
SkillsDreamweaver, Assembly language, Automation, basic, C, C++, Cad, CSS, LCD, DOORS, Embedded Systems, focus, HTML, PHP, Java, Labview, logic, Mac OS, MATLAB, memory, Microprocessor, Microsoft Office, Office 3.0, SharePoint, Windows XP, Office Automation, Operating Systems, Programming, protocols, PSPICE, requirement, Safety, software development, switch, UNIX, Verilog, VHDL, Vista"
"Rightware is the company behind the Kanzi family of software tools and services used by automakers for design and development of advanced digital user interfaces. Our mission is to help automakers increase brand value with highly customized signature user interfaces. Kanzi is the market-leading UI tool trusted by over 50 automotive brands across the globe.Rightware is headquartered in Finland and has a presence in the US (Detroit), UK, Germany, Italy, China, South Korea, and Japan.
We are now looking for an Experienced Software Engineer. You would be joining our R&D team of almost 60 professionals developing the core products on which our value is built: Kanzi Studio and Kanzi Runtime.  You will improve, maintain, and optimize the Kanzi rendering engine, while creating new features and functionalities as well as solving problems to ensure we continue to stay ahead of the pack with high-quality graphics and UI framework. While working in R&D mostly with internal colleagues and stakeholders, sometimes work might also involve supporting customers directly with their problems and requests. Who Are You?You are a software engineer with the passion to create clean working code that gets the job doneYou have solid experience in C++You are good at understanding others codeYou believe in teamworkYou are willing to take responsibilities of the features and follow them up until completionYou like thinking outside the boxYou can be either a seasoned expert or a young rising star.
We requireC++ programming skillsGraphics programming experience (OpenGL, Vulkan, etc.)Ability to pick up new technologies and codebases efficientlyExcellent communication skills in EnglishExcellent teamwork skills
We appreciate Experience in using modern game engines (Unity, Unreal)Experience in developing UI frameworksExperience using UI toolkits in application developmentC# experienceEmbedded experience
What We OfferRightware might be your new home, if you are passionate about transforming design into software, solving complex challenges and helping enable fantastic user experiences. With us you get to work with some of the most esteemed automotive brands in the world. Your colleagues will be a highly professional mix of people from creative designers to engineers, all passionate about their jobs.  If this sounds like you, apply today!","HighlightsProficient inObjective - CJavaC/C++Prior experienced inJavaScriptHTMLPHP
EducationMaster of Science:Computer Science,Expected in2015-George Washington University-Washington,DCGPA:Status-Bachelor of Engineering:Detection Guidance and Control Technology,Expected in2013-Nanjing University of Aeronautics and Astronautics-Nanjing,JiangsuGPA:Status-
Work HistorySoftware Engineer,2016-CurrentVertiv Holdings, Llc–Westerville,OH,Learning basic software engineer's working skills, including unit testing, code quality improvement, and so on.Creating and upgrading IT solutions that directly impact hospitals and clinics, as well as doctors, clinicians, and patientsProgramming Language: Java, Javascript, HTML, CSS.iOS Developer - Internship,09/2015-2016Abroad Intellect Capital–City,STATE,Worked on an iOS project with a team, developed: push notifications, cursor library, and caching within the iOS framework.Applied SQLite to communicate between the mobile app and the company's web application.Programming language: Objective-C, Swift.Junior iOS Software Engineer, Internship,04/2015-08/2015LifeFuels–City,STATE,Develop an iOS application with software development team.Get involved in most project phrases, from UI/UX designing, software development, software debugging to software testing.Collected data from other mobile application or web application based on Oauth 2.0 protocol.Improved user experience by adding UIKit animations and SpriteKit animations.Programming Language: Objective-C.iOS Developer, Project Manager,05/2014-2015China Concordia Infotech Co.,Ltd–City,STATE,Developed an iOS task manager application, with both on-line and off-line information system.Involved at every project phrase, from concept creation to app store deployment.Responsible for general maintenance of application library and debugging.Programming Language: Objective-C, PHP.","SummaryPursue a challenging and rewarding position as a QA Analyst/ Software Quality Assurance Specialist in the competitive information technology industry where I can utilize my technical skills and abilities to accomplish professional growth while being resourceful, innovative and flexible. Skilled IT professional with over 6 years in Quality Assurance and Software Testing experience of both Web-based and client/server Applications. Thorough understanding of software quality activities throughout the software development life cycle (SDLC). Detailed understanding of QA methodology (Agile, Waterfall) to ensure quality control. Experience reviewing specifications and identifying areas of the specification that are missing, aren't clear, require additional flow diagrams or business logic. Experience reviewing business and/or functional requirements to gain high level of understanding regarding intended deliverables. Experience designing and writing manual test cases based on functional specifications with the ability to creatively generate test scenarios that are not specifically included in the source documentation. Experience executing manual test cases and performing ad-hoc testing when necessary to ensure functionality is performing as specified. Experience writing clear defect reports that communicate exactly how the defect is re-produced, what functional area the defect is associated with, the expected application behavior, and the actual application behavior. Experience with phases of QA and the actions needed to keep a project moving forward. Experience estimating the time it would take to write test cases and execute testing based on specifications. Solid understanding of basic software testing concepts such as Black Box, White Box, Regression, Negative, Security Testing, End-to-end Testing and Boundary Testing. Understanding of multi-tiered architectures, networking and relational databases Performed SQL statements for set up data and retrieve data for tests. Experienced in Relational Database Management System (RDBMS) including Oracle and MS SQL Server Databases. Experience in developing and executing SQL queries in an Oracle environment to confirm database operations performed by software applications using Oracle 10g/11g. Proficient in Oracle SQL Developer and SQL *Plus Command Prompt to check SQL queries for optimal performance and scalability under real-time workloads. Experience in Test Management tools including HP Application Life Cycle Management (ALM), Target Process and Quality Center. Proficient in using HP Unified Functional Testing (HP UFT) for automated testing of functional and regression testing. Highly experienced in using automation testing tools, involving understanding the process of any particular application, preparing a framework, preparing test plans, preparing test cases and automating test cases. Experienced in creating Data Driven Framework for regression automation test suites. Analyzed applications and errors escalated issues to developers and verified fixes. Proficient in triage software defects providing development staff with adequate information for remediation. Capable to adjust priorities to multiple demands and unanticipated events as wells as adjust decisions and actions to new information. Able to work well in team environment under deadlines within a dynamic environment. Fast learner, well organized, self-motivated, active, hardworking, trustworthy and reliable, responsible, positive, honest, confident and open-minded team player with strong interpersonal skills and an analytical mindset. Periodically reviewed and assessed existing program functions for quality and recommend changes as needed. US Citizen and authorized to work in the US without sponsorship.
EducationUniversity of South Alabama,AlabamaExpected in12/2012––Bachelor of Science (BS):Electrical Engineering-GPA:Electrical Engineering
HighlightsOperating Systems: Windows 7/10, Windows Server 2008/2012.Testing Tools: HP Unified Functional Testing (UFT/QTP), Load Runner and Performance Center.Test Management Tools: HP ALM, HP Quality Center, JIRA and Rational Clear Quest.RDBMS: Oracle 11g and MS SQL Server2008Languages: C, VB, SQL, Java, .NET.Scripting: VB Script, Java Script, C, C++Database Access Tools:  Oracle SQL *Plus, TOAD and Oracle SQL DeveloperVirtualization: VMware Workstation and Oracle Virtual Box
ExperienceApex Systems-Quality Data CoordinatorCharleston,SC,10/2018-CurrentAs a Quality Data Coordinator at USA physicians group I was involved in Extracting data from Cerner Millenium, using MS Access to sort data using SQL queries, training team members, meeting with various clients to help establish the optimum quality.Accomplished tasks and responsibilities: Ran reports on Cerner Power Chart portal and exported Cerner Data from Excel to MS Access Wrote SQL Queries on MS Access to sort data according to the quality measure  of the client Analyzed large data and created Reports,  Spreadsheets, and Dashboards in MS Excel Participated in the TCPI and Mips project through Vizient PTN Attended weekly meetings with the supervisor and the team members Trained team members on how to use MS Access to sort data and to create Dashboard and Spreadsheets on MS Excel Environment: Cerner Millenium, Cerner CCL, i2i, Java, MS  Access, SQL, Windows 7/8.1/10, IIS.Carmichael Lynch-QA AnalystMinneapolis,MN,07/2016-10/2018Regions Bank provides Consumer & Business Banking, Corporate & Commercial Banking, Payment Services and Wealth Management & Investment Services.During my employment with the Regions Bank, I was assigned as a QA Analyst for one of the major services area, ""Loan and Credit Lines"".Accomplished tasks and responsibilities: In-depth knowledge of banking and financial application systems, operations functions, policies and procedure.Comprehensive knowledge and understanding of industry standard QA practices.Worked with various parties (Business Systems Analysts, Business stakeholders/IT resources, etc.) to understand the business and system requirements and correctly and thoroughly document functional and end-to-end test cases.Analyzed and identified gaps in requirements based on knowledge of the business systems processes and end to end processes Developed Test Plan and Test Approach artifact with resource requirements and time estimation.Designed and developed Test Scenario, Test Cases and steps for various Business Services covering both positive and negative testing requirements.Developed, published, and implemented test plans to ensure quality applications.Communicated and endorsed strict adherence to methodologies, processes, and standards.Tracked and reviewed quality assurance metrics, such as defect densities and open defect counts.Collaborated with other IT managers to ensure project objectives are being attained.Worked on problem resolutions and reported progress to management.Documented and executed test cases that adhere to functional requirements in various test environments.Identified exact steps to reproduce defects/issues and worked with IT to bring about defect resolutions.Maintained test plans and test cases to be executed during a project's testing lifecycle and maintained regression test cases as new enhancements are released to various systems Performed Manual Testing of web-based applications and used HP ALM for test management tool.Utilized ALM Defect Section for reporting and managing defects throughout the test cycle and attended Defect Status Meeting on daily basis during testing cycle.Tracked all testing plans, results, and defects within a test management tool.Analyzed defects and troubleshoot them accordingly and identified root causes Attended weekly Project Status Meeting with Development team and QA Manager, and worked closely with QA Manager to define Test Scope and constraints.Performed backend testing to validate the data using Oracle SQL Developer and added SQL queries to the required Test cases.Wrote complex SQL queries using SQL *Plus to validate backend functionality of the application.Configured the connection between MS Excel and HP ALM to store requirements and test cases into ALM.Defined the automated testing process, developed coding standards, and created and implemented a 3-tier architecture that served as the automation backbone and configured Hardware (Server / Client) for Project.Isolated test cases for manual and automated testing and also established a regression test suite, both manual and automation, to assure the stability of AUT.Performed Functional and Regression testing using HP UFT.Actively involved in writing, executing and enhancing scripts using various checkpoints.Developed reusable function/sub-routine and stored in function library to support automated testing solutions.Created Data Driven Automation Framework to reduce automated scripts maintenance time.Created XML-base file to supply input test data for better scripts optimization and reduce script maintenance time.Involved in Scrum meeting, Weekly Sprint Review Meetings with various teams as required for better understanding the business requirement, software specification, and development process flow at various stages.Utilized HP Application Life Cycle Management (ALM) to track, report, and manage defect throughout the test cycle and attended Defect Status Meeting on daily basis during testing cycle.Communicated with Application Developers, Project Manager and other Team Members on Application testing status.Coordinated application defects and enhancements to ensure proper escalation and follow up.Environment: Java/J2EE, VBScript, HP ALM, HP UFT, Oracle 11g, MS SQL Server 2014, SQL, Oracle SQL Developer, Windows Server 2012 and IIS.Carmichael Lynch-QA AnalystMN,State,01/2015-06/2016The Fiscal Systems provides a single retail automation solution to manage convenience retailing formats, including convenience stores, truck stops and unattended card locks.The TravStar1 POS system is one of the core products of Fiscal Systems that provides necessary structure and flexibility to meet the changing needs of today and the future.Accomplished tasks and responsibilities: Analyzed System Design Documents and involved in the review discussions of Business Requirements.Actively participated to develop Test Plan and Test Approach artifact with resource requirements and time estimates.Involved in Daily Meetings and Walkthrough with various teams as required for better understanding the business requirement, software specification and development process flow at various stages.Developed, executed and implemented test plans, test cases and test scripts for applications built upon a .NET application platform.Developed detailed test strategy, test approach, project plans and schedules, including goals, risks, and resource allocation.Designed and developed Test Scenario, Manual test cases, and Test Steps for various Business methods covering both positive and negative testing requirements.Performed Functional Testing, Negative Testing, Positive testing, Boundary testing, Regression Testing, End to End testing and User Acceptance Testing.Worked with the Developers and the Test Lead to verify the Test Cases.Created the Requirement Traceability Matrix.Supported End-to-end testing and created Test Data according to the scenarios.Regularly followed up with the development team to discuss the defects identified during Testing.Coordinated with user acceptance testing with final users.Prepared end user documentation for the new system.Used HP Application Life Cycle Management (HP ALM) to store all testing results, implement Test plan Document, create Test Cases, for Defect Tracking & Reporting.Developed and executed test cases and followed-up defects using HP ALM.Communicated with developers through all phases of testing to prioritize bug resolution using HP ALM.Expertise in generating the daily defect detailed report using HP ALM.Maintained bug lists for critical issues using HP ALM defect section.Responsible for back-end testing/database testing, which was done using SQL queries.Expert in manipulating the database by using SQL Developer tool.Responsible for Smoke Test and Regression Test Case Identification and Testing Processes.Set-up, coordinated system and UAT testing with Business Analysts and end-field users after the applications were all set.Actively attended defect review meetings and provided feedback to support development team to resolve the defects accurately and in timely manner.Attended periodic meetings, teleconferences and led discussions on problem resolution.Environment: ASP.NET, VB.NET, C/C++, HTML, DHTML, VB, SQL Server, TCP/IP, Windows 7/8.1/10, IIS, MS Exchange Server, HP ALM, Quality Center, HP UFT and  IE.Applied Medical Distribution Corporation-Software Test EngineerLas Vegas,NV,07/2012-12/2014During my employment with Blue Cross and Blue Shield of Alabama as a Software Test Engineer, I was responsible for executing the quality improvement process including monitoring of quality indicators, identification of opportunities for improvement, conducting qualitative barrier analysis, collaborating with business areas to implement strategies for improvement.Accomplished tasks and responsibilities: Prepared Test Plan and developed test cases for Manual testing purpose.Conducted manual testing on test cases and provided feedback to development team.Involved in Manual and Automation testing of Web-based Application.Performed Functional, Negative, Smoke, System, Integration, Regression and UAT.Allocated priorities to all the test cases, taking into consideration the product module priorities.Used Quality Center for requirements management, planning, scheduling, running tests defect tracking and managing the defects.Wrote SQL statements in script to retrieve data from database in order to verify accurate data stored in database as well as back end testing.Used Oracle SQL Developer and Oracle SQL *Plus to write and execute queries against Oracle 10g database, Designed Automation Testing Strategies and implemented automation scripts that are linked to, and validated with end user service level requirements developed.Developed test approaches/test designs.Wrote test plans, created production simulations, and test data.Defined the automated testing process, developed coding standards, and created and implemented a 3-tier architecture that served as the automation backbone and configured Hardware (Server / Client) for Project.Performed Functional and Regression testing using HP UFT.Extensively involved in writing, executing and analyzing UAT, Database Checkpoints, and Data Driven Test Scripts for all the projects using HP Unified Functional Testing.Developed sub-routine libraries to support automated testing solutions.Created Data Driven Framework to reduce automated scripts maintenance time.Created XML file for test input data for better scripts optimization and reduce script maintenance time.Involved in writing SQL queries, Database Checkpoints to verify data quality and calculations, reviews using UFT.Involved in Meetings/Walkthrough with various teams as required for better understanding the business requirement, software specification, and development process flow at various stages.Utilized HP ALM to track, report, and manage defect throughout the test cycle and attended Defect Status Meeting on daily basis during testing cycle.Assisted in estimating testing efforts and providing status updates.Attended weekly Status Meeting with Development team and QA Manager, and worked closely with QA Manager to define Test Scope, Risk, Dependency, and Constraints.Acted as an end user, business user and project team to resolve issues.Environment: HP ALM (QC), HP Unified Functional Testing /Quick Test Professional (QTP), .Net, Windows NT, SQL+, Java, J2EE, XML IIS, MS Access, SQL Server 05/2008, Oracle (10g).
Skills.NET, VB.NET, ASP.NET, Analyst, Approach, Automation, banking, Business Systems, C, C++, Hardware, Credit, Client, clients, Database, DHTML, Engineer, estimating, XML, financial, Functional, HP, HTML, IIS, IE, J2EE, Java, Java Script, Load Runner, managing, Meetings, Access, MS Access, MS  Access, MS Excel, Excel, MS Exchange Server, Windows 7, Windows NT, Operating Systems, optimization, Oracle, Developer, Oracle SQL, policies, POS, problem resolution, Processes, coding, progress, project plans, QTP, Quick Test Professional, Quality, quality assurance, quality improvement, QA, Quest, RDBMS, reporting, Requirement, retail, scheduling, Scrum, Scripts, script, Scripting, specification, Spreadsheets, MS SQL Server, SQL, SQL Server, strategy, supervisor, System Design, TCP/IP, user documentation, TOAD, troubleshoot, VBScript, VB Script, VB, Wealth Management, Windows Server"
"Want to learn more about this role and Jobot? Click our Jobot logo and follow our LinkedIn page!
Job details
Electrical Engineer
This Jobot Job is hosted by Morgan McKenzie
Are you a fit? Easy Apply now by clicking the ""Easy Apply"" button and sending us your resume.
Salary $80,000 - $100,000 per year
A Bit About Us
A growing company with opportunities to advance! This is an on-site, permanent placement opportunity!


Why join us?

Featured benefits
Medical insurance
Vision insurance
Dental insurance
401(k)
Tuition assistance
Disability insurance
Job Details
Job Details
We are seeking a passionate and dedicated Electrical Engineer to join our dynamic team. This is a permanent position that offers a unique opportunity to work on a diverse range of projects, from designing and developing electrical systems to troubleshooting and resolving complex electrical issues. The successful candidate will have the chance to work in a fast-paced, innovative environment where creativity and problem-solving skills are highly valued.
Responsibilities
 Design, develop, and test electrical equipment and systems, including power distribution and power systems, to ensure they meet project requirements and standards. Use AutoCAD to create and modify electrical drawings and schematics. Conduct detailed electrical troubleshooting to identify and resolve issues efficiently. Ensure all designs and installations comply with the latest electrical codes and safety standards. Collaborate with other engineers and professionals on multi-disciplinary projects. Conduct research and analysis to support the design and implementation of electrical systems. Provide technical support and guidance to project teams and stakeholders. Keep up-to-date with the latest advancements and best practices in electrical engineering.
Qualifications
 Bachelor's degree in Electrical Engineering or a related field. A minimum of 2+ years of experience in electrical system design, electrical troubleshooting, power distribution, and power systems. Proficiency in AutoCAD and familiarity with other related software. Strong knowledge of electrical codes and safety standards. Excellent problem-solving abilities and attention to detail. Strong communication and teamwork skills. Ability to manage multiple tasks and projects simultaneously in a fast-paced environment. Proven ability to conduct thorough research and analysis. Professional Engineering (PE) license is a plus.
This is an exciting opportunity for an Electrical Engineer who is eager to make an impact and grow their career. If you have the required skills and experience, we would love to hear from you.
Interested in hearing more? Easy Apply now by clicking the ""Easy Apply"" button.
Want to learn more about this role and Jobot?
Click our Jobot logo and follow our LinkedIn page!
","ProfileTo obtain the position of a Telecommunications/Networking Intern in a reputable organization, with a challenging environment, wherein I will contribute to achieve organizational goals, using my strong skills and knowledge in the field of telecom and networking.
Areas of ExpertiseNetworking - Routing & Switching (CCNATCP/IP, STP, OSPF, LAN/WAN, Ethernet, VPN, ATMStrong knowledge of Telecom concepts and networks (viz. DSL, CATV, T-1, etc.), Network Planning & Design.Programming Tools -MATLAB, Cisco Packet Tracer, GNS3, Command-Line InterfaceProgramming Languages - C++, PythonOperating System - Windows, LinuxProficient in working with Microsoft Excel, Word, Power Point & Outlook
Professional Experience01/1to01/1Electrical & Instrumentation EngineerAbbott Laboratories–,,Supervision of Installation of Electrical & Instrumentation equipment.Reviewed Engineering Drawings & Documents and ensured same comply with Project Specifications.Supervising the interfacing of instrumentation & telecom equipment with SCADA communications equipment.Experienced in procurement and expediting activities of various Instruments.Prepared MTO's (Material Take-off) for Instruments as per Project requirements for initiating procurement.Invited vendors in bidding process by sending RFQ's (Request for Quotation).Prepared reports for Expediting, Project progress and manufacturing & procurement status of Instruments.Monitored the overall Project schedule and ensured important Project milestones & deadlines are met.01/1to01/1Technical Support AssociateIBM India Pvt. Ltd National Australian Bank–,,IndiaProvided network infrastructure support to clients.Troubleshot issues pertaining to Outlook, Lotus Notes, VPN, Password Encryption, Hardware/Software, etc.Interacted with clients over the phone and computer to help resolve technical issues.Ensured follow-ups to close-out the unresolved tickets created for any technical issues.Coordinated with Level 2 support team for closure of escalated tickets.toACADEMIC PROJECTSCERTIFICATIONS
*ADCO PTW–,,Demonstrated the working of FTTH (Fiber to the Home) using optical splitter and couplers (miniature demo).Performed a NIER analysis on an antenna and wrote a MATLAB code for the same, to calculate received power To-Work) system training certificate.QUALITY MANAGEMENT SYSTEM INTERNAL AUDITOR (ISO 9001:2008) training at BUREAU VERITAS, India.NEBOSH International General Certificate in Occupational Health & Safety.MR.Jessica Claire RESUME MOBILE: (555) 432-1000.
EducationExpected inAug. 2018totoMaster of Science:Telecommunications Engineering TechnologyRochester Institute of Technology-,NYGPA:Telecommunications Engineering TechnologyExpected inJun. 2012totoBachelor of Engineering:Electrical & ElectronicsSt. Joseph Eng. College-Mangalore,GPA:Electrical & ElectronicsExpected in2008totoHigh School (Higher Secondary Certificate):National College-Mumbai,GPA:Expected in2006totoSecondary School (Indian Certificate of Secondary Education):Ryan international School-Mumbai,GPA:
SkillsATM, C++, CCNA, Cisco, Hardware, Encryption, clients, DSL, Ethernet, INTERNAL AUDITOR, ISO 9001, LAN, Linux, Lotus Notes, MATLAB, Microsoft Excel, Outlook, Power Point, Windows, Word, Network, Networking, networks, Occupational Health, Operating System, OSPF, procurement, Programming, progress, Python, QUALITY MANAGEMENT, Routing, Safety, SCADA, Supervising, Supervision, T-1, TCP/IP, Telecom, phone, VERITAS, VPN, WAN","QUALIFICATIONS•   Over two years' experience of data analysis
at Loyola Chicago University; providing statistical analysis plan and
generating report, tables, graphs;
proficient in R and SAS.•   Proficient in Microsoft Office, Word, Excel
and Power Point.•   Ability to effectively organize and manage
multiple assignments with hard deadlines.•   Great team player and extensive experience
and skills in collaboration and communication.
PROFESSIONAL EXPERIENCE09/2016toCurrentData Analyst InternEnvestnet|Secaucus,NJ,•    Merge spreadsheets from different sources to create a more compact and centralized data platform for easy updating and data analysis using MS Excel advanced functions and formulas.•    Data cleaning and data validation of existing spreadsheets to promote a robust data management platform for accurate data entry and data analysis.•    Train employees on the use of pivot tables and tips and tricks in MS Excel for efficient data entry and analysis.07/2013to04/2014Research AssistantSuny Upstate Medical University|Syracuse,NY,Supervisor: Drs. Michael Crum and David Rayome

Paper: Self-employment and subjective well-being: A multi-country
analysis using the world values survey.
International Journal of Entrepreneurship (Published in 2014)•    Statistical analysis of
elements influencing self-employment and life happiness using R studio•    Literature research on topics of
self-employment and satisfaction04/2012to07/2012Accounting InternshipAmica Mutual Insurance|Park Ridge,,•    Provide data management for
Accounting Journals using government-secured software•    Prepare written report of Asset inspection
and sorted the documents04/2011to07/2011Finance InternshipSiemens Corporation|Wichita,,•    Sales consultant for financial products and
services
EDUCATIONExpected in2016totoMaster of Science|Applied StatisticsLoyola Chicago University,Chicago,ILGPA:Expected in2013totoBachelor of Science|Finance and risk managementNorthern Michigan University,Marquette,MIGPA:
SKILLSComputer Software: MS Word,
PowerPoint, Excel, Access
StatisticalSoftware: R Studio, SAS, Minitab,
SQLLanguage: Mandarin and
English"
"This is a W2 contract in Minneapolis, MN 55402.Bank is looking for a successful Data Analyst to support our Enterprise Data Governance (EDG) and Data Privacy and Protection (DPP) initiatives. This role will collaborate with the business line and technology groups. Primary responsibilities include: Effectively work in matrixed team of Data Analysts, Project Managers and Business Analysts in support of a specific business andor regulatory need. Research and build a detailed understanding of the problem and related data assets in order to code the data processing and analysis. Light development coding Ensure that the data used follows the compliance, access management and control policies of the company while meeting the data governance requirements of the business. Work with technical groups to support the collection, integration, and retention of the data sources. Apply data visualization and summarization techniques to the analytical results. Interpret and communicate the results in a manner that is understood by the business.
Basic Qualifications: Bachelor's or masters degree in mathematics, Engineering, Computer Science, or equivalent work experience. 5+ years related technical experience and 3+ years analytical experience in the BankingFinancial industry or similar highly regulated industry.
Preferred SkillsExperience: Proficiency with SQL & SAS (mid to expert level) Intermediate knowledge of application coding and development lifecycle. Analytical: (e.g., comfortable with data) and can combine an understanding of business objectives, customer needs, and data required to deliver customer experience and business results. Intermediate knowledge of data governance, data management, data architecture, data modelling concepts and data governance tooling and the complexities of data in a large financial andor highly regulated institution. Willingness to continuously develop and acquire new technical skills, learn new tools & programming languages and Big Data techniques. Proven ability to adjust quickly to shifting priorities, multiple demands, ambiguity, and rapid change. Effective oral and written communication with the ability for analyzing, slicing, and dicing data while deriving significant insights. Natural curiosity and self-directed ability to seek out information and meet goalsdeadlines. Agile experience: Very comfortable following Agile Scrum methodology.","SummaryProactive BI Developer/Data Analyst with Master’s in Computer Science and 7+ years of extensive IT experience in Design, Development and Delivering of Business Intelligence solutions in Financial, Utilities and Retail industries. Extensive experience working with Tableau Desktop, Tableau Server in various versions of Tableau in creating highly interactive Data Visualization Reports and Dashboards using complex functionalities. Database Design, PL Designing, Development, Integration, Implementation and maintenance of Business Intelligence and the related Database Platforms. Worked with ETL and ELT process to Extract, Transform and Load / Extract Transform and Load data into stage area and data warehouse. Deploy the reports and Scheduled Reports for the use of end users and customers on the server. Good interaction with clients, understanding Business Applications, Business Data Flow and Data Relations. Good understanding of technical trends, architectures and highly motivated to know more about latest technology, new software and products. Team player with good communication and interpersonal skills. Responsible for interacting with business partners to identify information needs and business requirements for reports. Ability to handle multiple tasks concurrently and meet the deadlines. Talented Analyst with background analyzing competitors, synthesizing business intelligence and evaluating trends to enhance business results. Forward-thinking and enterprising when meeting expected demands with real-time data and strategic recommendations. Natural leader with resourceful and systematic approach.
SkillsTableau Desktop, Server, Public, Online & Reader v 2020.x, 2019.x/2018.x, MS Excel, SSRSSnowflake DB, Cassandra, MEMsql, Oracle 11g/10g / 9i, MS SQL Server 2005 / 2000, MS Access, Postgres, Amazon S3SQL, Python , T-SQL, HTML, CSS, JavaMicrosoft Dynamics, Salesforce, MS Word, MS Excel, Outlook, FrontPage, PowerPoint.
Experience01/2019toCurrentLead BI Developer/ Principal Data AnalystDanaher|Coralville,IA,Responsible for the data and Reporting ecosystem for all the Sales and Amazon Connect reports.Gather the report requirements from various stakeholders, cross functional departments, business users.Build, publish customized interactive reports and dashboards, report scheduling using Tableau desktop/server.Designed and built critical hierarchy rollup tables for RANKING the associates/territories based on the performance, quality, economics, customer relations, SLA, inventory and call metrics.Perform Data Quality checks, analysis on the source tables and developed metric tables as per the business definitions.Designed and owned Python framework that automates the addition of new metrics into the reports without manual efforts.Worked with a diverse team on decommissioning projects from Cassandra to Snowflake DB & MEMSQL warehouses.Developed persistent metric layers for the Tableau by coding the metrics in a way to process only the incremental records in the base table to improve the SQL performance and execution time drastically.Worked on internal frameworks to export data to Amazon S3 and create Symphony pipelines to flow data from Amazon S3 buckets to Snowflake (Extract, Load and Transform).Create metadata and lineage about the table developed, classify the sensitivity of data (NPI, API, PCI, etc.) as per the Data risk policies and document all the code, process for easy transition to the business teams.(Data Risk Management and Data Governance).Prepare and update documentations (Data Analysis, Data Mapping File, Business Requirement Description, Data Validation etc) to ensure all the procedures and knowledge are traceable in future cycles.Analyze complex business problems and issues using data from internal and external sources to provide insight to decision-makers.Environment: Tableau Desktop 2019.2/2018.3, Tableau server, Snowflake DB, Cassandra, MemSQL, Oracle 10g, AWS, Postgres, Excel files, Salesforce, MS Access.08/2017to01/2019BI Consultant / Sr. Data AnalystIqvia Holdings Inc|Fort Wayne,IN,Worked on gathering and converting data over to Tableau using SQL/SAS/Excel data over to Tableau reports and Dashboards.Created metrics, attributes, filters, reports, and dashboards created advanced chart types, visualizations and complex calculations to manipulate the data Creating New Schedule's and checking the task's daily on the server.Involved in creating ad-hoc analysis and reporting requests in a timely manner for Business Risk related to fraud, Approval's, Declines daily, monthly and yearly.Created organized, customized analysis and visualized projects and dashboards to present to executive leadership.Created Complicated Calculation Based LOD (Level of detail) feature.Designing and developing data warehouse and Amazon Redshift BI based solutions.Evaluated database performance issues and executed database optimization.Designing and developing, prototyping the various dashboards using TableauDesktop.Extensively involved in building the dashboards such as creating Extracts, refreshing extracts, Layout designing, worksheet Actions, functions, connectors (Live and Extract), Dashboard color coding, formatting and report operations (sorting, filtering (Quick Filters, Cascading filters, context Filters), ranking, Top-N Analysis, hierarchies).Worked with clients to better understand their reporting and dashboarding needs and present solutions using a structured Waterfall and Agile project methodology approach.01/2016to07/2017Sr. Data AnalystMantri Inc|City,STATE,Interpret data from primary and secondary sources using statistical techniques and provide ongoing reports.Compile and validate data, reinforce and maintain compliance with corporate standards.Develop and initiate more efficient data collection procedures.Build, publish customized interactive reports and dashboards, report scheduling using Tableau desktop/server.Mastered the ability to design and deploy rich Graphic visualizations with Drill Down and Drop down menu option and Parameterized using Tableau.03/2013to07/2014Data AnalystRise Technologies|City,STATE,Used SAS Data Integration Studio to develop various job processes for extracting, cleansing, transforming, integrating, and loading data into Data marts and Data warehouse database.Creation/Modification of Data Sets on the Remote Server using SAS/BASE and Macros.Prepared graphs using the modified data for business analysis.Coordinating the production of monthly, quarterly, and annual performance reports for senior management.Extensively used SAS/ Macro facility to provide reusable programs that can be conveniently used to update reports and to run weekly and monthly reports(Shell scriptings).Prepared documentation for end users.Trained Power users and Business users on building their skills to assist in the development and testing of new reports.
Education and TrainingExpected in12/2015totoMaster’s|Computer Science,,GPA:GPA: 3.6Expected in05/2013totoBachelor of Technology|Electronics and Communication Engineering,,GPA:GPA: 3.3","Experience10/2019to06/2019Data AnalystAngi Homeservices Inc.–Rockledge,FL,Built an end to end analytics-based solution for animal shelters to verify optimality of current capacity, with a vision to deliver recommendations to improve animal outcomes and health in the future.Created a cloud-based (AWS/Flask/HTML) UI to source animal shelter data & present optimal solution.Utilized Delphi method to generate synthetic data (for missing values) using information from animal experts.Leveraged SQL/Python to pre-process and optimize animal shelter data.Dealt with a tricky client, with unclear outcomes (and impacted by COVID-19 times) - yet delivered a complete, extendable analytics/ UI solution.Predicted the outcome of animals with 73% accuracy, based on characteristics of the animals at the time of intake.01/2019to06/2019AnalystAmeresco–Half Moon Bay,,INDTraders of import export licenses in India, Operationalized and negotiated the prices/rate of various MEIS/SEIS by predicting the price of the MEIS/SEIS licenses using Time-series analysis and supervised machine learning model, resulting in savings of INR 1,000,000.Created a new billing system from scratch to increase efficiency and reduce time spent in creating bills using Excel, VLOOKUP, HLOOKUP and Formulas, which resulted in time spent in creating bills reducing by 50.06/2018to09/2018Analyst InternSpencer Stuart–Chicago,,INDAlthough junior, quickly earned responsibility for creation of data architecture & automation for BSE's Mutual Funds.Processed 1 million+ weekly transactions to enable audits, executive reporting - Presented to CXOs weekly.
EducationExpected inJuly 2018totoBachelor of Engineering:Information TechnologyUniversity of Mumbai, Vidyalankar Institute of Technology-Mumbai,GPA:Expected inJunetotoMaster of Science:Business AnalyticsUniversity of California-San Francisco,CAGPA:
SummaryA motivated data enthusiast with 5+ years of SQL and data analysis experience, 3+ years of Object-Oriented Programming experience and 2+ years of Python and R experience. Self-taught Machine Learning and Big Data and applied to various settings by taking 3 Coursera Courses, 3 Udacity Courses, 2 Udemy Courses and am an AWS Certified Cloud Practitioner. Motivated to make a difference and hence currently analyzing publicly available animal shelter data.
HighlightsTools: SQL, Python, Jupyter Notebook, Flask, R, Tableau, Spark, MongoDB, Excel, HTML, MapReduceSkills: A/B Testing, Data Analysis, Database Management, Data Mining, Data Visualization, Hypothesis Testing, Modeling, Machine Learning, Statistical Analysis, DashboardsAutomationBilling systemClientData AnalysisData MiningData VisualizationDatabase ManagementDelphiFundsHTMLMachine LearningExcelModelingMongoDBPythonReportingSQLStatistical AnalysisTableauVision
SkillsTools: SQL, Python, Jupyter Notebook, Flask, R, Tableau, Spark, MongoDB, Excel, HTML, MapReduceSkills: A/B Testing, Data Analysis, Database Management, Data Mining, Data Visualization, Hypothesis Testing, Modeling, Machine Learning, Statistical Analysis, Dashboards,Automation, billing system, client, Data Analysis, Data Mining, Data Visualization, Database Management, Delphi, Funds, HTML, Machine Learning, Excel, Modeling, MongoDB, Python, reporting, SQL, Statistical Analysis, Tableau, vision"
"Qualifications:Accounting degreeCPA license required4+ years professional accounting experience, public accounting preferredSupervisory experienceAbility to learn on the job quickly and adapt to changesSelf-motivated, with the ability to work under limited supervisionExperience in a client-facing role leading multiple engagements
What you will do:Supervise and train 1-3 fund accountantsOnboard new clients and implement preferred system platforms and processesDirect workflow and coordination of work amongst team members to meet deadlinesCultivate strong working relationships with client contactsAsist in preparation and review of capital call, distribution, LP communications, and other client deliverablesReviewing financial statements including balance sheet, income statement, statement of changes, cash flows, schedule of investments, and footnote disclosures including financial highlightsAssist with preparing and reviewing audited financials, footnotes, and supporting schedules and liaison with auditorsCollaborate with Senior Manager to develop and implement best practices","SummarySkilled in high profile account management; knowledgeable in team building, oral and written presentation, and interpersonal communications; proven leadership skills in a cross-functional team environment; experienced on social media platforms; skilled in Microsoft Office Suite, Salesforce, Google Analytics, DFP, and The Trade Desk; practiced deep attention to detail
ExperienceInterim Accountant, Front Office Assistant,01/1-01/1Surescripts–Arlington,VA,Performed all general office duties.Utilized QuickBooks in assisted accounting functions, assisted with Accounts Payable including check preparation, and administered petty cash accounts.Account Manager,03/2017-PresentBrighthouse Financial–Phoenix,AZ,Agency (Experiential Marketing) New Business: implement full sales cycle from initial contact to close of sale.Qualify all inbound leads Keep running list of prospects, and determine which department other leads transfer to.Involved in all creative strategy and development for client programs.Create tailored proposals and budgets and pitched full program to clients Adept at analyzing a concept(wrong word)l, developing a roadmap, and implementing a program for success Clearly define client KPIs Create opportunities for brand exposure through targeted experiential programs.Responsible for contract additions, edits, & negotiations.Closed $300k within the first 3 months of employment within the Agency.Since joining the team, sales have grown 40% percent Account Management.2-person Account Management team that oversees all Agency Revenue which accounts for over 75% of total company revenue Responsible for X is company proft, currently managing X in accounts Maintain and monitor existing accounts as well as manage both prep sale and post sale campaign execution.Responsible for day to day communication with clients Develop and cultivate new and existing relationships Responsible for all client facing communication - setting expectations & enforcing deadlines, scheduling all check-in's, adhering to production timelines Uncover client's true needs, resolve any client concerns.Project Management Leader Coordination across all teams to deliver complex project on time and within budget Internal department collaboration: manage relationship with Production Team - delegate production tasks and brief team on specific program objectives Create project  P&L for Production.Present weekly New Business & Account Management updates to Agency department.Present monthly company wide updates on Agency's current and future projects.Senior Account Management Associate,06/2016-12/2016Graphiq, Inc–City,STATE,Project development & execution: take project from infancy to execution.Responsible for revenue growth of $150k within 3 months by implementing a new ad solution across new and existing partners Created media kit and case study Worked with Sales team to perfect successful pitch of the ad solution and the go-forward strategy.Train new team members: primary point of contact for all questions/insights regarding partner activation and interaction.Standardize processes across direct Sales and Account Management team including contracts, invoicing, and client   transitions.Actively manage 70+ high profile accounts.Our 3-person team oversees all direct revenue channels accounting for 85% of company revenue.Account Management Associate,10/2015-06/2016Graphiq, Inc–City,STATE,Actively manage 65+ high profile accounts.Effectively and clearly communicate with digital advertising partners to ensure highest level of partner satisfaction.Analyzes monthly revenue reports to identify opportunities for growth.Prepare weekly, monthly, and quarterly reports assessing partner performance and key future initiatives.Properly set expectations and timelines for implementation and campaign performance.Analyze partner successes and failures to perfect the campaign and implementation process.Build weekly emails to help streamline feedback loop by communicating big wins, losses, and roadblocks to Sales, Product, and CEO.Collectively collaborate with Product and Engineering to ensure Graphiq is offering the highest quality digital ad solutions.Sales Incentive Travel Intern,01/2015-05/2015Belmond, Luxury Hotels & Trains–City,STATE,Documentation of all RFPs via the Salesforce program.Exercise deep attention to detail regarding RFP specifications, partner needs/wants, special cases.Administration of sales, letters, and kits to specific clients ensuring the highest level of customer service.
Education and TrainingBachelor of Arts:Business Administration,Expected inMay 2015-College of Charleston-Charleston,SCGPA:Status-Business AdministrationBachelor of Arts:Hospitality and Tourism Management,Expected inMay 2015--,GPA:Status-Hospitality and Tourism Management Special Projects: Iceland Study Abroad
SkillsAccount Management, Accounts Payable, streamline, advertising, concept, direct Sales, invoicing, QuickBooks, Sales, scheduling","Professional SummaryCustomer Service Representative motivated to maintain customer satisfaction and contribute to company success.with a highly effective communication style.
Skill HighlightsStrong organizational skillsActive listening skillsSharp problem solverCourteous demeanorEnergetic work attitude
Work Experience08/2015toCurrentData EntryUl–Marietta,GA,Verified that information in the computer system was up-to-date and accurate.Verified and logged in deadlines for responding to daily inquiries.Identified and resolved system and account issues.Provided accurate and appropriate information in response to customer inquiries.Built customer loyalty by placing follow-up calls for customers who reported product issues.10/2012to08/2015Customer ServiceHd Supply–Baytown,TX,Created new processes and systems for increasing customer service satisfaction.Expressed appreciation and invited customers to return to the store.Managed quality communication, customer support and product representation for each client.Resolved product/policy issues and shared benefits of new technology.Assisted customers with store and product complaints.07/2009to09/2011Front DeskSunrise Senior Living–Saddle River,NJ,Scheduled and accompanied clients to medical appointments.Performed clerical duties, such as word processing, data entry, answering phones and filing.Maintained accurate records of patient care.Verified that information in the computer system was up-to-date and accurate.
SkillsTyping, Microsoft Word, Power Point and Excel
Education and TrainingExpected in2008toto:FLORIDA CAREER COLLEGE-Lauderdale Lakes,FLGPA:Expected in1 2007toto:Seagull High-,GPA:"
"Position: Cost Accountant  Reports to: President The CompanyWith double-digit annual growth rate since our founding in 1998, we are continuing to expand our dynamic team. As a contract manufacturer for in-vitro diagnostics, we make sure great products get made. The Natech learning organization develops collaborative problem solvers who help our customers launch and scale new medical devices.
The OpportunityThis is an opportunity to take our accounting systems to the next level and manage the integration with our publicly listed parent Stratec SE.
Position Responsibilities  Essential FunctionsRun general ledger accounts  bookkeeping including monthly closing according to local GAAP and IFRSUS GAAPMaintenance of cost and profit centers, standard costing, and project-based costing in our ERP system IQMS by Dassault. Overseeing subsystems relevant for Month end closing e.g. semi-annual physical inventory management.Manage staff responsible for accounting data entry and motivate various non-reporting functions to do their part.Monitoring cost variance in concert with Production and Engineering teams.Prepare annual budgets together with Director of Finance and Leadership team members and project budgets with Project Managers.Minimum Qualifications  SkillsBachelor's degree in accounting.5 years of corporate accounting experience at a manufacturing firm according to International Financial Reporting Standards (IFRS) or US GAAPFluency with Cost & Profit Center Accounting methods in a manufacturing environment.Deep understanding of manufacturing ERP systems and proficiency with Microsoft office.Highly DesirableMasters degree in business administration (MBA) and  or CPA.Ability to write SQL queries and create Crystal Reports.Physical RequirementsProlonged periods of sitting at a desk and working on a computer.Must be able to lift up to 15 pounds at times. We are an Equal Opportunity Employer and do not discriminate on the basis of race, color, religion, age, gender, national origin, genetic information, sexual orientation, gender identity characteristics or expression, familial status, citizenship status, marital status, disability, veteran status, domestic violence victim status, height, weight or any other legally protected status, in any employment decisions, including, but not limited to, recruitment, hiring, compensation, training, apprenticeship, promotion, demotion, transfer, layoff, termination, and any other term and condition of employment. All employment-related decisions are based solely on relevant criteria, including training, experience, education, qualifications, abilities, and suitability.
","Professional SummaryI have a proven ability to establish high levels of credibility and positive rapport with partners, senior administrative staff, and clientele while maintaining a highly proficient level in in data collection and analysis for tax preparation and program audits. I am able to combine working knowledge of audit program details to provide assurance of the financial statements.  I seek opportunities that involve accounting and financial analysis positions that allow me to efficiently and effectively use my skills learned from public accounting.
SkillsFiscal budgeting knowledgeCash flow analysisERP (Enterprise Resource Planning) softwareAccount reconciliation specialistBudget analysisSelf-motivated professionalAccount reconciliation specialist
Work History08/2012to2014Staff AccountantWest Liberty Foods–West Liberty,,Efficiently and accurately completed audits, reviews, and other attestation services for a wide variety of clients in the government contracting industry, construction industry, and real estate industry Utilized great attention to detail in order to prepare and submit personal and corporate tax returns on a state and federal level Worked NADART, the financial services center of NADA,  401(k) audits for employee benefit plan audits Performed the testing on major business areas such as cash disbursements, cash receipts, and payroll Utilized high levels of adaptability in order to compile and prepare financial statements for a wide variety of clients Performed analytical procedures on the major areas of the financial statements.Performed cash, accounts receivable, accounts payable, and investment reconciliations on large multi-billion and multi-million dollar clients Performed internal control testing to ensure that the proper safeguards were in place to detect and prevent material misstatements that could affect the financial statements Managed inexperienced staff on several preliminary field work audit engagements Performed analytics on the contract schedules including but not limited to over/under billings, gross profit, revenue to date, and percent of complete analysis for several large construction companies such as Clark Construction Group and Shirley Contracting Company Analyzed the cost that that were charged to a variety of small and large contracts (direct vs.indirect and non-payroll vs.payroll) Researched and completed several projects on analyzing key financial indexes affecting the construction industry and provided those results to management for blog articles Staff accountant in charge of the configuration and implementation of the Amelio Software System;  Responsible to ensure that its application in the Construction Industry Services Group was efficient and ready for use during busy season Provided efficient, excellent service while adhering to strict timelines and budget demands.Analyzed monthly balance sheet accounts for corporate reporting.Maintained integrity of general ledger, including the chart of accounts.Analyzed and researched reporting issues to improve accounting operations procedures.06/2011toCurrentAssistant Swim Team CoachYmca Twin Cities–Maplewood,,Selected out of a competitive group of coaches to assist with the coordination and management of the swim team.Responsible for the safety of over 100 swimmers ages 5 to 18.Coordinated swim practices, swim clinics, private lessons, and swim meet events.Communicated with parents about swim team events and various  activities.09/2009toCurrentAssistantPuff Co–Los Angeles,,Assisted parents and students locate the materials needed for their selected courses.Ordered books and supplies that were needed for classes with special requirements.06/2005to2011Acting Pool Operator and Head LifeguardBonaventure Realty Group, LLC–City,,Managed multiple facilities and their operations including a variety of aquatic assets such as filtration and pool pump systems.Successfully created effective and efficient pool schedules for employees at multiple sites.Trained employees to correctly operate aquatic systems and maintain correct chemical levels.
EducationExpected in2012totoBachelor of Science:Accounting and Information SystemsVirginia Tech-Blacksburg,VAGPA:Accounting and Information Systems
Skillsaccounting, accountant, accounts payable, accounts receivable, ADP, attention to detail, billings, budget, competitive, contracts, clients, financial, financial statements, government, gross profit, materials, Microsoft Office Suite, payroll, reading, real estate, safety, Sage, tax, articles","SummaryFinancial Accountant specializing in financial planning, reporting and analysis in both private and public sectors.Well-informed accountant adept at supplying quick responses to financial inquiries from internal management and potential clients.Creative accountant equipped with a broad knowledge of concepts and strategies to yield the best possible financial outcomes.
HighlightsPeriodic financial reporting expertInvoice coding familiarityStrong communication skillsGeneral ledger accounting skillsComplex problem solvingAccount reconciliation expert
ExperienceAccountant,06/2012-09/2015Ametek, Inc.–Wilmington,MA,I have worked at Shantilal Gala & Company (Nairobi, Kenya) which is an Audit firm, since 2nd July 2012.I was employed as an Accountant in the Firm.Maintained accounts receivable documentation electronically and on paper.Processed bank reconciliations and financial reports to verify practice of p weekly and monthly.Increased efficiency and alleviated work loads by creating a new Excel financial recording system.Collaborated extensively with auditors during preliminary and year-end audit processes.Entered weekly sales and customer count sheets for review by management.Processed payroll, electronic deposits and employee pay adjustments.Collaborated extensively with auditors during preliminary and year-end audit processes.
EducationSelect  One:,Expected in--,GPA:Status-Bachelor of Arts:Business Studies,Expected in2014-University of Greenwich-Nairobi,GPA:Status-Completed the Bachelor's degree in Business of Arts - BA Honors Business Studies achieving a Second Upper Class Honors.The units included in the Academic Session (2012/2013) are as follows:> Managing Strategy - involves the formulation and implementation of the major goals and initiatives taken by a company's top management on behalf of owners, based on consideration of resources and an assessment of the internal and external environments in which the organization competes.> International Business Management - involves the understanding for an international career in various industries. Today’s world revolves around business. Networking on a global scale and recognising opportunities, or creating them yourself. International Business Management brings one a step closer to success on an international level.The units included in the Academic Session (2013/2014) are as follows:> Small Business Development - involves the process of how to own corporations, be into partnership and become a sole proprietors. These kind of developments are common in many countries, depending on the economic system in operation.> PPD3 - Thematic Independent Study - the research and critical thinking skills from Personal and Professional Development (PPD) 2 and build upon their research proposals. This unit helped me to understand the intricate relationship between theory and practice. Improved my self-management in terms of time, planning, behaviour and motivation.Association of Business Executive:Business,Expected in2013-Oshwal College-Nairobi,GPA:Status-Completed the Association of Business Executive. This associate had levels and units as follows:Certificate in Business - Level 3 includes the following units:> Introduction to Business.> Introduction to Quantitative Methods.> Introduction to Accounting.> introduction to Business Communication.Diploma in Business Management (Higher) - Level 5 includes the following units:> Human Resource Management.> Managerial Accounting.> Marketing Policy, Planning and Communication.> Organisational Behaviour.> The Business Environment.> Economic Principles and their Application to Business.> Financial Accounting.> Quantitative Methods for Business and Management.Diploma in Business Management (Graduate) - Level 6 includes the following units:> Corporate Finance.> Corporate Strategy and Planning.> International Business Case Study.> Managing in Organisation.> Strategic Marketing Management.
SkillsOrganization - managing responsibilities in a particular manner and keeping track of those responsibilities.Time Management - Good time-management skills go hand-in-hand in with strong organizational capabilities. Budgeting time will give the allowance of managing the work efficiently.Adaptability - its always the best for me to adapt quickly and easily as my way of understanding the procedures is through planning everything in my mind as the work is being allocated.Communication - allows me to interact best with the colleagues, clients and receive the best feedback from their side after completing the conversation."
"The Staff Accountant will report to the CFO and work closely with members of the Finance department. The Staff Accountant will be responsible for monthly and daily reconciliations and assisting in the preparation of all annual tax compliance.
Responsibilities:Monitor day-to-day financial transactions across multiple entities, including cash movement related to investment capital activity, personal expensescharitable giving, amongst other cash activity.Record journal entries such as cash transfers between entities, as well as investment activities, such as stock splitmerger, purchasesale, capital calldistribution, etc.Assist team with dailyweekly imports and reconciliation of transactions to accounting software.Review monthly financial statements such as balance sheet, income statement, cash flow, open positions and private equity summary; book corresponding adjusting entries as necessaryAssist in the gathering of data for all tax reportingPerform reconciliations and recording of Form 1099s, PFICs and K-1s to the internal accounting records.
QualificationsBachelor's Degree in Accounting.3-5 years of accounting experience; public accounting experience strongly preferred.Investmentfund accounting with Family Office exposure a plus.CPA preferred.General understanding of the securities industry including hedge funds, private equity, and offshore investing.Exposure to individual, partnership and trust taxation.Exposure to Form 1099s, K-1s, and Annual PFIC Information Statements.Experience working with investment portfolio software and general ledger packagesAdvanced proficiency in Excel.Strong communication skills, both verbal and writtenIntellectual curiosity with the ability to think criticallyAbility to multi-task and prioritize in a fast-paced environment.Ability to work both independently and as a team.Detail-oriented with strong organizational and analytical skills.","SummaryFinancial Accountant specializing in financial planning, reporting and analysis in both private and public sectors.Well-informed accountant adept at supplying quick responses to financial inquiries from internal management and potential clients.Creative accountant equipped with a broad knowledge of concepts and strategies to yield the best possible financial outcomes.
HighlightsPeriodic financial reporting expertInvoice coding familiarityStrong communication skillsGeneral ledger accounting skillsComplex problem solvingAccount reconciliation expert
ExperienceAccountant,06/2012-09/2015Ametek, Inc.–Wilmington,MA,I have worked at Shantilal Gala & Company (Nairobi, Kenya) which is an Audit firm, since 2nd July 2012.I was employed as an Accountant in the Firm.Maintained accounts receivable documentation electronically and on paper.Processed bank reconciliations and financial reports to verify practice of p weekly and monthly.Increased efficiency and alleviated work loads by creating a new Excel financial recording system.Collaborated extensively with auditors during preliminary and year-end audit processes.Entered weekly sales and customer count sheets for review by management.Processed payroll, electronic deposits and employee pay adjustments.Collaborated extensively with auditors during preliminary and year-end audit processes.
EducationSelect  One:,Expected in--,GPA:Status-Bachelor of Arts:Business Studies,Expected in2014-University of Greenwich-Nairobi,GPA:Status-Completed the Bachelor's degree in Business of Arts - BA Honors Business Studies achieving a Second Upper Class Honors.The units included in the Academic Session (2012/2013) are as follows:> Managing Strategy - involves the formulation and implementation of the major goals and initiatives taken by a company's top management on behalf of owners, based on consideration of resources and an assessment of the internal and external environments in which the organization competes.> International Business Management - involves the understanding for an international career in various industries. Today’s world revolves around business. Networking on a global scale and recognising opportunities, or creating them yourself. International Business Management brings one a step closer to success on an international level.The units included in the Academic Session (2013/2014) are as follows:> Small Business Development - involves the process of how to own corporations, be into partnership and become a sole proprietors. These kind of developments are common in many countries, depending on the economic system in operation.> PPD3 - Thematic Independent Study - the research and critical thinking skills from Personal and Professional Development (PPD) 2 and build upon their research proposals. This unit helped me to understand the intricate relationship between theory and practice. Improved my self-management in terms of time, planning, behaviour and motivation.Association of Business Executive:Business,Expected in2013-Oshwal College-Nairobi,GPA:Status-Completed the Association of Business Executive. This associate had levels and units as follows:Certificate in Business - Level 3 includes the following units:> Introduction to Business.> Introduction to Quantitative Methods.> Introduction to Accounting.> introduction to Business Communication.Diploma in Business Management (Higher) - Level 5 includes the following units:> Human Resource Management.> Managerial Accounting.> Marketing Policy, Planning and Communication.> Organisational Behaviour.> The Business Environment.> Economic Principles and their Application to Business.> Financial Accounting.> Quantitative Methods for Business and Management.Diploma in Business Management (Graduate) - Level 6 includes the following units:> Corporate Finance.> Corporate Strategy and Planning.> International Business Case Study.> Managing in Organisation.> Strategic Marketing Management.
SkillsOrganization - managing responsibilities in a particular manner and keeping track of those responsibilities.Time Management - Good time-management skills go hand-in-hand in with strong organizational capabilities. Budgeting time will give the allowance of managing the work efficiently.Adaptability - its always the best for me to adapt quickly and easily as my way of understanding the procedures is through planning everything in my mind as the work is being allocated.Communication - allows me to interact best with the colleagues, clients and receive the best feedback from their side after completing the conversation.","SummaryHighly motivated Electrical Project Engineer with expertise in delivering large, complicated engineering projects in the oil and gas industry in the united states and globally, From HV/MV/LV maintenance and hands on experience with power system to engineering, major projects and project management, capable and expert in delivering a cutting-edge FEED, construction, commissioning and close out expertise. Works diligently towards schedule, budget, and scope of each project utilizing internal and external resources to achieve strategic business plan and project goals, passionate and proactive in solving problems and improving the built environment, comfortably working with others on a multi-discipline engineering team.
HighlightsHV/MV/LV Power System DesignPower System StudiesRelaying and Protection SchemesMajor Projects FEEDEquipment Specification, Design, Selection and FATElectrical specifications development and updatesMentoring and Training
Experience06/2018toCurrentLead Electrical Project Engineer - STAR ProjectCargill, Inc.–Wa Keeney,KS,Electrical Engineering Lead for South Texas Asset Re-positioning (“STAR”) program, $ 1.5 Billion project with scope split between Fluor Engineering and Worley (Jacobs)Perform Power System studies to support scope development and identify power system requirements and upgradesProject electrical scope development and equipment specificationContract development and negotiationMajor equipment vendor selection, purchase, design drawing reviews, FAT and SATWorked with ABB, Frankfurt to complete the 138 kV GIS equipment design, manufacturing, FAT and SATWorked with ABB, South Boston, Virginia factory to completed the design, manufacturing, FAT and SAT for several large power transformersConstruction Administration phase, processes as built drawings, responds to RFI's, and performs site visits during the construction phase to ensure projects are adhering to specifications and design layoutApplies appropriate techniques, procedures, and criteria to complete assignments, maintaining high level of accuracy, particularly in electrical design documentation for areas of conflict with other disciplinesReviewed and approved design documents, equipment specifications and drawings06/2018toCurrentLead Electrical Project Engineer - TIER3 ProjectCleveland-Cliffs Inc.–Ishpeming,MI,Tier3 project consist of 2 new processing units, Naphtha de-Sulfurization and Sulfur Hydro-treating, 16,000 HP Hydrogen compressor , 200HP-8000HP MV motors , new large scale substation building including 13.8kV switchgear, 4.16kV switchgear and MCC, 480V switchgear and MCC, Battery systems, UPS's for critical process equipment and controls, SCADA system and auxiliary systemsPerformed all electrical equipment design, selection and FATLead and personally performed all electrical equipment SAT'sPerformed substation and major equipment commissioning, lead field commissioning teams, hands on commissioning efforts, troubleshooting any issues during SAT, final commissioning and startupReviewed all electrical drawings red lines for final submission to the vault and handover to plant Operations, this include all electrical on lines , electrical equipment drawings, breaker control schemes, final relay programming, protection relays settingsActed as project electrical SME for design, construction, commissioning, startup and handoverWorked with our major projects document control teams to ensure the project documentation, drawings, equipment data and spare parts are adequate and handed over to the plantWorked with Plant maintenance to train maintenance employee on new equipment and general project equipment operation and maintenanceLead all electrical management of change (MOC) process action items to ensure all regulatory, environmental and company policies are metCarefully and efficiently handled project interpersonal and interdisciplinary conflicts to ensure positive outcome and team cohesivenessTrained plant electrical engineering interns and new employees06/2018toCurrentLead Electrical Project Engineer - WWTP ProjectCleveland-Cliffs Inc.–Mansfield,OH,WWTP project is a challenging plant wide project with several small scopes all over Galveston Bay Refinery. several new and upgraded equipment and challenging integration scopeCoordinated with plant Operations and different departments to secure electrical distribution system outages for tie ins to the existing system and adding new distribution equipmentUtilized Plant Etap model to conduct power flow studies, short circuit analysis and arch flash studiesProvided the project with protection relays coordination studies and settingsReviewed SAT reports and approved equipment startup01/2018to06/2018Electrical Engineer - Major Project EngineeringMarathon Petroleum Company–City,STATE,Monitor large-scale, complex design, and/or electrical construction projects from a professional perspective to ensure compliance with contract specifications and drawingsSupported the PENEX/ISOM unit major project and provided field execution and commissioning supportDetermine improvements, replacements, and re-engineering of electrical equipment to improve power system safety, reliability, and efficiencyPrepare engineering studies, alternative evaluation reports, final designs, and cost estimatesEffectively communicate both orally and in writing with all levels and types of organizations and audiencesLearns basic plant Operations needs and expectations; makes an effort to identify problems and solutions within assigned workReviewed project construction work packages (CWP's)03/2015to01/2018Electrical Reliability EngineerMarathon Petroleum Company–City,STATE,As an electrical reliability engineer my major role was to ensure safe and reliable operation of the plant distribution system and plant electrical equipment at the process unit levelSupported routine maintenance and day to day troubleshooting activitiesLead electrical reliability initiatives to improve overall distribution system safety and reliability also process electrical equipment reliability upgradesManged SAP's electrical equipment record, PM work orders reliability reviewsUtilized several RCM software to collect and analyze data and conduct several reliability studiesSupported electrical distribution foremen in distribution system daily operation/switchingResponsible for all distribution system and electrical equipment PM creation, reviews and supporting electrical PM foremenCoordinate electrical outages for PMs and Turnarounds activitiesAs the power system owner, i was responsible for providing support for engineering department and project teams by reviewing all engineering work packages for new and modified electrical equipment that will be tied in to the plant distribution systemParticipated in new projects electrical equipment FAT's as maintenance representativeConducted majority of the electrical system and electrical equipment related incident investigations, utilizing root cause analysis to identify and create recommendationsLead investigation teams on several major incidents and participated as the electrical SME's for multiple plant wide and major incidentsLead the electrical team to execute several Turnarounds and unit outages electrical PM scopeCreated commissioning procedures for new electrical equipment, including substations and large sync/induction motors07/2014to02/2015Electrical EngineerAlian Consulting Engineers LLc–City,STATE,Design, drafting related services for electrical projects, including power and lighting distribution systems for new buildings and infrastructure, building renovations, power and controls for water and wastewater systems, site utilities, medium voltage systems, short circuit, coordination and arc flash studies, generator systems, photovoltaic systems, field investigations, construction observations, and managing work with other team membersSurvey a wide variety of facilities and processes for determining as-built conditions, energy conservation opportunities, and deficienciesSelects equipment, electrical power and communications systems and devices in schematic, design development and construction document phasesUsed CAD software and equipment to perform assignmentsPerform power density, voltage drop and fault current analysesCollaborate on establishing plans to achieve goals or schedules set by the clientConstruction Administration phase, processes shop drawings, responds to RFI's, and performs site visits during the construction phase to ensure projects are adhering to specifications and design layoutApplies appropriate techniques, procedures, and criteria to complete assignments, maintaining high level of accuracy, particularly in electrical design documentation for areas of conflict with other disciplines2011to07/2014Electrical EngineerCIRTA Electromechanical Contracting And Maintenance LLc–City,STATE,Meets with clients' technical staff to discuss technical information and features.Prepares equipment specifications, inquiry and purchase requisitions for approvalEvaluates vendors' bids and drawings to assure compliance with specificationsReviews and approves design drawings for assigned segment of a projectMonitors subcontracted technical services' activities.Participates in preparation of design guides, guide specifications and contract proposalsParticipates in plant start-ups and field assignments as requiredParticipates in equipment inspections at vendors' facilitiesParticipate with construction personnel concerning construct-ability issues as related to field conditions, sequencing and scheduling of construction activitiesConduct or participate in a field trip to an operating plant or construction site to gather operating data and equipment information
EducationExpected in2020totoMaster of Science:Engineering ManagementUniversity of Louisville-Louisville, KY,GPA:Expected Graduation date is March 2020. 3.9 GPA.Expected in2007totoBachelor of Science:Electrical EngineeringSudan University of Science and Technology-khartoum,GPA:"
"A Senior Software Engineer at O'Reilly Auto Parts develops and supports applications for internal and external systems including Inventory, Supply Chain, eCommerce, Retail Applications, Enterprise Search and more. Our teams are focused on the development, design and integration of various software systems, databases, and third-party packages utilizing tools and technologies including Java, JavaScript, Spring, Hibernate, and SQL. This particular position will be a full stack role working on Warehouse Management Applications; however, we will consider anyone with Supply Chain Application Development experience.
The base salary for this position is $116,000-$145,000 annually plus a 10% Annual Bonus. Exact compensation will be determined based on experience, however mid point around $126,000 - $131,000 would be more practical.
What You'll Do:Partner with key stakeholders to develop new features and enhance and support existing applications and programs.Work with business systems analysts and stakeholders to translate business to technical requirements and problem solve.Collaborate with project teams and cross functional teams to troubleshoot open issues and bug-fixes.Collaborate, coach and mentor team members on best practices, code reviews, internal tools, and process improvements.Write and maintain readable, sustainable, and efficient code in highly optimized and scalable architectures.Own applications from conception and design, to implementation and support.Debug and test code as needed.Create and update advanced technical documentation.
Skills and QualificationsRequired:High School diploma or equivalent.10+ years of software development experience.Strong knowledge of software engineering best practices of the full software development life cycle, including coding standards, code reviews, source control, testing, build and release engineering processes with focus on automation and end to end traceability.Experience in Java, Spring Boot, SQL Databases, and HibernateWorking understanding of databases including writing and amending queries in Oracle, SQL, PostgreSQL andor NoSQL.Experience working in DevOps including continuous integration and continuous deployment using open source technologies like GIT, Jenkins, JIRA and Confluence.Experience in effectively communicating with a broad base of end users and multiple management layers, including the ability to interact with vendors as needed.Ability to lead and mentor junior developer and effectively communicate with members of the team.Ability to work flexible schedule including nightsweekends.
Desired:Bachelor's degree in computer science or equivalent experience.Ability to articulate advanced technical concepts and teach others.Experience working with AgileScrum methodology.Experience in Microservice Architecture, Kubernetes, Containerization, MongoDB, SOLRExperience working in a remote, virtual or work-from-home environment.
Location: Remote, USA - This role can be remote, virtual or work-from-home anywhere in the United States.
 About UsO'Reilly Auto Parts IT department provides services to our corporate office, 6000+ stores, 28 distribution centers and 85,000 + team members.We have over 900 IT team members supporting 250+ small, medium and large web and software applications in addition to third party packages.We provide a collaborative environment and encourage knowledge sharingWe respect a healthy work-life balanceOur teams keep open communication through video conferencing, team messaging and daily stand-upsOur leadership values collaboration and encourages team members to bring creative problem-solving ideas from both a technical and functional perspectiveWe have several career paths, whether you want to be an individual contributor, manager, project manager, or stay technical - there's a documented growth plan to help you follow the path you chooseWe want to grow our people - we help to make you better by providing training for both technical and professional development","Summary12+ years of professional experience in Information Technology, this includes Design, Development and Testing of Application software.
*Experienced in designing Business logic and User Interfaces
*Experienced in developing cross-platform applications using Windows and Linux.
*Experienced in developing software through Agile, Scrum and Water fall methodology.
HighlightsC#.Net VB.NET, ADO.Net, WinForms, WPF, C++, VC++, and C programming C#.Net, VB.Net, ASP.Net, C++, VC++, ATL-COM, C, HTML,CSS, XML, SOAP, Java Script, Perl script, and VB ScriptMicrosoft Technologies:          VB.NET, C#.NET, ADO.NET, WPF, WinForms, WCF, MVC,MVVM Pattern, ADO.NETOperating systems:	       Windows, Linux and UNIXDatabase:			       SQL Server 2008, and InformixIDEs:				      Visual Studio 2008, VS 2010, VS 2013 and EclipseCode Manager Tools	       IBM Rational ClearCase, StarTeam, and SVNDebugging Tools	:         	WinDbg, Application Verifier, Pure coverage,LeakDiag and Runtime Checker, GDB and DDDDefect Tracking Tools	       ClearQuest, and, BugzillaConcepts	       UML, OOAD, Design patterns, IPC, Threading, SECSGEM,Semi Standards and TCP/IPDesign Tools			       MS VisioDevelopment Processes	       Agile, Scrum and Water fall MethodologiesOthers	       Install Shield, Wireshark, Code Collaborator, VersionOne C#, C++, and STAR TeamTeradyne Inc., North Reading, MA					Jul' C++, MATLAB, and Medical Image Processing
Experience01/1toCurrentSoftware Development ConsultantAkamai Technologies Inc|Westford,MA,Collecting requirements for next generation of test system in the semi-conduction sector.Preparation of Software Requirements Specifications and Design Specifications.Design and develop the software for various modules in multi-platform environments both in Windows and Linux (C++) and participate in design and code reviews.Integration of .Net framework host application and C++ embedded applications.Responsible for creating and execution of Component Integration Test Plan (CITP).Responsible for create and execution of Unit testing and also performing the integration testing between Host (Windows) and Embedded applications.Skills Used: C#.Net, VB.Net, ADO.Net, .Net 4.0, WPF, WinForms, Design Patterns, C++, LINUX, Remoting, VS2013, Clear Case, Clear Quest, Pure Coverage, Wireshark, Install Shield.01/1to01/1Sr. Software EngineerIheartmedia, Inc.|Dayton,OH,Analyzing the requirements and interacting with customer for any requirements clarifications.Design and develop the logic for newly added components functionalities.Implementing the GUI changes with .NET and control side changes in C++.Developed Nexus Recipe Editor GUI using WPF.Involved in designing and developing the middle tier using ADO.Net to perform and
implement business logic, updating/retrieving the data to/from SQL Server Database.Involved in the process of understanding, estimating, simulating, analyzing, fixing and testing the bugs.Being onsite coordinator, coordinating the task with offshore team and testing offshore implementation on the tool.Skills Used: C#.Net, VB.Net, ADO.Net, WPF, WinForms, C++, Remoting, SecsGem, Design Patterns, SQL Server 2008, SVN, VersionOne, Scrum, Runtime Checker, Code Collaborator, Bugzilla.01/1to01/1Software EngineerRudolph Technologies|City,STATE,Designed and developed several features in UI module.Analyzing the requirements and interacting with customer for any requirements clarifications.Involved in the process of understanding, estimating, simulating, analyzing, fixing and testing the bugs.Design and develop the logic for newly added components functionalities.Done the code migration from C++ to C#.Net.Being onsite coordinator, coordinating the task with offshore team and testing offshore implementation on the tool.Delivering the activities using SVN source management.
EducationExpected in2004totoBachelor of Technology|Electronics and CommunicationsJNT University,Hyderabad,GPA:Electronics and Communications
Skills.Net 4.0, .NET, ASP.Net, VB.NET, C#.NET, ADO, Agile, ATL, C, C programming, C++, ClearCase, COM, hardware, Consultant, CSS, client, Database, Debugging, designing, DSP, Eclipse, Editor, Electronics, estimating, XML, features, GUI, HTML, IBM, Image Processing, Image, Informix, Java Script, LINUX, logic, MA, MATLAB, memory, access, C#, Microsoft Technologies, Windows, migration, MVC, next, OOAD, Operating systems, Perl, Processes, Programming, quality, Quest, Reading, read, Scrum, script, SOAP, Software Development, Software Engineer, SQL Server, tables, TCP/IP, UML, UNIX, VB Script, Visio, VC++, Visual Studio","Summary•        
Over
Three years of extensive experience as a Front-End UI Developer with solid
understanding of database designing, development and installation of different
modules. 

•        
Professional
understanding of System development life cycle (SDLC) as well as various phases such as Analysis Design,
Development and Testing. 

•        
Expert
in developing User Interface (UI) applications and professional web
applications using JavaScript, JSP, XML,
HTML5 /DHTML, DOM, XHTML, jQuery, CSS3, and Ajax.• Extensive
experience in various UI widgets using JavaScript
libraries like Angular.js, Node.js and developing Rich Internet Applications RIA.• Experience
in implementing Web Services (RESTful/SOAP)
and REST services.•  Experience
in  SQL Server and T-SQL
servers.• Experience in Hadoop,
Hive, Postgres, Cassandra, Mongo.• Sound
knowledge in working with browsers compatibility issues with browsers like IE, Firefox, Safari, Opera, Chrome.Good
experience in automation testing
with Mocha and Jasmine using Selenium.•  Good
Experience in Jasmine framework to
write the unit tests in order to
prevent the functional defects from being deployed to production.•Good
knowledge in the configuration management and version control software like TFS, Bit bucket, GitHub.• Highly motivated self-starter, hard worker, team player and research orientated.•Flexible, team player, “get-it-done” personality.
SkillsProgramming Languages: C, Java, PythonOperating Systems: WindowsDatabase: MySQLWeb Technologies: HTML, CSS, JavaScript, JQuery, Java Servlets, BootstrapProject DetailsPlay TombolaDuration: 30 DaysTeam size: 1 Java, MySQL, CSS, JavaScript, JQuery, HTML, Bootstrap, Java Servlets
ExperienceSoftware Engineer Intern,10/2016-CurrentViasat Inc.–AR,State,Responsibilities:

·  Designed
Frontend with in VB Scripting.

·        
Developed
Single page application using the Router concept.

·        
Used  CISA,
PYTHON,CISM.

·        
 Used Powershell,  Perl for fast going application.

·        
Improved the performance of the application by replacing the
existing process and controls with most suitable process flow, optimized
queries and code snippets

·        
Introduced
methodologies and best practices that enhanced product definition, release processes and customization of applications
to user needs.
Education and TrainingMaster Of Science:Information Technology,Expected in--Hyderabad,GPA:Status-Information TechnologyB.Tech:Electrical and Electronics Engineering,Expected in2016--,GPA:Status-Electrical and Electronics Engineering Kakinada with 70.40% marksDiploma:Electrical and Electronics Engineering,Expected in2013--,GPA:Status-Electrical and Electronics Engineering from SBTET Andhra Pradesh with 69.49% marks
*S.S.C. (2010) from State Board of Andhra Pradesh with 74.00% marks
SkillsC, CSS, Database, HTML, Java, Java Servlets, JavaScript, JQuery, Windows, MySQL, Operating Systems, Developer, Programming, Python"
"Position: Junior AccountantDepartment: Finance & AdministrationReports to: ControllerFLSA Status: Exempt
JOB SUMMARYThe Junior Accountant will perform accounting duties related to the efficient maintenance and processing of accounts payable transactions. She will review and analyze expense reports, work with vendors to resolve invoices, and reconcile monthly vendor statements. The Junior Accountant will administer the corporate card account activities and reconcile monthly statements.
MEASURE(S) OF SUCCESS Accuracy while managing a high volume of invoice and journal entry transactions. Time required to complete assigned tasks for month-end close. Meeting all deadlines for escheatment filings. Resolve outstanding checks by collaborating with the billing team.
COMPETENCIESAdaptability - Employee is open to new ideas and ways of doing business and adopts change willingly.Communication - Employee expresses thoughts and ideas in a clear and effective manner. Employee communicates directly and provides meaningful information to others to generate support.Continuous Improvement - Employee seeks opportunities to improve current processes, systems, and methods to promote reliability, quality, and efficiency of output.Customer Service - Employee delivers exceptional customer service.Delivering Results - Employee commits to achieving objectives, holds oneself accountable, and follows through.Learning Agility - Employee learns quickly and applies newly learned information and skills to innovate, adapt, and uses feedback to improve.Makes Sound Decisions - Employee makes sound decisions in a timely and confident manner.Relationship Management - Employee builds and maintains meaningful and positive connections with others inside or outside of the organization.Resilience - Employee responds to challenges with composure, optimism, and hardiness; employee perseveres and exhibits healthy stress management strategies.Teamwork and collaboration - Employee cooperates with others through mutual trust and accountability to accomplish shared objectives.Work Organization - Employee approaches work in an orderly manner; prioritizing tasks and managing time effectively.
RESPONSIBILITIES  ESSENTIAL JOB FUNCTIONS1. Accounts Payable (50%) Obtain proper documentation, coding, and approval of invoices. Enter invoices into the accounts payable system (Yooz). Print checks and distribute for signatures. Prepare support for wire transfers. Set up and maintain vendor files. Obtain a Form W-9 for each vendor. Research discrepancies and issues. Act as the vendor contact. Review and maintain outstanding checklist. Oversee escheatment disbursements and tracking. Work with billing services team to clear outstanding checks before reaching escheatment. Enter payment requests for member refunds in Intacct as provided by billing services team. Match payment requests for member refunds with letters provided by billing services team.
2. Credit Card Payable (15%) Distribute monthly statements and report templates to cardholders. Ensure complete and accurate documentation for receipts. Enter credit card transactions directly in Intacct. Update and maintain list of corporate credit cardholders. Lead the issuance or suspension of credit cards. Work with Controller on new credit card applications. Reconcile Credit Card Payable each month.
3. Expense Reports (15%) Obtain proper documentation, coding, and approval of requests. Review pre-travel against post-travel expense forms. Process expense reports. Print checks and distribute for signatures.
4. Year-end activities (10%) Prepare 1099-NEC forms using Track1099 by Avalara. Prepare list of contractors as required for Form 990. Support the financial statement audit by pulling samples requested by auditors.
5. Bank Transactions (10%) Upload bank transactions into Intacct. Create journal entries to record premiums paid against accounts receivable.
This position description should not be construed to imply that the requirements are the sole standards for the position. Incumbents are expected to perform all assigned duties as required.","Professional SummaryMulti-faceted Financial Professional with solid and progressive experience in all facets of accounting and financial management.
SkillsAccounting and Financial ReportingExperience in Cash Flow Management and Financial Statement AnalysisExperience in Account Reconciliations, Accruals, GL Activity, Month End Close, AR, AP, and BillingProgressive experience in Budget Management, SEC & GAAP CompliancesExcellent communication skillsSuperb analytical and problem solving skillsAbility to work independently as well as within Team SettingsPhysically fit to work extra hours with superb schedule flexibilityPowerful negotiatorAbility to multitask and meet aggressive deadlinesBudgeting and financeExtremely organizedSelf-motivatedConflict resolutionStrong verbal communicationStrong knowledge and familiarity with Microsoft Excel, Word, PowerPoint, OutlookPerfect knowledge of Accounting software like Lawson, Mas 90, QuickBooks Pro, PeopleSoft, Axiom, Bloomberg Terminal, Nvision, and ImagingAbility to learn new software programs
Work History11/2014to10/2016Accountant IIEllwood Group|Houston,TX,Performed month-end General Ledger close and prepared manual journal entries.Prepared balance sheet accounts reconciliation and roll forward schedules.Researched and resolved reconciling items in a timely manner and informed management of any issues.Prepared weekly reconciliation with supporting schedules of the fixed asset registers to the relevant accounting records, and resolved unclear items.Organized and maintained fixed asset register.Prepared monthly provider tax payments Reviewed, analyzed, and approved invoices to determine capital fixed asset versus expense and process CPAR invoices on a timely basis.Performed monthly accruals schedules Prepared depreciation calculation for all fixed assets Reviewed for adherence to capitalization policy and, researched and resolved any related issues.Ensured, calculated, and updated useful lives of all fixed assets are in accordance with company policy.Performed monthly fixed assets retirement/disposal obligations Generated monthly depreciation of capital expenditures.Supported other departments (Account Payable & Purchasing) to research and resolve accounting issues Assisted with internal and external audit activities.Worked directly with [departments, clients, management] to achieve [result].Assisted various business groups with document organization and dissemination during acquisitions.Developed new process for employee evaluation which resulted in marked performance improvements.Supported Chief Operating Officer with daily operational functions.11/2013to12/2013Senior Accountant (TEMP)Meggitt Plc|Irvine,CA,Assisted in the on-going development of current accounting and reporting functions.Prepared consolidated monthly financial statements of various entities.Led efforts in company's monthly depreciable items reports.Played a major role in catching-up with preparation of Vice President's expense report.Compiled audit documentation.Monitored and documented daily bank transactions.Supported to develop capital estimation report on company's current building project.02/2012to11/2013Accountant (TEMP)George Washington University|Washington,DC,Maintained responsibility for accounting and financial management associated with general ledger activity, cash flow management, and financial reporting.Developed accurate and reliable financial statements that aided in business decision-making.Charged with account analysis reports involving bank accounts reconciliation, journal entry preparation, month end close, and preparation of monthly accruals.Played a key role in preparing monthly, quarterly, and annual reporting packages / closing procedures for multiple entries.Prepared inter-company accounts reconciliations.Researched and eliminated financial discrepancies in a timely manner.Assisted in compiling of audit documentation.Supported to develop YTD P&L budget and actual reports including variance analysis activities.Performed full range of financial analysis projects.12/2011to02/2012Staff Accountant (TEMP)Warner Music Group Corp.|Los Angeles,CA,Charged with handling general ledger reviews, bank reconciliations, and month end close.Participated in balance sheet reconciliation.Verified daily bank transaction reports while ensuring the financial integrity of data.Performed journal entry adjustments and accruals.Assisted with the field audits, preparation of audit schedules and work papers, accounts payable and accounts receivable Spearheaded the development of ad hoc reports as needed.08/2010to12/2011Junior Accountant (TEMP)Sightseeing Tours Of America|City,STATE,Heavily performed billing duties Led efforts to track all cash flows.Played a key role in streamlining billing expenses and introducing process improvements.Championed efforts to reduce outstanding accounts receivable while managing collections efforts.Investigated and resolved billing discrepancies Performed and tracked chargebacks.Pioneered the implementation of new invoicing sales code and delivery methods.Ensured billings were accurately processed within specified deadlines.Researched and reconciled customer accounts.09/2009to07/2010Equity Research Analyst (TEMP)Bloomberg L.P|City,STATE,Eliminated financial statement discrepancies by making sure items were accurately entered and balanced.Updated the balance sheet, income statement, and cash flow statement, which included pension plans, leases, contractual obligations, and debt.Identified and analyzed all basic accounting related issues and determined proper methods of resolution exceeding the daily targets.Prepared fundamental analysis on U.S.and European company's 10-Q and 10-K that was filed with SEC.06/2009to09/2009Bookkeeper (TEMP)Metro One Loss Prevention|City,STATE,Performed accounting and finance duties associated with accounts receivable and accounts payable Prepared financial reports that detailed the financial position of the company Processed weekly payroll for over 20 employees Worked with sales tax, states payroll taxes, and federal payroll taxes payments Handled human resources queries as well as processed new hires.04/2008to05/2009Operation Budget (INTERN)New York City Transit Authority|City,STATE,Prepared weekly analytical Pay-Hour report for over 10,000 Bus Operator and Bus Maintenance employees Set up variances between budget and actual retrieved from Hyperion for budget modifications decided by management.Analyzed and prepared special report Prepared Audit Travel Expenses Report Assisted Supervisors with ad hoe reporting.
EducationExpected in2012totoMaster of Business Administration|UNIVERSITY OF PHOENIX,Phoenix,AZGPA:Expected in2009totoBachelor of Science|Accounting Finance & EconomicsCITY UNIVERSITY OF NEW YORK,Staten Island,NYGPA:Accounting Finance & Economics
SkillsAccount Reconciliations, Accounting, basic accounting, Accounting software, accounts payable, accounts receivable, Accruals, ad, AP, AR, balance sheet, bank reconciliations, Billing, billings, Bloomberg, Budget Management, budget, capital expenditures, Cash Flow, cash flow statement, closing, Excellent communication, decision-making, delivery, documentation, finance, financial, financial analysis, financial management, financial reports, Financial Reporting, financial statements, Financial Statement Analysis, fixed asset register, fixed assets, General Ledger, GL, human resources, Hyperion, Imaging, invoicing, Lawson, managing, Mas 90, Microsoft Excel, Outlook, PowerPoint, Word, Month End Close, payroll, PeopleSoft, problem solving skills, Purchasing, QuickBooks Pro, reconciling, reporting, research, sales, tax, taxes, variance analysis","Professional SummaryHighly motivated Sales Associate with extensive customer service and sales experience. Outgoing sales professional with track record of driving increased sales, improving buying experience and elevating company profile with target market.
SkillsOperating Systems: Windows, Unix
â€¢Language Proficiency: Bentley graphics API, C, C++, C#, ObejctArx, GDI+, OpenGL, 3Ds Max Script, RenderMan Shading language, Python, Shell Scripting, MPI, JavaScript, WPF.
â€¢Tools and Packages: Win32, MFC, GDI+, Matlab, Windows device drivers, Visual Studio 6, MySQL, Oracle, MS Access, 3ds Max, 3Delight, RBit.
Work History09/2012toCurrentSoftware Engineer IIMicrosoft Corporation|,,Designing, implementing, testing and support of product features.Bentley Construction Modeler          Language: JavaScript, WPF, C++, Bentley graphics API, Build, contributing to planning, designing, and development of Construction Modeler.Bentley Structural Modeling Component         Language: C++, Bentley MDL SDK, Bentley bmake Scripts Developed Structural modeling components based on Bentley Ism Graphical Components.Bentley BMH Designer          Language: C++, Bentley MDL SDK, Bentley bmake Scripts Developing BMH Designer Modeling framework and 3D component library.Software Development for ProConcrete 2D and 3D          Language: C++, ObjectArx Worked on 3D CAD Solution for Concrete and Reinforcement based on AutoCAD.Also developed tool for 2d extraction from 3d Concrete and Reinforcement model.Involved viewing frames creation, LineStyle detailing and automated 2D output generation.09/2011to06/2012Research AssistantDidi Hirsch Mental Health Services|,,Implementing a speed dependent direct Method for positioning the arms and legs of a human synthesizer.Contributing to the research on development of an automated synthesizer for American Sign Language.Learned Artificial intelligence techniques for ASL.01/2008to05/2010Software DeveloperAdobe Systems Incorporated|,,Led a team of 3 software engineers in designing, coding and implementing Microstation and Autocad software using C++ and Cad plug-ins.I have done research to develop a framework for XML driven MFC dialogues.Bentley BridgeRM Concrete Detailing          Language: C++, Bentley Graphics API BridgeRM Concrete Detailer makes full use of the MicroStationÂ® platform to deliver a powerful concrete detailing and scheduling system.It generated 3D / 2d drawing with full re-enforced data Bentley Rebar and Auto Shape Library          Language: C++, Bentley graphics API Created AutoShape Library and processing newly created shapes i.e.3d Shapes in Microstation and saving Geometrical information regarding Shape in Autoshape library so when we process same shape we could detect that from library.07/2007to12/2007Software Developer|Santa Monica,,IndiaI was crucial member of team to develop web based multi format viewer supporting Cad files, Doc files, PDF files and independent of respective software like AutoCAD, PDF viewer or MS doc.Kashec Web Based File Viewer          Language: C#, GDI+ Read, viwed, edited dwg cad files using objectArx graphics API and GDI+ for rendering it on web page.Added real Time Markup Facility in which more than one client can work on the same file (.dwg, .doc, .pdf) at same time also one client can show all markups at real time to other client.Client-Server architecture, FTP implementation for remote file uploading and downloading.GRADUATE PROJECTS: Extending improved version of Inverse Kinematics(IK) to the lower rig          Tool: C++, OpenGL With a rig, apply IK to each leg and   a) rotate hips, then b) apply IK to keep articulator (toe) in a fixed position Hand motion using improved version of Inverse Kinematics          Tool: 3DsMax script Implemented method to position a human arm and leg when someone is carrying out an action slowly or quickly i.e.speed dependent hand motion Combinatorial Optimization techniques for Inverse Kinematics	         Tool: C++, OPENGL A new algorithm to optimize the tool path of the IK manipulator.Optimization technique i.e.Travelling Salesman Problem used to optimize path for IK articulator so it would go through the path instead of looping through all the paths.Unifying and Optimizing Parallel Linear Algebra algorithms          Tool: C++, MPI Implemented Paper, â€œUnifying and Optimizing Parallel Linear Algebra algorithmsâ€ and implemented Subcube matrix decomposition for parallel processing.Advance rendering in Max          Tool: 3DsMax, 3Dlight, RenderMan Shading language.Designed a set for the opening scene of a well-known play â€œPrivate Livesâ€.Modeled, stage, set the camera and lights, and created appropriate and compelling textures for the objects in the scene.Lunar Dataset visualization						    Tool: Matlab Created visualization of lunar data set from NASA website using matlab.Cloth Animation and Collision detection			       Tool: 3DsMax script, C++, OPENGL Generated .RGL file from 3dsMax objectâ€™s properties and then created parser of RGL to read all the properties of objects to render, animate them in OPENGL with collision detection.ACHIVEMENT AND AWARDS: STAR recognition by Development Manager, Bentley System for developing features and setting up Construction Modeler.STAR recognition by Development Manager, Bentley System for developing most desired feature ISM link in Structural Modeling Components.STAR recognition by Development Manager, Bentley System for developing most desired feature in ProConcrete â€œthe 2D drawingsâ€.STAR recognition by Development Manager, Bentley System for developing most desired feature in Rebar DGN.Award for winning Linux shell scripting competition.
Skills3D, American Sign Language, Animation, API, Artificial intelligence, AutoCAD, C, C++, CAD, Client-Server, client, Designing, drivers, features, FTP, drawing, Graphics, JavaScript, Linux, Matlab, Max, MS Access, C#, MFC, Windows, Win, MicroStation, Modeling, MySQL, OPENGL, Operating Systems, Optimization, Oracle, PDF, camera, positioning, coding, Python, Read, real Time, rendering, research, scheduling, Script, Scripts, Shell Scripting, Software Development, Unix, Visual Studio 6, web page, website, XML
EducationExpected inJune 2012totoMS|Computer Graphics and Motion TechnologyDePaul University,Chicago,ILGPA:Computer Graphics and Motion Technology GPA: 4/4Expected inJune 2003totoBE|Computer ScienceRSCOE, Pune University,Pune,GPA:Computer Science"
"X is Alphabets moonshot factory. We are a diverse group of inventors and entrepreneurs who build and launch technologies that aim to improve the lives of millions, even billions, of people. Our goal: 10x impact on the worlds most intractable problems, not just 10% improvement. We approach projects that have the aspiration and riskiness of research with the speed and ambition of a startup.
About The Team
Tidal is a team at X working on a moonshot to protect the ocean and preserve its ability to support life and help feed humanity, sustainably. Our initial area of focus is on developing hardware and software technologies that bring greater visibility and understanding of whats happening under the water. Learn more about Project Tidal .
About The Role
As an Applied Machine Learning Software Engineer at Tidal, you will be working alongside other software engineers, perception experts, and research scientists to develop and deploy state-of-the-art methods to create a platform leveraging perception and machine learning to solve humanitys biggest problems  from food production to renewable energy to climate change  by sustainably utilizing the ocean.
Your role will be to enable developers to run ML workflows smoothly and efficiently. You will develop sustainable, scalable solutions to ensure the reliability and performance of these ML workflows, improve engineer productivity and ultimately help advance our Perception and ML Platform. If you love getting tech to work on challenging, real world problems, please apply!
How You Will Make 10X Impact
Work with our customers to understand the problem space, run experiments, collect data, and design novel and breakthrough ML solutions Profile ML performance at both model level and system level, identify performance bottlenecks and optimization opportunitiesImprove and streamline large-scale machine learning workflows for training and inference by analyzing, understanding, and fixing bottlenecksEnable better component-wise testing of training workflowsAutomate data uploadprocessingtrainingevaluatingdeployingoptimizing pipelines and develop monitoring and notification tooling to track statistics of the pipelines, improving debuggability and introspection into these complex workflowsRespond to and resolve emergent problems in production; test ML training pipelines; write software and build automation to prevent problem recurrenceKeep track of major changes and trends in infrastructure and enable adoption of new frameworks and systems without significant impact on development workEngage in capacity planning, quota management, and demand forecasting for ML workflowsCollaborate with stakeholder teams to implement and evolve large-scale Machine Learning infrastructure
What You Should Have
BS degree in Computer Science or a related field, or equivalent practical experienceStrong programming skills in Python andor C++Expertise in data structures, algorithms and complexity analysis.Experience designing, analyzing, and troubleshooting large-scale distributed systems, especially enterprise cloud services (e.g., GCP, AWS)Experience with ML platforms, solutions, and infrastructure deployed to solve real world problems
Itd Be Great If You Also Had These
Experience with C++ andor GoExperience with TensorFlow or PytorchExperience with SQL or similar, and parallel data processing pipelines (e.g. Flume, Apache Beam)Expertise in architecting and deploying machine learning pipelines at scaleExpertise in getting ML models into productionFamiliarity with state-of-the-art ML models for perceptioncomputer vision tasksCustomer-facing experience creating software solutionsMS or PhD degree in Computer Science or a related field, or equivalent practical experience","Career Overview4+ years of experience in the field of Quality Assurance and corporate  Coordinated with Product Owners to create and prioritize stories in the backlog Lead daily scrum, grooming, planning and retrospective meetings Strong in analyzing Business Requirements and Functional Specifications, identifying Test Scenarios, developing and executing Test Cases Experience in interacting with Business, Development and Stakeholders Experience in developing and maintaining test scripts, analyzing bugs and interacting with development team members in fixing the defects Outstanding analytical, decision-making, problem solving and management skills with the ability to organize activities in fast speedy team environment Experience in managing and supervising multiple teams and projects
QualificationsMS Outlook, MS Suite, MS Project, Joomla, Tealeaf, SharePoint
Database:        SQL, MS Access, MS SQL Server, MySQL, PHP MyAdmin, Oracle 
Platforms:        Windows XP/Vista/7, MS-DOS, IOS, Android
Work ExperienceSoftware Tester/Scrum Master (Contractor),01/2016-PresentSiemens Corporation–Philadelphia,PA,Coordinate with Product Owner, Application Analyst, Offshore team, and Business users to plan test schedules and strategies in accordance with delivery dates Review and provide input on test strategy, defect reports, and other deliverable created by Business users and QAs Analyze and investigate issues reported by Business users and work with them to collect more details on issues Lead quality assurance process from test design to final reports Collaborate with Product Owner and Business users to understand and clarify business requirements Guide and participate the QA team in bug testing, document test cases, and problem solving Report software defects and interact with software developers and QAs to ensure they are fixed and thoroughly tested Facilitate and participate in daily scrums, sprint planning, release planning, retrospective and other team meetings as necessary Work with the team to remove impediments or guide them to the right direction to remove impediments Support and educate the Product Owner with grooming and maintaining product backing Assist with internal and external communication, and improve transparency Guide the team and organization on how to use Agile/Scrum practices.Software Test Engineer Contractor,03/2015-12/2015Capital One–City,STATE,Participate in planning, and daily scrum meeting and raise helpful questions.Communicate critical issues and status updates in a timely manner.Mobile Test Engineer II,08/2014-01/2015CSG International–City,STATE,Analyzes test results do determine if design specifications are met and are in accordance with QA and client standards.Coordinates testing with other departments and documents test results.Assists with project implementation and post implementation.Software Quality Assurance Engineer,05/2012-08/2014Sittercity–City,STATE,Support existing quality standards and testing efforts to ensure top-notch experience for our users Understand product requirements and work with team members to insure quality of the product Actively participate in planning meetings, daily scrums, and retrospectives Identify and communicate challenges encountered in the development and test process, and recommending changes Keep test plans up-to-date based on new system capabilities Create detailed bug reports and documentation surrounding bugs.
Education and TrainingCertified Scrum Master (CSM):,Expected inMarch 2016-The University of Illinois at Chicago-,GPA:Status-Bachelor of Science:Management Information System,Expected inMay 2012--,GPA:Status-Management Information System
SkillsAgile, Analyst, clarify, client, Database, delivery, direction, documentation, PHP, meetings, MS Access, MS Outlook, MS Project, SharePoint, Windows XP, MS-DOS, MySQL, Oracle, problem solving, quality, quality assurance, QA, Scrum, software developers, MS SQL Server, SQL, strategy, Vista","Professional SummaryWith the attitude of learning I am looking for an internship from summer 2017 to gain as much as knowledge as I can and contribute to the organizations success.
Core QualificationsC, C++, C#, SQL pl/sqlOperating Systems: Windows, Linux, unixHDL/HVL: Verilog, SystemVerilogScripting Language: Unix Shell Scripting, PERL, Python, TCLSoftware proficiency: Cadence (Layout, Virtuoso, Spectre),  Synopsys(DC Compiler), Modelsim, Questasim, TFS for version controller, Microsoft sql server 2012, Visual studio 2008
ExperienceSoftware Engineer,12/2015-08/2016Torch Technologies, Inc.–Corpus Christi,TX,IndiaAnalyze internal processes and recommend and implement procedural changes to improve operations in database.Analyze the requirement and make the necessary changes in the existing modules.Support and maintenance of the specific module.System Engineer,04/2013-12/2015Apex Systems–Minnetonka,MN,IndiaWorked in SDLC and Agile framework made me flexible in working as and when required Consistent performance and ownership of the task while maintaining of the module in Data ware house project.Interacting with clients (UK United Biscuits, Canada TD bank, ING bank Singapore) during analysis, development & implementation phase gave me a global exposure of interacting with the people across different regions of world.Understanding the requirement of the customers while providing customer support and testing of functional and technical queries, request, requirements and modifications.Conducted training sessions to train juniors for the same technology.Achievements Customer Satisfaction Index for the project increased from 82.7% to 97.8% in the duration of 6 months for the consistent performance and various suggestions and effective solutions being provided for the improvement of the system.Received an appreciation from VP of TD bank Mr.Barkla for a successful delivery of the compliance project within the Time lines.On the spot award"" for leading and managing event for the account (TCS).Safety Champion of Women safety initiative in the organization for 2015.I was leading a team of 10-15 people for a year in which I was interacting with various employees in the office, explaining them the significance of ergonomics, suggested exercises and also encouraging them to practice the same.Received All India Mahindra talent scholarship in the year of Aug-2006 for securing 85.73% JRD TATA scholarship in the year of Sept-2009 of for the accomplishment of 84.12% in the diploma.
EducationMasters:Electrical & Computer Engineering,Expected inFall 2016-PORTLAND STATE UNIVERSITY-,OregonGPA:Status-Electrical & Computer Engineering 4.0Digital IC and Design(ECE 525) Ahsan
*ASIC Design Modelling & Synthesis (ECE581) Xiaoyu Song 
*Verilog Workshop (ECE 510 )Roy Kravitz.:,Expected in--,GPA:Status-Microprocessor System Design (ECE585) Mark Faust 
*Embedded Systems Design with FPGAs (ECE544) Hammerstrom
*Pre-silicon Functional Verification by Prof. Schubert:,Expected in-Mumbai University-,MHGPA:Status-Bachelor of Engineering:Electronics & Telecommunications,Expected inJuly 2012--,GPA:Status-Electronics & Telecommunications 67/100 Core Subjects: Digital logic design Digital communication Electronics devices and circuits I Analog digital IC design applications Electronics devices and circuits II Simulation of software workshop Microprocessor and micro-controllers I Microprocessor and micro-controllers IIDiploma:Electronics & communications,Expected inJuly 2009-MAHARASHTRA STATE BOARD OF TECHNICAL EDUCATION-Mumbai,MHGPA:Status-Electronics & communications Grade : 84.12/100 Core Subjects: Electronic components and devices Programming in C Digital techniques and microprocessor Micro-controllers Digital communication Embedded systems
SkillsAgile, ASIC, C, C++, Cadence, controller, clients, Customer Satisfaction, customer support, database, DC, delivery, Electronics, Embedded Systems, ergonomics, Functional, Layout, Linux, logic, managing, Mark, Microprocessor, C#, office, 97, Windows, Operating Systems, pl/sql, PERL, processes, Programming, Python, requirement, Safety, SDLC, Scripting, Simulation, Microsoft sql server, SQL, System Design, TCL, unix, Unix Shell Scripting, Verilog, Visual studio"
"Centurion Consulting Group is looking for a Software Development Manager This is a DIRECT HIRE and requires a local candidate in Mclean, VA. This role is a hybrid role. 
Primary Responsibilities:Must have Staff management & development, supervising a team of approximately 15-20 people.Staff planning, including adjusting to shifting priorities and solving problems quickly.Mentoring staff to maintain high levels of performance and positive morale.Collaborate with internal functional and project managers, and customers in forming strategies to improve performance.Act as scrum of scrums master to manage work streams of multiple sprint teams.Manage release plan and road map for agile development.Lead scrum team as scrum master for multiple projects.Serve as Subject Matter Expert (SME) on Agile development methods and processes.Manage software development processes using GitHub, Atlassian Jira and Confluence, Sonar Cloud.Basic Qualifications:B.S. in computer science, engineering, or other science disciplines with 8+ years of prior relevant experience, or Master's degree with 6+ years of prior relevant experience.Hands-on experience coding with C++ andor JavaJ2EE software development.Skilled in designing, developing, and managing applications using both relational and non-relational databases.Understand and leverage common software development architectural styles and patterns (SOA, Microservices, etc.).Understand and apply quality techniques and practices (automated unit testing, Test Driven DesignDevelopment, continuous integration).Familiarity with communication protocols, such as TCP, UDP, SNMP.Design and develop fully scalable applications.Professional writing and oral presentation skills.Strong knowledge of software development methodologies and life cycle.Knowledge or experience analyzing or developing ITS andor control systems.Experience developing real-time, embedded software is a plus.Version control architecture and management skills.Experience developing architecture and designing complex systems.Strong knowledge of ITS, V2X.Knowledge of NTCIP, SAE, and IEEE standards as they pertain to ITS and Connected Vehicle domains.Experience in business and proposal development.You Might Also Have:Experience with Software Architecture and Software Release.Experience with message queuesmessage brokersdata streaming such as Apache Kafka, and NATS.Experience developing and consuming SOAP andor REST web services using specifications such as Open API.Experience developing user interfaces and web pages using frontend website development tools such as HTML5, CSS3, JavaScript, React, etc.Experience with automation or robotics principlesBasic familiarity with the physics of a moving vehicle, especially as relates to lateral control and steering.Experience with Robot Operating System (ROS)Experience working with or implementing telematics systems and data visualization technologies.Experience with Git, Docker (including Docker-compose), and continuous integrationcontinuous deployment using Docker and Sonar Cloud.Experience with Spring frameworkExperience working on Agile projects and working with Agile toolsets, such as JIRA and ConfluenceHands-on experience developing code with UnityHTC ViveHighly proactive, self-motivated, and has sharp self-time management.Detail-oriented, highly organized, and strong ability to multi-task.Ability to flourish within a dynamic, fun team environment as well as work independently.Flexible and comfortable with changing direction and competing priorities.Clearance Required:Ability to obtain and maintain a Public Trust security clearance (which includes three years of immediate residency in the US).
Position Details: Clearance: Ability to Obtain a Public TrustUS Citizenship or Authorization to work in US required.Travel: < 10% (CONUS)Centurion Consulting Group, LLC is an Equal Opportunity Employer EOE MFDVNo third parties or subcontractors","SUMMARYI am a full-stack developer with excellent communication and coordination skills and a passion for design.
EXPERIENCESoftware Engineer,07/2014-CurrentThe Nielsen Company–,,Founding member of the Innovation Lab. Led the team’s design and development of products for Unmanned Aerial Vehicles (UAVs) and virtual reality (VR).Skills: Java, python, caffe, CNN training, embedded software, MAVProxy, ArduPlane, project managementUAVs - Software Engineer & Operations SpecialistDeveloped sensing payloads for fixed-wing UAVs enabling smarter autonomous control. Trained a neural network to process photos during flight and recognize targets of interest; wrote software to adjust flight plan accordingly. This capability will be used by conservation groups across Eastern Africa.Built a Hardware-in-the-loop simulation; rapidly tested flight logic and sensor integration on real hardware without risk of damaging aircraft. Profiled on-board software and identified bottlenecks, increasing FPS by 100%.Designed REST API and geospatial database to support a UAV control app.Established holistic view of the project by collaborating with domain experts; created project roadmap with buy-in from team and stakeholders.Created detailed mission plans and reports to ensure efficient mission execution. Researched and complied with UAV regulations.VR - Project Engineer & VisionaryManaged a VR project with a budget of over $500,000. Sorted out project dependencies, identified and mitigated risks, and ensured key deadlines were met.Brainstormed immersive and interactive features, and solicited feedback from potential customers; led the design and prototype of requested features.Researched competitive landscape and provided VR expertise to establish our focus.Other ProjectsCoordinated the configuration and shipment of over 6,000 smartphones to aid the UN during the 2014 Ebola outbreak in West Africa. Created REST API, databases, and AWS infrastructure to support the reporting software installed on the phones.Rapidly prototyped products with a User-centered design (UCD) approach; proposed new business and product ideas.Wrote and deployed python-backed twitter bot to connect users with questions to relevant domain experts.Software Developer,07/2011-07/2014Maxar Technologies Ltd–,,Founding member of the platform team. Designed, implemented, and supported the back-end infrastructure for Saga, our flagship lifelogging app with over 10,000 active users on Android and iOS.Skills: Java, node.js, PostgreSQL, Storm, Kafka, Zookeeper, Tomcat, Spring, AWSSaga - Software DeveloperWrote Java services deployed to apache tomcat. Designed and implemented REST API interfaces. Designed and optimized postgres and elasticsearch databases and DAOs.Led the development of a real-time rules-based notification infrastructure, using storm, kafka, and cassandra for high-throughput processing and storage.Led daily and weekly scrum meetings.Coordinated weekly releases and deploys to production. Spun up and managed AWS instances. Set up service and database monitors; responded to pages and ensured 24-hour uptime.Led the design of user-facing features like charts and infographics.Lifestream API - Software DeveloperCo-developed our customer-facing lifelogging API. Built services using node.js, java, storm, and cassandra that would scale to 1 million users. Designed and implemented intuitive REST APIs.Traveled to Seoul to rapidly iterate on solutions with our partner, LG. Designed features for and managed the relationship with another partner, IFTTT.Trained and managed new developers.Research Assistant,05/2010-06/2011Talaris Therapeutics Inc.–,,Skills: Java, python, Arduino, circuit design, soldering, machiningBuilt Lullaby, a system for tracking environmental factors that disturb sleep.Synchronized and logged inputs from sensors including audio, video, motion, and air quality. Researched and experimented with methods of remotely determining heart rate; soldered infrared LED circuits to detect oxygenated hemoglobin.“Lullaby: A Capture & Access System for Understanding the Sleep Environment”, UbiComp 2012 (Winner: Best Paper Award).Junior Test and Production Engineer,06/2008-03/2010Gridpoint–,,Skills: C, embedded software, assembly, solderingAssembled, soldered, and tested smart-charging, data-logging units for Plug-in Hybrid Electric Vehicles. Wrote C code to maximize GPS satellite lock and automate testing.
OTHER PROFESSIONAL EXPERIENCEFounder and Designer,04/2015-CurrentSeattle Megagames–,,Lead highly-motivated 5-person team that designs and runs live-action board game events for over 50 simultaneous players.Discovered and booked venue, promoted the event, and sold all 54 tickets in one day. Ordered and assembled materials, managed the budget, and trained volunteers. Coordinated and resolved pain points for players and volunteers to ensure the game ran smoothly.Collated player feedback from questionnaires and player-created blogs and podcasts. Selected priorities for feature and operational work; designed and playtested new features.Spoke on a panel on Megagame design at PAX Prime 2015. Ran a game that raised over $2,000 for Child’s Play Charity.
EDUCATIONB.A:Computer Engineering,Expected in2011-University of Washington-,GPA:Status-
TECHNICAL SKILLSExpert: Java, PostgreSQL, UNIXProficient: python, javascript, node.js, C#, C++, COther tools and frameworks: Tomcat, Spring, Memcached, JProfiler, JUnit, PostGIS, Elasticsearch, Cassandra, Storm, Kafka, Zookeeper, caffe, CNN training, MAVLink, MAVProxy, ArduPlane, Mission Planner, JSBSim, Git, SVN, Maven, Gradle, Play!, npm, AWS (EC2, S3, CloudWatch, DynamoDB, IAM, RDS, Route 53, VPC, Elastic Beanstalk, SNS), Chef, GCM, APNS","SummaryFull stack Software Engineer with 8+ years of experience in software industry. Professional, creative, responsible with proven analytical skills and knowledge of Microsoft .Net platform and PHP. Passionate about new technologies and software development. Fast learner, focused, problem solver, great Team Player, and lover of good software development practices including Systems Development Life Cycle (SDLC).
HighlightsC#, PHP.Technologies/Services: ASP.NET, ASP.NET MVC, ASP.NET Web API, EF, ADO.NET, T-SQL, .NET Framework, LINQ, Razor, Hangfire, SignalR, HTML, HTML5, XML, CSS, CSS3, JSON, AJAX, jQuery, AngularJS, Bootstrap, SOAP, REST, Alfresco ECM, Alfresco Activiti BPM, Alfresco OCR, OCR, Tesseract, AWS S3, AWS EC2, CodeIgniter, Composer, Google Maps API, Apache Web Server, Apache Tomcat, PL/pgSQL, LaTeX.Databases: MS SQL Server, PostgreSQL, MySQL.Source Code Control: SVN, GIT.Project Management Tool: Redmine, Gforge.IDEs: Visual Studio, PhpStorm, Netbeans, Intellij Idea, Zend Studio.Operating Systems: Microsoft Windows, GNU/Linux.Methodologies & Standards: Scrum, RUP, XP, DIRKS, ISAD (G), ISO 15489.
ExperienceSoftware Developer,04/2016-09/2016–Peoria,,EcuadorModeled process using BPM, workflows for a Help Desk Module in Alfresco Activiti BPM.Designed and created de Alfresco Content Model for the Help Desk Module.Developed using XML, Javascript, Alfresco REST Web Services, jQuery, Bootstrap and Freemarker the workflows modeled.Integrated Alfresco ECM with Microsoft Office and WebDav protocol.Software .Net Developer,01/2015-04/2016–City,,EcuadorDeveloped using C#, ASP.NET MVC, ASP.NET Web API, ADO.NET .NET Framework, EF, LINQ, SQL Server, Hangfire, SignalR, MS SQL Server, T-SQL, AngularJS, jQuery, HTML5, CSS3, and MySQL a large-scale parking system from scratch.Rewrote and redesigned a poorly parking system implemented in Node.js.Rewrote the entire backend in C# and the frontend in ASP.NET MVC, ASP.NET Web API, AngularJS, jQuery, JavaScript, and Bootstrap to be more user friendly.Developed using Hangfire to perform with .NET job scheduling, and SignalR to create a real-time application which allowed bi-directional communication between server and client.Created a sync job which listened to the records of a sensor in a MySQL database and synchronized them in a MS SQL Server database and showed real-time results in a dashboard.Developed using PHP, JasperReports for PHP REST Web Service API, MySQL, AngularJS, jQuery, HTML5, CSS3 and, Bootstrap a Report Module to integrate it into a police management system.Coded using PL/pgSQL several queries to compare and recover millions of damaged records.Software Engineer and Professor,09/2008-11/2014Newport Group–City,,CubaDeveloped using PHP5, HTML, CSS, JavaScript, Drupal, jQuery, AJAX, JSON, MySQL and, XML-RPC an Intranet.Developed using Alfresco ECM, Alfresco REST API, PHP, XML, HTML, CSS, JavaScript, CodeIgniter, jQuery, PostgreSQL and, Lucene the modules File Sharing and Audit Log for a Document Management System.Integrated Alfresco ECM with OpenOffice.org.Developed using PHP, HTML5, CSS3, JavaScript, jQuery, AJAX, JSON, and, PostgreSQL the Dashboard and Report Management modules.Developed using Alfresco ECM, Activiti, REST Web Services, Freemarker, HTML, CSS3, LESS CSS, JavaScript, jQuery, AJAX, JSON PostgreSQL and, Lucene the modules Records Management, Classification Table Management, Task Management, Data List, Dashboard and, Project Files Management for different versions of a Document Management System.Performed Requirements Specification, Analysis and Design, and Test Case Design.Customized using Freemarker, Bootstrap, LESS CSS, XML and, JavaScript a Theme for Alfresco Share.Coded using XML, Content Models for Alfresco ECM.Interacted with clients to identify Business Requirements.Provided training courses for clients.Products and projects:
Product: Document Management System eXcriba v3.0 (2013-2014, Patent 2127-7-2014).Client: Development Centers of University of Informatics Sciences, Havana Cuba.Product: Quipus, Document Management System v1.0 (2012-2013, Patent 196-2012).Client: General Archive of the Nation of Venezuela.Product: Document Management System AvilaDOC (2009-2010).Client: Ministry of Interior and Justice of Venezuela.Product: Document Management System eXcriba v1.0 (2008-2010, Patent 2868-2010), v2.0 (2010-2011, Patent 2378-2011).Client: Development Centers of University of Informatics Sciences, Havana Cuba.Client: General Customs of the Republic of Cuba.Client: Ministry of Informatics and Communications of Cuba.
EducationBS:Computer Science,Expected in2008-University of Informatics Sciences-Havana,GPA:Status-Computer ScienceDegree:Accounting,Expected in2003-Higher Pedagogical Institute-,GuantanamoGPA:Status-Accounting
Skills.NET, ASP.NET, ADO, AJAX, Apache, Apache Web Server, API, bi, Content, CSS, CSS3, Client, clients, Databases, database, Document Management, Drupal, English, XML, Help Desk, HTML, HTML5, PHP, PHP5, ISO, JavaScript, jQuery, JSON, Linux, C#, Microsoft Office, Microsoft Windows, MVC, MySQL, Composer, OCR, Operating Systems, PL, police, PostgreSQL, Programming, Project Management, real-time, RUP, scheduling, Scrum, SOAP, Software Engineering, Spanish, Specification, MS SQL Server, SQL Server, System v1.0, Tomcat, T-SQL, Visual Studio"
"Note: By applying to this position you will have an opportunity to share your preferred working location from the following: New York, NY, USA; Cambridge, MA, USA.Minimum qualifications:

Bachelors degree or equivalent practical experience. 2 years of experience with software development in one or more programming languages, or 1 year of experience with an advanced degree in an industry setting. 2 years of experience with data structures or algorithms in either an academic or industry setting. 2 years of experience with full stack development, across back-end such as Java, Python, GO, andor C++ codebases, and front-end experience including JavaScript andor TypeScript, HTML, CSS or equivalent. 

Preferred qualifications:

Master's degree or PhD in Computer Science or related technical field. 2 years of experience with performance, large scale systems data analysis, visualization tools, andor debugging. Experience developing accessible technologies. Proficiency in code and system health, diagnosis and resolution, and software test engineering. 

About The Job

Google's software engineers develop the next-generation technologies that change how billions of users connect, explore, and interact with information and one another. Our products need to handle information at massive scale, and extend well beyond web search. We're looking for engineers who bring fresh ideas from all areas, including information retrieval, distributed computing, large-scale system design, networking and data storage, security, artificial intelligence, natural language processing, UI design and mobile; the list goes on and is growing every day. As a software engineer, you will work on a specific project critical to Googles needs with opportunities to switch teams and projects as you and our fast-paced business grow and evolve. We need our engineers to be versatile, display leadership qualities and be enthusiastic to take on new problems across the full-stack as we continue to push technology forward.

With your technical expertise you will manage project priorities, deadlines, and deliverables. You will design, develop, test, deploy, maintain, and enhance software solutions.

Google Cloud accelerates organizations ability to digitally transform their business with the best infrastructure, platform, industry solutions and expertise. We deliver enterprise-grade solutions that leverage Googles cutting-edge technology  all on the cleanest cloud in the industry. Customers in more than 200 countries and territories turn to Google Cloud as their trusted partner to enable growth and solve their most critical business problems.

The US base salary range for this full-time position is $133,000-$194,000 + bonus + equity + benefits. Our salary ranges are determined by role, level, and location. The range displayed on each job posting reflects the minimum and maximum target for new hire salaries for the position across all US locations. Within the range, individual pay is determined by work location and additional factors, including job-related skills, experience, and relevant education or training. Your recruiter can share more about the specific salary range for your preferred location during the hiring process.

Please note that the compensation details listed in US role postings reflect the base salary only, and do not include bonus, equity, or benefits. Learn more about benefits at Google .

Responsibilities

Write product or system development code. Participate in, or lead design reviews with peers and stakeholders to decide amongst available technologies. Review code developed by other developers and provide feedback to ensure best practices (e.g., style guidelines, checking code in, accuracy, testability, and efficiency). Contribute to existing documentation or educational content and adapt content based on productprogram updates and user feedback. Triage product or system issues and debugtrackresolve by analyzing the sources of issues and the impact on hardware, network, or service operations and quality. 

Google is proud to be an equal opportunity workplace and is an affirmative action employer. We are committed to equal employment opportunity regardless of race, color, ancestry, religion, sex, national origin, sexual orientation, age, citizenship, marital status, disability, gender identity or Veteran status. We also consider qualified applicants regardless of criminal histories, consistent with legal requirements. See also Google's EEO Policy and EEO is the Law. If you have a disability or special need that requires accommodation, please let us know by completing our Accommodations for Applicants form .","SummarySoftware Developer with overall 3+ years of experience in the development of Web & Enterprise
applications using Java, JavaScript, HTML, CSS and J2EE technologies
SkillsJava 7, Python, Matlab          PL/SQL, MongoDB, MySQL, SQLiteHTML 5, CSS 3, JavaScript, JQuery,      Backbone.js, MVC, SpringPHP, Ajax, JSON, Angular          HibernateEclipse, Visual Studio,          Git, Bit bucket, JiraPyCharm, Net Beans,          Apache Tomcat, Glassfish, MavenIntelliJ IDEA, XAMPP, Tableau          Rest, Soap Web Services,
Experience01/2017to07/2017Software EngineerWithin3–Lakewood,NJ,Developed user interface for windows tablet client application using Java
          frameworks: Swing, JavaFX.Embedded VLC media player into the application using VCLJ
          library.Interacted with YouTube, Periscope and Facebook APIs to play
          live streaming video.Participated in requirement gathering, development, testing and
          deployed the application using webswing server.Analyzed and detected application errors and performance issues.05/2015to08/2016App DeveloperMotion Recruitment–Gilbert,AZ,Worked in both Agile and Waterfall settings.Implemented functionality to capture image, record audio and video
          Developed user profile screens using HTML, CSS and JavaScript
          using Appcelerator Studio.Cooperated with web designers to match the visual design intent.Deployed the
          application on user's phone for beta testing.07/2014to12/2014Web DeveloperWithin3–Los Angeles,CA,Collaborated with other team member to update documentation.Created responsive web design using JavaScript, JQuery
          Tested the website in multiple browsers to ensure cross-browser
          compatibility.Fixed bugs from existing website and built reusable code for future use.06/2012to07/2013Software EngineerBaroda Electrical Ltd–City,STATE,Created database schema and interacted with database to add, update and
          delete records through jdbc.Executed and monitored standards for user interfaces, page design and
          graphics development.Implemented and debugged the algorithm for energy measurement.Enabled dynamic behavior of the site using Bootstrap.Tested the code using Tera Term Emulator to ensure its correctness.
Education and TrainingExpected in2016totoMaster of Science:Computer and Information SciencePurdue University-Indianapolis,INGPA:Computer and Information ScienceExpected in2013totoBachelor of Science:Electronics and CommunicationsGujarat Technological University  Anand-,GujaratGPA:Electronics and Communications
SkillsAgile, Ajax, Apache, audio, browsers, CSS, CSS 3, client, database, documentation, Eclipse, graphics, HTML, HTML 5, PHP, image, Java, Java 7, Beans, JavaScript, jdbc, JQuery, JSON, Matlab, windows, MongoDB, MVC, MySQL, PL/SQL, page, Python, requirement, Soap, streaming video, Swing, Tableau, phone, Tomcat, user interface, video, visual design, Visual Studio, web design, website","Summary7+ years of experience as a BI developer with a proven track record in Business Intelligence (BI), Data Warehouse (DWH) and Data Analytics related consulting projects.Proven ability to identify business needs and develop valuable solutions to drive accuracy and process efficiency.Experienced in developing, implementing, documenting, monitoring and maintaining the data warehouse extracts, transformations and ETL process in various industries like Financial, Health Care and Retail Industry withSales, Marketing, Inventory Management, Supply Chain and Financedomains.Delivered BI reporting solutions in Power BI, Reporting Services (SSRS).Expertise inData Warehousing ArchitecturesincludingETLdesign,Staging,Transformations,Delta/change Datacapture,Star-Schemas, Cubes andHistoryloadingSkilled in writingT-SQL Queries, Dynamic-queries, sub-queries and joins for generatingStored Procedures, Triggers, User-defined Functions, Views and Cursors.Experience with all phases of software development life cycle (SDLC) and Agile methodologies.Have delivered as a team member, team lead and as an independent consultant on medium to large scale projects.
SkillsData/Business/SystemsTools: MS SQL Server Integration(SSIS), Analysis Services(SSAS), MetlDatabases: SQL Server 2012/2016,Netezza 7.2, Oracle 11g, AzureDevelopment Skills: T-SQL, DAX, MDX, C#BI Reporting Tools: Power BI, Reporting Services Services (SSRS).Data Quality and StandardsAgile MethodologyProgramming Languages:T-SQL, C#, VB Scripting.
EducationExpected in05/2013totoBachelor of Science|Information TechnologyGMR Institute of Technology,Rajam, India,GPA:
Experience05/2020toCurrentSr. Data Analyst/Support EngineerHoneywell|Gladstone,MO,Client:Citi Bank, Irving, TxWorking as Level2 Support Engineer for Data Pipelines the Retail Customer Applications and Azure Data Staging.Analyzed large amounts of data to identify trends and find patterns, signals and hidden stories within data.Developing and supporting DevOps Repos and code pipelines for all ETLs Tasks and JobsDevelopedStandardETLintegrationsto extract Community-Loan-Location data from Mainframes system and implemented Business Rules to confirm the data.Experience in creating and managing SSAS tabular models, creating dimension and fact tables.Responsible for data administration tasksmaintenance plans,performance tuning,backup, and securityfor MS SQL Server systems.Primarily involved in data migration using SQL, SQL Azure, Azure storage, and azure data factory, SSIS, Powershell.Integrated Custom Visuals based on business requirements using Power BI desktop.Developed complex SQL queries using stored procedures, common table expressions (CTEs), temporary table to support Power BI and SSRS reports.Developed complex calculated measures using Data Analysis Expression language (DAX).Embedded Power BI reports on the Salesforce portal page and also managed access of reports and data for individual users using Roles.Provided continued maintenance and development of bug fixes for the existing and new Power BI Reports.08/2018to05/2020Sr. BI Data DeveloperButler Technical Group|Opa Locka,FL,Led the development of Data Mart for supply chain,marketing departments along with analysis of existing data warehouse for performance improvements.Worked on all phases of data warehouse development life cycle, from gathering requirements, implementation, testing, training and support.Interviewed Business Users of the Data Warehouse and the Business Analysts to understand and troubleshoot the existing bottlenecks and problem areas.Developed applications and designed processes for transformation and data management from company-wide databases.Developed automated data dictionary for Enterprise Data Warehouse using SSRS and SQL.Completed a thorough analysis of the issues with the cube processing and query processing to identify bottleneck for the existing facts and dimensions.Designed and developed ETL packages to facilitate incremental load process.Created aggregates, partitions, attribute relationships and user defined hierarchies with the goal to reduce the cube processing time and query processing time.Created stored procedures and performed index analysis for slow performing SSRS reports to bring down the report rendering time.Developed Enterprise wide cascading reports in SSRS that were used throughout the agency to monitor the performance of the cube, logging of the nightly ETL loads and also to monitor most active users of the cube.Created robust and high-performing ETL mappings usingSSISandMetl.Migrated existing self-service reports and adhoc reports to Power BI.Developed custom calculated measures using DAX in Power BI to satisfy business needs.Assisted users in accessing databases, troubleshooting malfunctions and removing system-based barriers to task completion.11/2016to07/2018Sr. ETL DeveloperKairos Technologies Inc|City,STATE,Client:Cvs Caremark, Irving, TxWorked on ambitious project to develop an Enterprise Wide Drug plan Record system data warehouse connecting Insurance companies and Drug Manufacturers for CVS Caremark.Worked with Business Intelligence Manager to plan BI strategies, create BI road map and budget plans to deliver on organizations Business Intelligence needs.Assessed the impact of current business processes on users and stakeholders.Developed multiple dashboards, analytical reports, KPIs and Interactive reports based on business requirements using SSRS to support executive business needs.Transferred data from various data sources/business systems including MS Excel, MS Access, Flat files,COSMOS etc. to SQL Server using SSIS.Implemented Query Optimization and performance tuning for slow performing SQL queries.Involved in writing complex T-SQL queries and stored procedures to perform data transformations and to support SSRS Reports.Involved in creating User Security and Roles in reporting services at both parent level and report level.Supported maintenance of Data Quality Service's (DQS) knowledge base and development of Master Data Service's database.07/2013to04/2016Business Data AnalystTata Consultancy Services|City,STATE,Client:Sun Trust Bank, USDesigned, Implemented, and aided End-to-End data migration project using Microsoft SSIS.Assisted in creation of internal applications for marketing and customer relations departments, including financial reporting tools and reports.Designed SSIS Packages to extract data from various data sources such as Excel spreadsheet, and flat files and load data into destination databases for further Data Analysis and Reporting.Performed rigorous business case analyses and proposed various process improvements.Used Excel and Access applications for visualizing the data functionality.Led an initiative to convert all excel files which were used in in-house time/expense reporting wherein I automated the process to find discrepancies in timesheets by creating tables, views using stored procedures.Client :Marks and Spencer,UKImproved business direction by prioritizing customers and implementing changes based on collected feedback.Analyzed open orders, backlog, and sales data to provide sales team with insights.Created tables and define their relations by using foreign key and primary key relationship.Involved in creating database objects using stored procedures, Triggers, Functions, Views and T-SQL Joins using T-SQL.Performed normalization of database to reduce redundancy and achieve maximum system performance.Wrote custom T-SQL stored procedures and triggers to improve performance, preserve referential integrity, and provide additional application functionalityWorked as ETL Developer for an End-to-End implementation of Operation Data Warehousing Project.Responsible for data integration and transformation using SSIS.Formulated and documented the physical ETL process design based on business requirements and system specifications with strong ETL design skills.Created source to target mappings, transformations, lookups, aggregations, expressionsInvolved in scheduling reports, creating snapshot reports and subscription for the reports Using SSRS."
"Senior Software EngineerSelby Jennings is partnered with a Proprietary Trading firm based in the San Francisco Bay area that uses market-neutral strategies to negate the volatility of digital assets. In their first two years, they were able to double revenue and head count. Now, they are looking for a highly-skilled software engineer to join their core trading systems team.
Responsibilities: Design high-performance trading system components in a distributed architecture Analyze and improve the efficiency, scalability, and stability of our systems Interact with stakeholders (traders, portfolio managers, risk)
Qualifications:5+ years of professional Java experienceExperience working in a buy-side firm requiredExperience using low-latency techniquesMulti-threadedconcurrency programming with lock-free algorithmsExperience with distributed systems design and developmentMS in Computer Science or related field","SummaryFull stack Software Engineer with 8+ years of experience in software industry. Professional, creative, responsible with proven analytical skills and knowledge of Microsoft .Net platform and PHP. Passionate about new technologies and software development. Fast learner, focused, problem solver, great Team Player, and lover of good software development practices including Systems Development Life Cycle (SDLC).
HighlightsC#, PHP.Technologies/Services: ASP.NET, ASP.NET MVC, ASP.NET Web API, EF, ADO.NET, T-SQL, .NET Framework, LINQ, Razor, Hangfire, SignalR, HTML, HTML5, XML, CSS, CSS3, JSON, AJAX, jQuery, AngularJS, Bootstrap, SOAP, REST, Alfresco ECM, Alfresco Activiti BPM, Alfresco OCR, OCR, Tesseract, AWS S3, AWS EC2, CodeIgniter, Composer, Google Maps API, Apache Web Server, Apache Tomcat, PL/pgSQL, LaTeX.Databases: MS SQL Server, PostgreSQL, MySQL.Source Code Control: SVN, GIT.Project Management Tool: Redmine, Gforge.IDEs: Visual Studio, PhpStorm, Netbeans, Intellij Idea, Zend Studio.Operating Systems: Microsoft Windows, GNU/Linux.Methodologies & Standards: Scrum, RUP, XP, DIRKS, ISAD (G), ISO 15489.
ExperienceSoftware Developer,04/2016-09/2016–Peoria,,EcuadorModeled process using BPM, workflows for a Help Desk Module in Alfresco Activiti BPM.Designed and created de Alfresco Content Model for the Help Desk Module.Developed using XML, Javascript, Alfresco REST Web Services, jQuery, Bootstrap and Freemarker the workflows modeled.Integrated Alfresco ECM with Microsoft Office and WebDav protocol.Software .Net Developer,01/2015-04/2016–City,,EcuadorDeveloped using C#, ASP.NET MVC, ASP.NET Web API, ADO.NET .NET Framework, EF, LINQ, SQL Server, Hangfire, SignalR, MS SQL Server, T-SQL, AngularJS, jQuery, HTML5, CSS3, and MySQL a large-scale parking system from scratch.Rewrote and redesigned a poorly parking system implemented in Node.js.Rewrote the entire backend in C# and the frontend in ASP.NET MVC, ASP.NET Web API, AngularJS, jQuery, JavaScript, and Bootstrap to be more user friendly.Developed using Hangfire to perform with .NET job scheduling, and SignalR to create a real-time application which allowed bi-directional communication between server and client.Created a sync job which listened to the records of a sensor in a MySQL database and synchronized them in a MS SQL Server database and showed real-time results in a dashboard.Developed using PHP, JasperReports for PHP REST Web Service API, MySQL, AngularJS, jQuery, HTML5, CSS3 and, Bootstrap a Report Module to integrate it into a police management system.Coded using PL/pgSQL several queries to compare and recover millions of damaged records.Software Engineer and Professor,09/2008-11/2014Newport Group–City,,CubaDeveloped using PHP5, HTML, CSS, JavaScript, Drupal, jQuery, AJAX, JSON, MySQL and, XML-RPC an Intranet.Developed using Alfresco ECM, Alfresco REST API, PHP, XML, HTML, CSS, JavaScript, CodeIgniter, jQuery, PostgreSQL and, Lucene the modules File Sharing and Audit Log for a Document Management System.Integrated Alfresco ECM with OpenOffice.org.Developed using PHP, HTML5, CSS3, JavaScript, jQuery, AJAX, JSON, and, PostgreSQL the Dashboard and Report Management modules.Developed using Alfresco ECM, Activiti, REST Web Services, Freemarker, HTML, CSS3, LESS CSS, JavaScript, jQuery, AJAX, JSON PostgreSQL and, Lucene the modules Records Management, Classification Table Management, Task Management, Data List, Dashboard and, Project Files Management for different versions of a Document Management System.Performed Requirements Specification, Analysis and Design, and Test Case Design.Customized using Freemarker, Bootstrap, LESS CSS, XML and, JavaScript a Theme for Alfresco Share.Coded using XML, Content Models for Alfresco ECM.Interacted with clients to identify Business Requirements.Provided training courses for clients.Products and projects:
Product: Document Management System eXcriba v3.0 (2013-2014, Patent 2127-7-2014).Client: Development Centers of University of Informatics Sciences, Havana Cuba.Product: Quipus, Document Management System v1.0 (2012-2013, Patent 196-2012).Client: General Archive of the Nation of Venezuela.Product: Document Management System AvilaDOC (2009-2010).Client: Ministry of Interior and Justice of Venezuela.Product: Document Management System eXcriba v1.0 (2008-2010, Patent 2868-2010), v2.0 (2010-2011, Patent 2378-2011).Client: Development Centers of University of Informatics Sciences, Havana Cuba.Client: General Customs of the Republic of Cuba.Client: Ministry of Informatics and Communications of Cuba.
EducationBS:Computer Science,Expected in2008-University of Informatics Sciences-Havana,GPA:Status-Computer ScienceDegree:Accounting,Expected in2003-Higher Pedagogical Institute-,GuantanamoGPA:Status-Accounting
Skills.NET, ASP.NET, ADO, AJAX, Apache, Apache Web Server, API, bi, Content, CSS, CSS3, Client, clients, Databases, database, Document Management, Drupal, English, XML, Help Desk, HTML, HTML5, PHP, PHP5, ISO, JavaScript, jQuery, JSON, Linux, C#, Microsoft Office, Microsoft Windows, MVC, MySQL, Composer, OCR, Operating Systems, PL, police, PostgreSQL, Programming, Project Management, real-time, RUP, scheduling, Scrum, SOAP, Software Engineering, Spanish, Specification, MS SQL Server, SQL Server, System v1.0, Tomcat, T-SQL, Visual Studio","Professional SummaryHighly regarded self-starter with a masters degree in computer science. Offering more than 5 years as a software engineer in dynamic environments. Looking for a position to develop Reports/Dashboards at a company that appreciates a strong education background and work experience.
SkillsRequirement Analysis & DesignEnvironment set up and configurationRPD / Report / Dashboard DevelopmentDevelopment Best Practices and StandardsDemos to end users on Development and functionalityPresentations on OBIEE to client personsConducting Training/Preparing Training MaterialOracle /Siebel Applications Oracle Business Intelligence Enterprise Edition 10.1.3.x, BIP setup-configuration, Informatica - DAC setup & configuration.Programming languages- SQLDatabase- Oracle 9.x, 10gSoftware packages- MS Office ProductsOracle Business Intelligence Enterprise Edition 10.1.3.x, BIP setup-configuration, Informatica - DAC setup & configuration.Excellent communication skillsExcellent problem-solving abilitiesExcellent diagnostic skillsRefined system debugging skillsFast Learner
SkillsGO-LIVE, back-up, business analysis, BI, Business Intelligence, Catalog, conversion, Client, customer satisfaction, Customer support, Data-modeling, Database, ETL, features, Informatica, Information Technology, managerial, MS Office Products, 3.x, Enterprise, network, Oracle 9.x, Oracle, DB, developer, order management, Presentations, processes, Programming, QA, reporting, Requirement, SDLC, servers, scripts, Siebel, SQL, technical support, Toad, Training Material, triage, Upgrade
Work History01/2011to05/2013Senior Software EngineerAktify|Irvine,CA,Improved system performance by making proactive adjustments and resolving bugs.Updated and fixed existing Repository and Dashboards.Worked with project managers, developers, quality assurance and customers to resolve technical issues.Worked closely with customers to efficiently resolve issues.Performed all testing and troubleshooting methods and documented resolutions in the system.Trained and mentored junior developers and engineers.OBIEE Upgrade AssessmentRequirement Analysis & DesignEnvironment set up and configurationRPD / Report / Dashboard DevelopmentDevelopment Best Practices and StandardsDesign, Build, Unit Testing OBI Reports11/2008to12/2010Assistant Systems EngineerTata Consultancy Services|City,STATE,Updated and fixed existing Repository and Dashboards.Worked with project managers, developers, quality assurance and customers to resolve technical issues.Worked closely with customers to efficiently resolve issues.Performed all testing and troubleshooting methods and documented resolutions in the system.Trained and mentored junior developers and engineers.OBIEE Upgrade AssessmentRequirement Analysis & DesignEnvironment set up and configurationRPD / Report / Dashboard DevelopmentDevelopment Best Practices and StandardsDemos to end users on Development and functionalityPresentations on OBIEE to client personsChanges to the repository as a part of the performance tuning.Handling Tickets for the existing application.Developing a POC for new project proposals.Onsite Coordinator. First Contact Point for pre-Implementation and post- Implementation defect fixes.Module Lead (Task Assignment and work tracking of the team).Understanding the Business requirements.Design, Build, Unit Testing OBI ReportsPrepared the test scripts for System testing and contributed to defect resolutionProviding analysis and estimates for the QA defects and UI/design change.Working on the SIT QA defects (includes RPD and webcat changes) and getting them to closure within the timelines providedTaking care of code maintenance activities across Dev, SIT andDEV serversParticipating in triage calls to coordinate with ETL and QA teamsWorking with DB team in understanding the performance issuesand resolve them.Coordinated with the team during other SDLC phases likeDevelopment, peer code reviews, Unit testing, SIT, bug fixingprocess and updating of Design.Supporting during Go-LIVE .
EducationExpected in2008totoMaster of Computer Applications|Computer ScienceR.V.R & J.C College of Engineering,,GPA:Expected in2005totoBachelor of Science|Computers/MathematicsT.J.P.S College,Guntur,GPA:Topper of the DegreeTopper in Individual SubjectsWon prizes and Awards in Inter-college Competitions and in-house activities.Participated in all kinds of competitions  like personality development,debates ,essay writing and presentations.Secured the rank of 479th rank in ICET  Competitive Entrance exam for MCA and MBA."
"Senior Revenue Accountant  100% Remote  EST Time Zone  Consulting
A globally recognized SaaS company is looking for a Senior Accountant, who specializes in Revenue Recognition, to join their operations. This is your chance to be a part of a flourishing organization and be a key figure in maintaining revenue processes. Apply today if you match the criteria below!
Who You Are:
Bachelor's in Accounting or Finance; CPA highly preferred. 4+ years of accounting experience; sound knowledge of revenue accounting, revenue billing, and OTC processes.  Prior background in SaaS industries and system knowledge in NetSuite and Salesforce REQUIRED! 
What You'll Do:
Support monthly revenue related tasks and analysis including monthly revenue close process (e.g., reconcile revenue, revenue accruals, and reserves). Work with external auditors to ensure the company is compliant with ASC 606 principals. Work closely with management and teams to support accurate reporting. 
What does this position pay? 
Compensation is determined by several factors which may include skillset, experience level, and geographic location.
The expected range for this role is $40 to $75 per hour. Please note this range is an estimate and actual pay may vary based on qualifications and experience.
Please send your resume to fmcevoy@provenrecruiting.com if you match the criteria listed above!
We actively support and promote people of various backgrounds, from race, religion and gender to geographical area, university, lifestyle and personality type. Proven Recruiting is minority-owned, majority women, and is a strong advocate for diversity and inclusion in the broader community. Apply now!
","SummaryManager, Accountant, Project and Safety Manager
Results driven, self motivated professional with solid experience in program development that profitably promotes occupational health and safety. Recognized for encouraging a culture of safety that minimizes workplace incidents, resulting in cost savings associated with accidents and fines from state and federal non-compliance issues. Able to manage multiple projects simultaneously and move quickly among projects.
HighlightsWriting/Reports		* Employee Counseling	* Presentation skillsEH&S Task Coordination	* Financial Analysis & Budgeting	* Recruiting & Staffing	* NetworkingEnvironmental Assessments	* Risk				* Payroll			* Customer serviceData Collection & Analysis	* Business Development		* Benefits AdministrationsWorkplace Hazard Reduction	* Public Speaking			* Staff Training & DevelopmentWorksite Safety Practices	* Business Law			* Classroom proctoring & teachingAccident Investigation		* Project Management		* Technology skills; Microsoft OfficeFacility Inspections		* OSHA				* Contracts & NegotiationsEnvironmental Permits		* Accounting			* Meetings & workshops
Experience03/2015to03/2015Financial Analyst/Forensic AccountantPostlethwaite & Netterville–City,STATE,Determined legal and financial considerations for businesses seeking economic damages because of business interruption caused by the Deep Water Horizon Oil Spill in the Gulf of Mexico.Review business financial documents in order to evaluate and assign monetary values to claims while maintaining the integrity of claims data with tasks including data entry and communication.Rigorous quality control through claim information review.Detection of fraudulent activity through forensic investigations, financial modeling, Tax analysis and Accounting litigation.Resolution of pending client needs through interface with attorneys, accountants, and financial advisors.2012to03/2015Director of Operations/AccountantInternational Staffing Association–City,STATE,Sourcing strategies to support the strategic, operational, and business plan for the company.Influence senior business executives on strategy, resources, hiring forecasts, and capacity planning.Establish and oversee maintenance of effective candidate sourcing channels and both internal and external resume tracking systems to speed the process of identifying qualified candidates and tracking effectiveness and efficiency metrics.Assisted with proposal generation, implementation, training, and daily oversight of key account service delivery teams, overall delivery of key account results, and the management and nurturing of client relationships to deliver the highest caliber client results.Provided timely feedback to management and clients regarding workload and accomplishments, ensuring accuracy of data and timely, through completion of assignments.2010to2012Safety Manager/Project Manager/AccountantConstruction Management Enterprises–City,STATE,Supervised, trained, advised, inspected and maintained responsibility for the health, morale, discipline and welfare of all employees at separate locations.Responsible for safety audits at construction sites, monitoring appropriate safety gear and display of safety signage.Served as the go-to person, continually sought out by leaders, subordinates, and peers throughout the organization for technical and tactical advice and expertise.Participated in formulation of management structure, labor policies, employee handbook, management and employee training handbook, and operating guidelines in preparation for new hire trainings.Obtained building permits and worked with general contractors and clients on architectural plans.Oversaw daily construction, and handled accounting, including paying all subcontractors.Assisted management in determining correct accounting of third party partnership expenses.Related experiences: administrative support, customer service, contracts, and proposals, accounts payable/receivable, expense tracking, bank reconciliation and deposits, email and internet research.
EducationExpected in2011totoBachelor of Science:AccountingUniversity of New Orleans-New Orleans,LAGPA:Expected in2011totoBachelor of Science:AccountingUniversity of New Orleans-New Orleans,LAGPA:AccountingExpected in2011toto:Business Administration ManagementUniversity of New Orleans-New Orleans,LAGPA:Business Administration and ManagementExpected in2015totoCertified Occupational Safety Specialist:SafetyLouisiana State University-Baton Rouge,LAGPA:
SkillsAccounting, accounts payable, administrative support, bank reconciliation, Benefits, Budgeting, Business Development, Business Law, business plan, capacity planning, Contracts, Counseling, CPR, Client, clients, Customer service, Data Collection, data entry, delivery, email, Employee Relations, employee training, Staff Training, English, financial, Financial Analysis, financial modeling, first Aid, hiring, legal, Regulatory Compliance, litigation, Meetings, Microsoft Office, Negotiations, Networking, Nursing, Oil, internet research, Payroll, policies, Presentation skills, Project Management, proposals, proposal, Public Speaking, quality control, Recruiting, Safety, Sourcing strategies, Bilingual-Spanish, Staffing, strategy, strategic, Tax, teaching, workshops","Experience10/2019to06/2019Data AnalystAngi Homeservices Inc.–Rockledge,FL,Built an end to end analytics-based solution for animal shelters to verify optimality of current capacity, with a vision to deliver recommendations to improve animal outcomes and health in the future.Created a cloud-based (AWS/Flask/HTML) UI to source animal shelter data & present optimal solution.Utilized Delphi method to generate synthetic data (for missing values) using information from animal experts.Leveraged SQL/Python to pre-process and optimize animal shelter data.Dealt with a tricky client, with unclear outcomes (and impacted by COVID-19 times) - yet delivered a complete, extendable analytics/ UI solution.Predicted the outcome of animals with 73% accuracy, based on characteristics of the animals at the time of intake.01/2019to06/2019AnalystAmeresco–Half Moon Bay,,INDTraders of import export licenses in India, Operationalized and negotiated the prices/rate of various MEIS/SEIS by predicting the price of the MEIS/SEIS licenses using Time-series analysis and supervised machine learning model, resulting in savings of INR 1,000,000.Created a new billing system from scratch to increase efficiency and reduce time spent in creating bills using Excel, VLOOKUP, HLOOKUP and Formulas, which resulted in time spent in creating bills reducing by 50.06/2018to09/2018Analyst InternSpencer Stuart–Chicago,,INDAlthough junior, quickly earned responsibility for creation of data architecture & automation for BSE's Mutual Funds.Processed 1 million+ weekly transactions to enable audits, executive reporting - Presented to CXOs weekly.
EducationExpected inJuly 2018totoBachelor of Engineering:Information TechnologyUniversity of Mumbai, Vidyalankar Institute of Technology-Mumbai,GPA:Expected inJunetotoMaster of Science:Business AnalyticsUniversity of California-San Francisco,CAGPA:
SummaryA motivated data enthusiast with 5+ years of SQL and data analysis experience, 3+ years of Object-Oriented Programming experience and 2+ years of Python and R experience. Self-taught Machine Learning and Big Data and applied to various settings by taking 3 Coursera Courses, 3 Udacity Courses, 2 Udemy Courses and am an AWS Certified Cloud Practitioner. Motivated to make a difference and hence currently analyzing publicly available animal shelter data.
HighlightsTools: SQL, Python, Jupyter Notebook, Flask, R, Tableau, Spark, MongoDB, Excel, HTML, MapReduceSkills: A/B Testing, Data Analysis, Database Management, Data Mining, Data Visualization, Hypothesis Testing, Modeling, Machine Learning, Statistical Analysis, DashboardsAutomationBilling systemClientData AnalysisData MiningData VisualizationDatabase ManagementDelphiFundsHTMLMachine LearningExcelModelingMongoDBPythonReportingSQLStatistical AnalysisTableauVision
SkillsTools: SQL, Python, Jupyter Notebook, Flask, R, Tableau, Spark, MongoDB, Excel, HTML, MapReduceSkills: A/B Testing, Data Analysis, Database Management, Data Mining, Data Visualization, Hypothesis Testing, Modeling, Machine Learning, Statistical Analysis, Dashboards,Automation, billing system, client, Data Analysis, Data Mining, Data Visualization, Database Management, Delphi, Funds, HTML, Machine Learning, Excel, Modeling, MongoDB, Python, reporting, SQL, Statistical Analysis, Tableau, vision"
"Assignment Detail

Industry:IT ConsultingServices

Job Description

Business Analyst-Level III

Job Number: 23-02173

Drive innovation through technology solutions! Eclaros client is looking for a Business Analyst-Level III in Albany, NY.

Eclaros client is the worlds largest IT infrastructure services provider, supporting diverse industries including banking and financial, chemical, oil and gas, government, healthcare, manufacturing and retail. If youre up to the challenge, then take a chance at this rewarding opportunity!

Required Skills:
Experience working on complex projects with 2 or more years in a leadership role as a Business AnalystExperience working on complex projects with 2 or more years in a leadership role as a Business AnalystClient focused business and requirements analysis experience and documentation including: Conducting and leading requirements gathering sessions; Analyzing requirements gathered; Identifying, documenting, and validating system requirements for continuous integration and deployment; Preparing proposals for best fit technology based on requirements elicited. 

Preferred Skills:
Experience managing and identifying, documenting and validating system requirements with a focus on eligibility, enrollment, case management, payment, claims and recoupments. Experience identifying, documenting and validating system requirements on a mainframe modernization project covering multiple complex functional domains. Experience conducting business process analysis and optimization in a technology environment, while documenting the As Is and proposing the To Be states. Creating requirements documentation such as: Use cases, Screen prototypes, Specifications, and adhering to pre-established templates and using requirements management tools similar to Blueprint Storyteller. Experience facilitating meetings, workgroups, etc. 

If hired, you will enjoy the following Eclaro Benefits:
401k Retirement Savings Plan administered by Merrill LynchCommuter Check Pretax Commuter BenefitsEligibility to purchase Medical, Dental & Vision Insurance through Eclaro

If interested, you may contact:

Lyndon Bernardo

Lyndon.Bernardo@eclaro.com

(646) 695-2932

https:www.linkedin.cominlyndon-bernardo-4a981054

Equal Opportunity Employer: Eclaro values diversity and does not discriminate based on Race, Color, Religion, Sex, Sexual Orientation, Gender Identity, National Origin, Age, Genetic Information, Disability, Protected Veteran Status, or any other legally protected group status.","Professional SummaryTo obtain a full time opportunity in the area of Information Systems, Database and Business  Administration, Managing business stakeholders, Configurations, Designing, Testing, Troubleshooting, Maintenance and monitoring for honing my skills. To be recognized as an important asset to the institution and to keep myself updated regularly Designing and Implementing Tests of Processes | Authentication management technologies |  GUI testing | Gap Analysis | Documentation | Reporting | Organize Joint Application Developments (JAD) sessions and JRP| Risk Assessment | Statistical Analysis | Validate Functionality | Problem Solving |BRD| Process Modeling | Project Management | Rapid Application Development (RAD) sessions | Ad-hoc testing | Back-end testing.
*Interpersonal Skills: | Collaboration | Customer Service | Influencing Others | Negotiation | Teamwork | Facilitating Meetings | Follow-Up | Navigating a Matrix Reporting Relationship | Critical Thinking | Scoping  | Detail Oriented | Decision Making | Ability to Work with Cross-Functional Teams | Attention to Detail
Core QualificationsMicrosoft Access | Microsoft Excel | MS Office | Microsoft Project | PowerPoint | SharePoint SQL Queries | Tableau | Visual Studio | Spotfire | Visio | CRM | TFS | Workflow tools | SQL Server | AWS
ExperienceBusiness Data Analyst Intern,01/1-01/1Internet Brands, Inc.–,,USATotal Work experience of 4.6 years in Information System and Agile Environment)
Baby deedee, USA          IT Admin Intern          Oct'16 - Dec'16.Deployed and Delivered enhanced web plugins , security services, website data analysis as per business requirements.Collaborated with design, strategy and sales teams to find solutions for client website projects and developing Complex SQL Queries to illustrate possible solutions.Drafted and Managed business stakeholder expectations to achieve scope in complex and challenging environment.Designing website on Drupal, Modifying Data Warehouses & creating detailed reports on research to provide ideas.Technical Analyst,01/1-01/1General Dynamics–,,IndiaTrained a fresher's batch of 25 engineers and led the cloud platform maintenance team of 30 technical engineers for MS project process which gathered, transformed & performed Analytics data.Managed responsibilities of scoping and business meetings with business stakeholders and then provided support to the business analysis team in preparing business plans and strategies.Technical System Engineer,01/1-01/1Cisco Systems, Inc.–,,IndiaCoordinated system development tasks to include design, integration  and  formal testing.Created and maintained programmatic and technical documentation to insure efficient planning and execution Designated as an Active SME for Microsoft Project server Team of 30 technical engineers.Awarded Certificate of Excellence for Outstanding Performance as a Best Support Engineer (2nd & 4th Quarter 2014).Appreciated for designing a Project Blog site for improvising internal process to post their research and publish ongoing service.Valued for developing a site on Cosmos Server which collaborates the data and generates performance reports.Designed and deployed a Data Breach Detection application for Big Data repositories to identify which user has accessed the component in HDFS for a given day, match it against a rules of access table, and created a line in a report for users that do not match the allowed access criteria in a rules access file.Project and Change Management: Planned project decision-making methods on MS project, through various project cycles and structured systems development techniques to apply them to the complex world of information development.Information Security Management: Evaluated background in managing information security in organizations, which included risk identification and assessment, security policy and planning, personnel and security, privacy and security audit.India          Trainee System Engineer,01/1-01/1Vishesh Pvt Ltd–,,Assisted engineers and scientists as they create, modify, and test products and processes.Performed extensive research and development during creation phase of product.
EducationMaster of Science:Information Systems,Expected inMay '17-Pace University, Seidenberg School of CSIS-New York,NYGPA:Status-Information SystemsBachelor of Engineering:Electronics and Communication,Expected inAugust '13-Mumbai University-Mumbai          Mumbai,GPA:Status-Electronics and Communication
SkillsAgile, Big Data, business analysis, business plans, Change Management, CRM, client, data analysis, Data Warehouses, Dec, decision-making, Designing, Drupal, Engineer, Information Security, managing, meetings, access, Microsoft Access, Microsoft Excel, MS Office, PowerPoint, MS project, Microsoft Project, SharePoint, Oct, personnel, processes, test products, research, sales, SQL, SQL Server, strategy, structured, systems development, Tableau, technical documentation, Visio, Visual Studio, website, Workflow","SummaryHighly-motivated employee with desire to take on new challenges. Strong worth ethic, adaptability and exceptional interpersonal skills. Adept at working effectively unsupervised and quickly mastering new skills.
SkillsRoot Cause AnalysisSAP CMMSData AnalysisMaintenance Strategies Write UpCondition MonitoringDefect EliminationProject ManagementPlanningSupervisionProblem-SolvingDocumentation and ReportingTroubleshooting and DiagnosticsPerformance AnalysisCost and Material CalculationParts Procurement
Education and TrainingPapua New Guinea University of TechnologyLae, Papua New Guinea,Expected in04/2018––Bachelor of Electrical Engineering:Power-GPA:Kerowagi Seconday SchoolSimbu, Papua New Guinea,Expected in11/2012––Grade 12 School Certificate:Science, Physics & Advanced Maths-GPA:
ExperienceMicrosoft Corporation-Reliability EngineerMinneapolis,MN,11/2019-CurrentRCA & Defect EliminationDowntime Data AnalysisAsset KPI ReportsMaintenance Strategies DevelopmentReliability Improvement ProjectsRoot Cause Analysis (RCA)Asset Condition ReportManagement of Change (MoC)Authorization For Expenditure (AFE) JustificationOil Sample Analysis (SOS)Non-Destructive Tests (NDT) – Ultrasound & MPIShaft Laser AlignmentsHME Track & GET Condition MonitoringCaterpillar Onboard Software Applications (VIMs/ET/TT)SAP CMMS UserCreated test data for validating scenarios based on functional requirements.Analyzed test results to detect issues and track root causes.Wrote technical reports on test and analysis results and presented findings to stakeholders.Bimbo Bakeries Usa-Maintenance PlannerPlattsburgh,NY,10/2018-10/2019Scheduled machinery downtime for maintenance and repair with close reference to production schedules in consultation with manufacturing management and operators.Wrote, maintained and distributed standards for predictive and preventive maintenance for industrial machines and equipment.Inspected equipment to identify and coordinate scheduled maintenance, repair or replacement needs.Pinpointed and stocked special tools and parts kits needed for maintenance of specific machines so scheduled work began without delay.Researched maintenance planning trends and practices and implemented modern techniques in maximizing plant and machinery uptime.Arranged for specialized maintenance and repair personnel availability according to established schedules.Analyzed upcoming production schedules in light of availability and working condition of plant equipment and reported pressing needs to management.Cut parts inventories by stocking only most needed parts in realistic quantities based on research of past machine performance and vendor data.Filled out work orders, repair logs and maintenance plans to document work completed.Coordinated efficient maintenance schedules to keep systems running at peak levels.Kept records of parts and equipment used in projects to update inventory.Inspected completed work to assess quality and identify skill gaps.Allocated material and labor resources to promote on-time and under-budget project completion.Lockheed Martin-Graduate Trainee EngineerChicago,IL,05/2018-08/2018Improved technical abilities by pursuing training and practical learning opportunities.Worked with other engineers to respond to requests for product improvements and quality concerns.Assisted team members with new product implementation and manufacturing process changes.Wrote and filed necessary documents to assist team leaders with efficient organization.Gathered and modeled information for use by project leadersPerformed engineering change processes to support and improve existing products.Kept permits, logs and isolation tags up to date.Motor sizing and overloads audit and updating5S Improvement ProjectInstallation and commissioning of x1 Stand by BoilerMaintenance Parts Stores Building RenovationsSpare parts inventory cataloging and min/max set up3A Composite PNG Balsa-Electrical Engineering InternCity,STATE,11/2015-01/2016Collaborated with senior engineers, assisting with the testing of products.Wrote engineering documentation, presented and evaluated reports and tracked supply inventories.Generated reports detailing progress data during work phases.Basic electrical troubleshooting trainingsCalibrated and updated electrical systems to improve performance."
"Job Description
Our mission is to redefine the home experience with tech and services to create a smarter, greener, safer home that saves our customers money every month.
Summary
The Vivint Technology Team is searching for an experienced, enthusiastic, and innovative Software Engineer. Working closely with Technology Team members, project managers, and business partners, this individual will provide technical leadership for design, development, implementation, and support of software solutions and systems integrations, primarily supporting Finance and Billing-related systems.
Primary Responsibilities
Design and engineer scalable, reliable, secure software solutions to solve complex business opportunitiesIdentify system performance, stability, and security deficiencies and design appropriate solutionsHelp develop team standards and best practices that promote quality, consistency, and maintainabilityParticipate in architectural oversight committees to review and improve proposed solutionsUnderstand business goals, market trends, and technology advancements to anticipate changeDevelop and maintain accurate and detailed process flows, diagrams, and technical specs Contribute ~20% of time to production support, production operations, and other systems support activities including participating in on-call schedules and rotationsCollaborate and communicate with team members, project managers, and internal customersAttend regular planning meetings, daily stand-ups, design reviews, quality assurance reviews, etc
Required Skills, Experience & Education
7+ years of software engineering experience, preferably using .NETC#Mastery of data types, algorithms, object oriented programmingWeb service, web app, and console app development experienceSQLTSQL experience and knowledgeDemonstrated problem solving abilityAbility to work on multiple tasks and deliver results with aggressive timelinesAgile methodology experienceExcellent communication skillsBachelor's Degree in Computer Science, Software Engineering, Information Systems, or equivalent
Preferred Skills, Experience & Education
Architecture and engineering experience with billing, payment processing, andor financial systemsExperience with continuous integration and automated deploymentExperience with Entity Framework, Linq, RabbitMQ, Docker Containers, JIRA, Splunk preferredExperience with these models and processes: Source Control & Release Management, Domain Driven Development, Micro-Services Architecture, Circuit Breaker Patterns, Web Services, Windows Services, Console Apps, Relational and Document-Based Databases
Learn about the Vivint Culture and why its a great place to grow your career!
Here are some highlighted perks you should ask us about:
Paid holidays and flexible paid time awayEmployeeFriendsFamily DiscountsMedicaldentalvisionlife coverage & 247 Medical Hotline401(k) + Employer MatchEmployee Resource Groups
Working Conditions
This job operates in a professional office environment. This role routinely uses standard office equipment such as computers, phones, photocopiers, filing cabinets and fax machines.
Safety
Vivint enforces a safety culture whereby all employees have the responsibility for continuously developing and maintaining a safe working environment. Each new employee is responsible for completing all training requirements. Additionally, the employee must accept they have responsibility for maintaining the safety of themselves, their co-workers, and the public. Employee must adhere to all written and verbal instructions, promptly report and correct all hazards or unsafe conditions, question non-standard operations or unmitigated hazards, and provide feedback to management on all safety issues.
If you are an active Vivint employee, please apply through Workday by searching ""Find Jobs"".","SummaryWireless communications engineer with experience in UMTS, LTE cellular technologies and working with OEMs for their
product launches. Experience in providing technical support for critical issues and coordinating with cross functional teams
during bring up phase for the latest chipsets in market.
HighlightsLTE, WCDMA, Wireless Networks,          Wireless Tools: QXDM, QCAT, QPST, QMITestPro,RF Engineering & Deployment          Agilent, CMW500, MAXPLAN, Proscout, MatlabLanguages: Python,C,Shell Script          OS: Windows, LINUX, UNIXSoftwares: SlickEdit, Eclipse, Oracle, Perforce, VIM,          Other: Salesforce, JIRA, PRISM, Perforce, IBMGDB          Clearcase, IBM Clearquest, Sharepoint
Experience01/2013toPresentSenior Software EngineerAmetek, Inc.–Binghamton,NY,Working with the UMTS/LTE customer engineering team and my work involves debugging WCDMA, LTE protocol
       issues that are reported by the OEMs and providing thorough analysis and resolutions
       Interacting closely with OEMs to ensure their devices are launched successfully in the market
       Primary expertise is on L1/L2/RRC and the interaction with non-access stratum layers and other technologies
       such as GSM and LTE for inter-RAT issues
       Contributed towards multiple successful product launches such as the Snapdragon 801, 505, 808, 810,821 chipsets.Designated point of contact for multiple modules in my team which requires collaborating cross functional teams
       Replicate field issues in the lab setup to find the root cause for critical issues and also prepare technical documentation
       Submitted an IDF proposal as part of a three member team, based on a solution that we proposed for a field issue
       Awarded multiple Qualstars which are given as an appreciation for individual contributions.09/2012to12/2012Telecom AnalystCostco Wholesale Corporation–Chicago,IL,Researched patents on wireless and networking topics to verify existence of relevant prior art for a submitted patent
       Utilized my expertise to provide technical advice on critical prior art for patents in contention.05/2011to08/2011Engineering InternForterra, Inc.–Shawnee,KS,Designed and developed a web portal based on RESTful web services which uses spring framework
       Practiced agile software development methodology & test driven development methodology
       Programmed APIs to add, modify, delete and authorize mobile devices assigned to user eligible for video services.09/2008to07/2010Software EngineerAutodesk Inc.–Ohio,,IndiaWorked on development of multiple modules of a billing & charging solutions product for a client called Comverse
      Performed additional tasks such as software testing, software deployment & technical documentation
      Took ownership of various modules, performed software installations and practiced server management techniques
      Awarded the Best Performer Award and also the Team Award for Excellence.
EducationExpected in2012totoMASTER OF SCIENCE:TELECOMMUNICATION AND MANAGEMENTJames Clark School of Engineering, University of Maryland-College Park,MDGPA:TELECOMMUNICATION AND MANAGEMENT 6 Director of Student Affairs for the Telecommunication Student and Alumni Network (TSAN)Expected intotoAdvanced Wireless Communication (CDMA2000, LTE, WCDMA), Wireless OFDM Technologies, PCS/AWS
      Implementation, Design & Analysis of Communication Networks (using OPNET), Optimization and Analysis of GSM
      Networks (Drive Testing):-,GPA:Expected in2008totoBACHELOR OF SCIENCE:TELECOMMUNICATIONS-,GPA:Expected intotoM.S:Ramaiah Institute of Technology, Visveswaraiah Technological University-Bangalore,GPA:Secured First Class with Distinction
Skillsagile, art, billing, C, Clearcase, client, debugging, Eclipse, functional, GSM, IBM, LINUX, market, Matlab, access, Sharepoint, Windows, 2000, networking, Networks, OS, Optimization, Oracle, PRISM, proposal, Python, Shell Script, software development, software testing, technical documentation, UMTS, UNIX, video, web portal","SummaryExperienced Tableau Engineer with critical analytical& statistical knowledge in developing Tableau Dash Boards, Performance Tune and prepare insightful Tableau reports. Built and published customized interactive reports, dashboards, and report scheduling. In-depth knowledge on Tableau Desktop, Tableau Reader and Tableau Server. Extensive Tableau Experience in Enterprise Environment and Tableau Administrator experience including technical support, troubleshooting, report design and monitoring of system usage. Performed data audits, data profiling activities, providing strategic data to BI teams. Familiar with Installation, Configuration and administration of Tableau Server in a multi-server and multi-tier environment. Working knowledge in Windows Servers, API, Network technologies with Active Directory, SAML for authentication. Strong knowledge in SQL, PL/SQL, XML, Python programming and understanding of Data modeling (Dimensional & Relational) concepts Experience in Tableau Administration Tool for Configuration, adding users, managing licenses and data connections, scheduling tasks, embedding views by integrating with other platforms like SharePoint. Involved in Trouble Shooting, Performance tuning of reports, tuning long running SQL and PL/SQL queries for better performance and resolving issues. Involved in Trouble Shooting, Performance tuning of reports and resolving issues within Tableau Server and Reports. Involved in upgrading Tableau platforms in clustered environment and performing content upgrades. Strong understanding of advanced Tableau features including calculated fields, parameters, table calculations, row-level security, R integration, joins, data blending, and dashboard actions. Expertise with data architecture, data interoperability and data analytics using Tableau and SQLs Experience in different project methodologies - Waterfall, and Agile/SCRUM Self-starter with ability to motivate teamwork and lead competently in diverse groups. Decision making ability to make sound Engineering, Management judgment. Innate problem solver, able to intellectually articulate business problems, identify critical problems, and achieve targeted results Worked closely with ETL developers and stakeholders to assist them with their agile development life cycle. Excellent Software Development Life Cycle (SDLC) with good working knowledge of testing methodologies, disciplines, tasks, resources and scheduling. Excellent knowledge in Data Analysis, Data Validation, Data Cleansing, Data Verification and identifying data mismatch. Very proficient in working with large Databases in DB2, Oracle, Teradata and SQL Server. Experience in data modeling with high proficiency in using Erwin for Dimensional Modeling (Star and Snowflake schemas). Strong understanding of Data warehouse concepts, ETL, Star Schema, Snowflake, data modeling experience using. Experience in data modeling with high proficiency in using Erwin for Dimensional Modeling (Star and Snowflake schemas). Normalization, Business Process Analysis, Reengineering, Dimensional Data modeling, FACT and dimensions tables, physical and logical data modeling.
HighlightsBI Tools				: TableauETL Tools          : Informatica, Data Stage, Microsoft SQL Server Integrated ServicesRequirements Management      	: Requisite Pro, Microsoft Office (Word, PowerPoint   Excel)Change Management          : HP Open View, CA Service Manager, Lotus Notesamp; Service ManagementFront End Tools          : Microsoft Project, Microsoft Office, Visible AnalystDatabases          : Oracle 9i, SQL Server, DB2, Sybase, Teradata, MS AccessetcDocument management          : Visual Source Safe 6.0, Share point, Ultra Edit, DocumentumDefect management tool          : HP Quality center 10.0Programming Languages          : C, C++, HTML, SQL, PL/SQL, XML, Python, C#Data modeling          : ERwin, ER Studio, MS Visio Reviewed basic SQL queries and edited inner, left, and right joins in Tableau Desktop by connecting live/dynamic and static datasets.Prepared several analytical reports comprised of different data modeling techniques such as time series analysis, financial modeling, and trend mapping and supported in MATLAB programmingCollecting data, text standardization and performing text mining using different python libraries to create clusters and classify to compare the results and improve search of the platformEnvironments: SQL/PL-SQL, ETL, Oracle, Windows Server, VMware, Active Directory, Virtualization, Linux, Systems Engineering, Servers, Cisco Systems Products, Microsoft Exchange, MS Office Suite, MS Visio, HTML, MS Access, MS SQL, JavaScript, HTML/HTML5, CSS3, DOM, XHTML, AJAX and jQuery, Bootstrap, AngularJS, SQL Server, SSIS 2008, SSRS 2008, DB2, T-SQL, Oracle and SSMS, Asp.Net, C#, J-Query, MATLAB, Cognos 8.4,10.1 connection MS Office Suite, MS Visio, HTML, UML, C++, Java, MS Visual Basic, VB Script, Test Director, Client Server, Windows XP, MS Access, MS SQL, .NET, Agile, SOA
Experience01/1toPresentTableau Developer /Data AnalystAlteryx Inc.|,OR,Develop various Tableau dashboards and analytical reports and solutions for marketing efforts on medical products and business groups, using Calculations, Filters, Parameters and complex statistical analytics features of Tableau.Work on technical strategy, provided hardware and software configuration, understood client-wide BI implementation project, design and develop visualizations as per requested by CEO and CFO Adjust views/dashboards after initial POC presentation to CEO and CFO.Create views and dashboards on end client's sales data.Produce powerful dashboards using pie, bar, geo, and line charts that are viewed daily by CEO and CFO.Developed and modified database procedures, functions, packages to enhance and improve functionality using PL/SQL.Design and development of Tableau software applications to support reporting and Business Intelligence initiatives, using data analytics, visualization, reporting using OLAP (Online Analytical Processing), data mining, SQL, UNIX, Linux, and Java portal technologies; Perform Tableau Server admin duties; add users/groups from Active Directory; and schedule instances in Tableau Server including weekly data dump.Design and develop workbooks, global filter page, and complex parameters based calculations.Create action filters, parameters and calculate sets for preparing dashboards and worksheets in Tableau Access and transform massive campaign datasets through filtering, grouping, aggregation, and statistical calculation.Develop Tableau workbooks from multiple data sources using Data Blending.Work with team of developers to design and develop BI solutions on various marketing and campaign KPIs.Responsible for the design and development of data warehouse, analytics and visualization to meet the big data needs of various products and businesses.Design and deploy rich Graphic visualizations with drill down, and drop down and parameters from ERP databases and complex Dashboard and Storyboard Attributes, Hierarchies, Transformations, Filters, Prompts, Calculated fields, Sets, Groups.Created, organized and formatted reports, folders and other contents on Cognos Connection portal.Involved in migration of Cognos adhoc reports to Tableau workbooks.Converted business requirements into technical specification and design for Reporting Database/data mart, and Adhoc/standard reporting using Cognos 8BI.Perform query search via SQL knowledge and understanding of Data modeling (Dimensional & Relational) concepts Design different front-end forms & dynamic pages using CSS, HTML & given functionality with JavaScript, HTML5, CSS, JavaScript, JQuery, Angular.js Environments: Tableau Server, Tableau Desktop, Agile/Linux, HTML5, CSS, JavaScript, JQuery, Angular.js, Java Portal, PL/SQL, Windows Server, Oracle 10g/9i, Sybase, Crystal XI, Info view, CMS, CMC, Excel, JAVA SCRIPT, J2EE,PL/SQL, Tomcat, MS Visio, MS SQL, Teradata, IBM Cognos 8.4,10.1 connection.01/1to01/1Sr. BI Consultant/ Tableau DeveloperGalaxy Solutions|,CT,Created and assisted users in Tableau dashboard development.Created views in Tableau Desktop that were published to internal team for review and further data analysis and customization using filters, Trend Lines, Statistics, and Log Axes.Groups, hierarchies, Sets to create detail level summary report and Dashboard using KPI's.Developed and designed User Interface using JavaScript, HTML/HTML5, CSS3, HTML5, jQuery, SASS, and AngularJS Performed relational database design and normalization, client-server development, OLAP analysis using pivot charts Migrated Cognos dashboards to Tableau showing Year over Year comparison of different key metrics, Premiums Vs Losses, IBNR etc.Developed Cognos Reports in compliance with user reporting standards Created Tableau extract files for improving the performance.Implemented various Validation Controls for form validation and implemented custom validation controls with JavaScript validation controls.Wrote DDL or DML SQL commands, visualizations in Tableau, to improve data quality, analyzed complex data systems and document data elements, data flow, relationships and dependencies describing what/how/where/why data is stored and how to access the data.Created SSIS packages using C# scripting, script components and script tasks for various Control Flow Tasks and Data flow.Worked with DBAs in order to schedule SSIS packages as jobs either daily, weekly, monthly.Wrote complex PL/SQL queries and designed SSIS packages to load the data into warehouse.Use various SSIS transformations such as Conditional Split, Derived Column etc., which did Data Scrubbing, including data validation checks during Staging, before loading the data into the Data warehouse.Developed complex SQL scripts for Teradata database for creating BI layer on DW for tableau reporting.Created the test environment for Staging area, loading the Staging area with data from multiple sources.01/1to01/1Business Intelligence Analyst|City,STATE,Involved in upgrading Tableau platforms in clustered environment and performing content upgrades.Prepared Tableau dashboards using advanced features including calculated fields, parameters, table calculations, row-level security, R integration, joins, data blending, and dashboard actions.Created detailed technical design documents.Created Data Model for interface.Performed Logical and Physical data modeling within Tableau Server Experienced in Tableau Server Infrastructure: Installation & configuration of Tableau Server in clustered environment and REST API implementation.Involved in the production support and enhancement of the Sharepoint databases.Redesigned standards and procedures and bills of material tables.Created data maps using Informatica Power Exchange 5.1.2.Extensively used lookup, Expression, Aggregator, Normalizer transformation Performed Informatica code reviews.Created ETL design for real time data processing.Designed and implemented Informatica maps, workflows, schedules and scripts.Implemented mapping level data auditing and error handling, source to target mapping.Performed performance tuning of Informatica mappings and databases Involved in upgrading Tableau platforms in clustered environment and performing content upgrades.Wrote stored procedures/Triggers/Views in SQL server and Oracle Developed implementation plans for the SAP modules PP and PP-PI.Implemented Material Variant, Object dependencies, Variant Table, Functions, Variant Pricing, Order BOM and also managed implementation of PP and PP-PI design on SAP 4.7C release Experience in designing Business View Manager, Business Objects universes, complex Crystal and BO reports both Full and Thin Client Reports.Developed reports using Business Objects Web Intelligence to cater Ad-hoc reporting needs.Created reports using Business Objects functionalities like Queries, Drill Down, Cross Tab, Master Detail and Formulae's.Used SQL Server Integrations Services (SSIS) to extract data (ETL), and quickly load data into SQL Server table, and handle data quality issues.Used SQL Server Reporting Services (SSRS) - Reporting Services Components and Business Intelligence Development Studio (BIDS) in order to design and develop reports.Worked in Windows Servers, API, Network technologies with Active Directory, SAML for authentication Environments: SAP BW/BO, SAP Business Objects XI R2 SP2,XIR 3.1 SP3, Designer, Infoview, Web Intelligence, Data Stage 8.1,Sql, PL/SQL, SQL server 2008, Xcelsius 2008,Live Office, Oracle 10g, Windows Server 2003,Clear Case,Clear Quest.MS Excel, MS SQL Server 2008/12 R2, Win Server 2008 R2, Active Directory, Oracle, Windows Server, VMware, Virtualization, Linux, Systems Engineering, Servers, Cisco Systems Products, VMware ESX, Microsoft Exchange, MS Office Suite, MS Visio, HTML, MS Access, JavaScript, HTML/HTML5, CSS3, DOM, XHTML, AJAX and jQuery, Bootstrap, SASS, AngularJS.08/2016to11/2016Business AnalystNA|City,STATE,Worked as a Data Analyst/ Business System Analyst and assisted the project manager in defining the Scope, Best Practices, Schedule, Business Change Management, and Develop Feasibility Study Report for Preliminary Study of the Project and Budget of the Project.Assisted the team members with documentations like Business Requirement Document and Use Case Specification Document by using DOORs, and Best Practice initiatives.Assisted in Data Analysis by Data Mapping then worked with the design team in the designing of the Databases with extensive use of ERDs for Data Validation, Data Modeling, Data Migration, Reference Data Analysis, and Data Conversion.Designed and developed Use Case Diagrams, Activity Diagrams and Sequence Diagrams by using MS Visio.Created a Decision Support System via Dimensional Modeling by ensuring appropriate FACTS tables, DIMENSIONS tables, attributes, and entities in order to generate MEASURES as required in Data Warehousing (EDW) and Data Migration by business users.Resource monitoring and repository Audit reporting.Worked on Backup and restoration.
EducationExpected intotoBachelor of Science|Chemical EngineeringOklahoma State University,Stillwater,OklahomaGPA:Chemical Engineering
Skills.NET, Asp.Net, Active Directory, Ad, Agile, AJAX, Analyst, API, Audit reporting, auditing, Backup, basic, big data, Budget, BI, Business Intelligence, Business Objects, C, C++, Change Management, charts, Cisco, Client Server, client-server, CMS, Cognos 8.4, Cognos, CA, hardware, content, Crystal, CSS, CSS3, Client, Data Analyst, Data Analysis, Data Conversion, data processing, Data Migration, data mining, Data Modeling, Data Validation, data warehouse, Databases, Database, Data Stage 8.1, Data Warehousing, Decision Support, designing, DIMENSIONS, DML, Document management, Documentum, DOM, DOORs, Edit, ERP, ERwin, ETL, XML, Feasibility Study, features, financial modeling, forms, Graphic, HP, Open View, HTML, HTML5, IBM, DB2, Informatica, J2EE, Java, JavaScript, JAVA SCRIPT, JQuery, J-Query, Linux, Lotus Notes, marketing, MATLAB, Access, MS Access, C#, MS Excel, Excel, Exchange 5.1.2, Microsoft Exchange, Microsoft Office, MS Office Suite, Office, PowerPoint, PP, Microsoft Project, Sharepoint, Share point, Win, Windows, 3.1, Windows XP, Word, migration, Modeling, Network, OLAP, Oracle 9, Oracle, PL-SQL, PL/SQL, page, Pricing, Programming, Python, Quality, Quest, real time, relational database design, reporting, Requirement, sales, SAP BW, SAP, SAP 4.7, Servers, scripting, scripts, script, Visual Source Safe 6.0, Specification, Sql, MS SQL Server, MS SQL, Microsoft SQL Server, SQL Server, Statistics, strategy, Sybase, System Analyst, Systems Engineering, Tableau, tables, Teradata, Test Director, Tomcat, T-SQL, Trend, UML, UNIX, upgrades, upgrading, User Interface, Validation, VB Script, View, Visio, MS Visual Basic, Web Intelligence, Windows Server, XHTML"
"Note: By applying to this position you will have an opportunity to share your preferred working location from the following: Sunnyvale, CA, USA; Raleigh, NC, USA; Durham, NC, USA.Minimum qualifications:

Bachelor's degree in Computer Science, Electrical Engineering, or equivalent practical experience.2 years of experience with software development in C, C++, or Linux, or 1 year with an advanced degree.2 years of experience with hardware design, and data structures or algorithms.2 years of experience developing computestorage systems, software systems, or networks.

Preferred qualifications:

Master's degree or PhD in Computer Engineering, Electrical Engineering, or Computer Science.Experience with distributed systems, OSkernel, network system design, and large-scale storage systems.Experience with non-x86 microarchitectures including low level performance analysis.Experience with interfacing to industry-standard HDL simulators, such as Register Transfer Level code in Verilog.Experience in Python and good understanding of Object Oriented Programming and Functional Programming.Experience with silicon architecture and design with the ability to root cause performance bottlenecks in consumer devices.

About The Job

Google's software engineers develop the next-generation technologies that change how billions of users connect, explore, and interact with information and one another. Our products need to handle information at massive scale, and extend well beyond web search. We're looking for engineers who bring fresh ideas from all areas, including information retrieval, distributed computing, large-scale system design, networking and data storage, security, artificial intelligence, natural language processing, UI design and mobile; the list goes on and is growing every day. As a software engineer, you will work on a specific project critical to Googles needs with opportunities to switch teams and projects as you and our fast-paced business grow and evolve. We need our engineers to be versatile, display leadership qualities and be enthusiastic to take on new problems across the full-stack as we continue to push technology forward.

With your technical expertise you will manage project priorities, deadlines, and deliverables. You will design, develop, test, deploy, maintain, and enhance software solutions.

In this role, you will help solve complex problems including hardware acceleration, performance bottlenecks, computer architecture, automation, and machine learning. You will perform research, design, and development for the hardware, software, and networking technologies that power all of Google's products and services.

Behind everything our users see online is the architecture built by the Technical Infrastructure team to keep it running. From developing and maintaining our data centers to building the next generation of Google platforms, we make Google's product portfolio possible. We're proud to be our engineers' engineers and love voiding warranties by taking things apart so we can rebuild them. We keep our networks up and running, ensuring our users have the best and fastest experience possible.

The US base salary range for this full-time position is $133,000-$194,000 + bonus + equity + benefits. Our salary ranges are determined by role, level, and location. The range displayed on each job posting reflects the minimum and maximum target for new hire salaries for the position across all US locations. Within the range, individual pay is determined by work location and additional factors, including job-related skills, experience, and relevant education or training. Your recruiter can share more about the specific salary range for your preferred location during the hiring process.

Please note that the compensation details listed in US role postings reflect the base salary only, and do not include bonus, equity, or benefits. Learn more about benefits at Google .

Responsibilities

Design, develop, test, deploy, maintain, and improve software. Manage individual project priorities, deadlines, and deliverables.Provide end-to-end performance analysis for deployed platforms.Inform direction for research where engineering gaps are identified that merit improved solutions.

Google is proud to be an equal opportunity workplace and is an affirmative action employer. We are committed to equal employment opportunity regardless of race, color, ancestry, religion, sex, national origin, sexual orientation, age, citizenship, marital status, disability, gender identity or Veteran status. We also consider qualified applicants regardless of criminal histories, consistent with legal requirements. See also Google's EEO Policy and EEO is the Law. If you have a disability or special need that requires accommodation, please let us know by completing our Accommodations for Applicants form .","Professional SummaryWith the attitude of learning I am looking for an internship from summer 2017 to gain as much as knowledge as I can and contribute to the organizations success.
Core QualificationsC, C++, C#, SQL pl/sqlOperating Systems: Windows, Linux, unixHDL/HVL: Verilog, SystemVerilogScripting Language: Unix Shell Scripting, PERL, Python, TCLSoftware proficiency: Cadence (Layout, Virtuoso, Spectre),  Synopsys(DC Compiler), Modelsim, Questasim, TFS for version controller, Microsoft sql server 2012, Visual studio 2008
ExperienceSoftware Engineer,12/2015-08/2016Torch Technologies, Inc.–Corpus Christi,TX,IndiaAnalyze internal processes and recommend and implement procedural changes to improve operations in database.Analyze the requirement and make the necessary changes in the existing modules.Support and maintenance of the specific module.System Engineer,04/2013-12/2015Apex Systems–Minnetonka,MN,IndiaWorked in SDLC and Agile framework made me flexible in working as and when required Consistent performance and ownership of the task while maintaining of the module in Data ware house project.Interacting with clients (UK United Biscuits, Canada TD bank, ING bank Singapore) during analysis, development & implementation phase gave me a global exposure of interacting with the people across different regions of world.Understanding the requirement of the customers while providing customer support and testing of functional and technical queries, request, requirements and modifications.Conducted training sessions to train juniors for the same technology.Achievements Customer Satisfaction Index for the project increased from 82.7% to 97.8% in the duration of 6 months for the consistent performance and various suggestions and effective solutions being provided for the improvement of the system.Received an appreciation from VP of TD bank Mr.Barkla for a successful delivery of the compliance project within the Time lines.On the spot award"" for leading and managing event for the account (TCS).Safety Champion of Women safety initiative in the organization for 2015.I was leading a team of 10-15 people for a year in which I was interacting with various employees in the office, explaining them the significance of ergonomics, suggested exercises and also encouraging them to practice the same.Received All India Mahindra talent scholarship in the year of Aug-2006 for securing 85.73% JRD TATA scholarship in the year of Sept-2009 of for the accomplishment of 84.12% in the diploma.
EducationMasters:Electrical & Computer Engineering,Expected inFall 2016-PORTLAND STATE UNIVERSITY-,OregonGPA:Status-Electrical & Computer Engineering 4.0Digital IC and Design(ECE 525) Ahsan
*ASIC Design Modelling & Synthesis (ECE581) Xiaoyu Song 
*Verilog Workshop (ECE 510 )Roy Kravitz.:,Expected in--,GPA:Status-Microprocessor System Design (ECE585) Mark Faust 
*Embedded Systems Design with FPGAs (ECE544) Hammerstrom
*Pre-silicon Functional Verification by Prof. Schubert:,Expected in-Mumbai University-,MHGPA:Status-Bachelor of Engineering:Electronics & Telecommunications,Expected inJuly 2012--,GPA:Status-Electronics & Telecommunications 67/100 Core Subjects: Digital logic design Digital communication Electronics devices and circuits I Analog digital IC design applications Electronics devices and circuits II Simulation of software workshop Microprocessor and micro-controllers I Microprocessor and micro-controllers IIDiploma:Electronics & communications,Expected inJuly 2009-MAHARASHTRA STATE BOARD OF TECHNICAL EDUCATION-Mumbai,MHGPA:Status-Electronics & communications Grade : 84.12/100 Core Subjects: Electronic components and devices Programming in C Digital techniques and microprocessor Micro-controllers Digital communication Embedded systems
SkillsAgile, ASIC, C, C++, Cadence, controller, clients, Customer Satisfaction, customer support, database, DC, delivery, Electronics, Embedded Systems, ergonomics, Functional, Layout, Linux, logic, managing, Mark, Microprocessor, C#, office, 97, Windows, Operating Systems, pl/sql, PERL, processes, Programming, Python, requirement, Safety, SDLC, Scripting, Simulation, Microsoft sql server, SQL, System Design, TCL, unix, Unix Shell Scripting, Verilog, Visual studio","SummaryCapable Accountant successful at managing multiple projects and consistently meeting deadlines under pressure. Extensive knowledge of accounting software and processes.Insightful and self-directed with seven years of experience delivering quality. Employed critical thinking skills to examine issues and develop best practice solutions. Currently working towards becoming a CPA.
ExperienceSenior Accountant,09/2014-CurrentGraco Inc.–North Canton,OH,Founded in 2010, Panda Power Funds is a private equity
firm headquartered in Dallas, Texas, which has the ability to develop, acquire,
construct, finance and operate large-scale, natural gas-fueled power generation
facilities. PPF raised a $6 billion fund and operates 6  power plants throughout the United States.​Prepared financial statements for different projects on monthly, quarterly basisPrepared journal entries, account analyses, reconciliations and internal reporting in a four day financial closeReconciled sub-ledger to general ledger account balancesAssisting with budget preparation and preparing the monthly budget/forecast variance analysis to the P&LMaintained and reconciled fixed assets schedulesAssisted in writing accounting policies for the key accounting
processesAssisted in implementing EPICOR fixed assets module to replace
Excel depreciation schedulesDirectly responsible for coordinating and managing payroll for over 50 employees on bi-weekly basis including resolving problems and issues with the payroll manager ADP.Project Accountant,04/2013-09/2014Kimley-Horn And Associates, Inc.–Mechanicsburg,PA,Prepare monthly draw report for various projects - Brandywine, Liberty and Patriot.Monthly preparation of budget forecastingProvide support to project management monthly variance analysis for budget forecast.Prepare journal entries related to prepaid expenses, adjustments, accruals and inter-company transactions.Responsible for booking and reconciling the inventory, supplies, payroll and cash reconciliation.Align with corporate and operational initiatives with supporting financial and accounting documentationPrepare and reconcile monthly financial statements on timely basis.Responsible for all projects Accounts Payable process.Resolve vendor request on any discrepancy matters.Assist in month end closing and year end closeProcess ADP Payroll for Temple and Sherman O&M & backup payroll specialist for PGS.Staff Accountant,09/2010-03/2013Watermark Retirement Communities–Vacaville,CA,Maintained full accounting records for a multiple range of clients in the service, wholesale and retail industries.Computed taxes owed and prepared tax returns ensuring compliance with payment, reporting and other tax requirements.Responsible for preparing monthly financial statements for up to 30 corporations.Handled responsibilities of analyzing month end financial reports and performed account reconciliations.Comprehensive knowledge of General Ledger.Assisted in preparing IRS Forms 1120 and 1120S.Entered invoices and managed accounts payable ensuring the accuracy of financial statements.Performed the tasks of posting checks, tracking General Ledger accounts, and posting Journal entries.Prepared closing Journal entries at year-end.Ensured filing and compliance with Sales and Franchise Tax deadlines for over 50 clients.Analyzed, prepared and input Payroll data.Ensured compliance with all applicable state and federal wage and hour laws.Prepared weekly, monthly and quarterly payroll reports including 941, 940, TWC, W-2/W-3 &1099.Resolved issues for clients on daily basis.Established relationships with client personnel at different levelsAdministered online banking functions.Trained new staff on various different functions.
Education and TrainingMaster of Science:Accounting and Information Management,Expected in2012-University of Texas at Dallas- Naveen Jindal School of Management-,GPA:Status-Accounting and Information Management GPA: 3.7/4.0 Magna Cum Laude GraduateBachelor of Science:Accounting and Information Management,Expected in2010--,GPA:Status-Accounting and Information Management GPA: 3.8/4.0 Magna Cum Laude Graduate
SkillsAccount reconciliations, accounting software, accounts payable, Bank Reconciliations, filing, financial reports, Financial Statement Preparation, financial statements, Forecasting, General Ledger, General Ledger accounts, General Ledger Accounting, month end closing, Quick Books, Sales, tax returns, monthly variance analysis"
"Job Description
I am actively seeking an experienced Data Engineer to join an innovative SaaS company within the AI & AdTech space. The ideal candidate is passionate about data, is highly self-motivated, enjoys collaborative work environments, and has a seasoned background in software development.
Requirements
At least 8 years of professional engineering experience At least 5 years of hands-on data engineering experience with ScalaSpark At least 3 years of hands-on software development experience with Java & Spring for REST API development Highly proficient in designing, building, deploying, etc. new ETL data pipelines, databases, features and systems Expert level Spark knowledge Experience with Relational databases Cloud technology experience (AWS is highly preferred) B.S. or higher in Computer Science, or related field 
Bonus Points
Background working in a SaaS product based environment Experience andor exposure to the full software development life cycle (SDLC) of a product Lead andor mentorship experience 
This is a full time, direct hire position. The comp & benefits package includes a base, annual bonus, unlimited PTO, healthcare coverage, and much more!
This position is fully remote anywhere in the United States, except California.
Visa sponsorship is not available at this time**

","SummaryAn
accomplished professional with 8+ years (which includes 3 years as application
developer) of experience in business systems/data analytics, with in-depth
knowledge of business operations, analytics tools and data transformations.
Excellent problem solving skills with ability to think laterally for practical
solutions.
Areas of ExpertiseAGILE (Scrum) implementationsDesign, Gap & Risk AnalysisRegression AnalysisUser story & Use Case AnalysisTest Cases DesignQA Test automationSDLC implementationsData/Functional AnalysisData WarehousingObject Oriented ProgrammingData Mapping & AggregationBI Reporting and Analytics
SkillsProgramming Languages:SQL, PL-SQL, XML, C++, Java/J2EE, UML 2.0, VBA – Excel, SAS programmingTools/Technologies:ERWin, MS-Visio, SQL Developer 1.5.1, Toad, Teradata Client, Excel (Analytics),HP’s ALM,JIRA, SharePoint, JavaScript, JSP, Servlets, IBM’s RAD, EclipseDBMS:Oracle 10g, PostGreSQL, MySQL, MS-SQL, SQL Server, Teradata, Cassandra (No-SQL)BI& Reporting:Ab Initio, MicroStrategy, Informatica Analyst, Tableau Reporting 7.0, Cognos Reporting,SQL Server BI Integration (SSIS, SSRS), Big Data (HDFS)Business Domains:Retail Banking & Finance, Healthcare, e-Governance,Retail/e-commerce, Insurance
ExperienceSr. Data/Business Systems Analyst,05/2014-CurrentKoch Industries, Inc.–Malaga,NM,Improved development efforts by translating complex requirements to practical ETL implementations.Created easy-to-implement ETL code snippets for Ab-Initio that improved performance by over 20%.Reduced data-element-mapping (DEM) validation time by designing VBA-Excel based validation tools.Reduced UAT defects by 40% by creating SQL query components for advanced data analytics.Improved takeaways from JAD sessions by translating business requirements into actual workflows.Designed robust and extendable dimensional data models for data migration/reporting requirements.Created robust work-flow and data-flow diagrams to enhance takeaways from JAD sessions.Certified Scrum Master; worked to lead the agile transformation from waterfall based methodologies.Business Systems Analyst,11/2013-04/2014Corvel–Boston,MA,Improved complex CR (change request) implementation techniques by making requirements scalable.Expedited development efforts by 40% using segregation of ETL & report level implementations.Improved system design requirements by reverse-engineering SQL server stored procedures.Reduced requirements elicitation period by versioning of RTM (Requirements Traceability Matrix).Implemented V-model based mapping for correlating use cases of design with test case design in UAT.Data/Business Analyst,05/2012-10/2013Insuvi–Belleville,IL,Enhanced existing standalone application for entire SAP Global-IT using VBA-excel macros.Reduced cost of new application by over $100,000 usingTableaudashboards utility components.Optimized application design for a mobile app by developing 43 uses cases including prototypes.Increased accuracy of ERP based utilization forecasting apps by training teams to provide right inputs.Integrated client-side-scripting(CSS) based solutions for Jscript/HTML5 based mobile app development.Sr. Software Developer,01/2011-08/2011Noblis, Inc.–Arlington,VA,INDIACreated dynamic database models that are compatible with PostGreSQL, My-SQL & Oracle.Created scalable database schemas to reduce cost of redesigning based on changing requirements.Mentored team of 25 in database connectivity, query logic generation, SQL-stored procedures.Software Developer,04/2008-01/2011WIPRO Technologies–City,STATE,INDIADesigned and developed reusable Lean technical interfaces/implementations in JAVA/J2EE.Increased efficiency of JAVA/J2EE implementations by over 60% using PL/SQL stored procedures.Enhanced SDLC phases by fine-tuning AGILE methodologies from project level to module level.Excelled as specific-point-of-contact for customer to discuss impact of CRs, effort and cost estimates.
Education and TrainingMBA:Business Information Systems,Expected inApril 2013-University of Cincinnati-Cincinnati,OHGPA:Status-Course work includes: Operations Management, Project Management, Global Economics, Financial Economics, Statistical Decision Modelling, Leadership & Organization, Financial AccountingBachelor of Engineering:Computer Sciences,Expected inAugust 2007-Jawaharlal Nehru Technological University-Hyderabad,TelanganaGPA:Status-","SummaryOver 5 years of engineering and finance experience as a Data Developer with cross platform integration experience using Hadoop and Spark architecture Hands-on experience configuring as well as installing Hadoop Ecosystem - HDFS, MapReduce, Pig, Hive, Oozie, Flume, HBase, Spark, Sqoop, Flume and Oozie. Strong understanding of various Hadoop services, MapReduce and YARN architecture. Vast knowledge in importing as well as exporting data in HDFS using SQOOP. Automated transfer of data from Hbase by developing Map Reduce jobs Expertise in analysis using PIG, HIVE and MapReduce. Experience in HDFS data storage and support for running map-reduce jobs. Involved in Infrastructure set up and installation of HDP stack on Amazon Cloud. Experienced with ingesting data from RDBMS such as SQL Teradata into HDFS using Sqoop and Oracle. Expertise in Hadoop architecture, HDFS, Map-reduce, Oozie, Sqoop, Spark, Hive, Zookeeper and NoSQL databases. Deployed and configured clusters in Cloudera Manager. Set up backups and disaster recovery for Data Node and Name Node metadata as well as sensitive data on clusters. Expertise in im[plementing and designing HDFS access controls, directory and file permissions user authorization that facilitates stable, secure access for multiple users in a large multi-tenant cluster Knowledge on exporting as well as importing stream data into HDFS using Flume, Spark, and Kafka messaging systems. Utilized various schedulers on the Job tracker to share resources within clusters for Map Reduce jobs such as FIFO scheduler, Fair Scheduler and Capacity Scheduler. Monitored jobs with YARN, and provisioned, configured, and installed HBase, Kafka, Hive, Oozie, Sqoop, Ranger, Storm, Flume, Spark as well as maintained total architecture. AWS services for cloud migration such as S3, Redshift, EMR, Glue, Athena and DynamoDB. Expertise in Vertica DB architecture High Availability and column orientation. Great knowledge of Agile and Scrum methodologies, Behavior Driven Development, Domain Driven Design,Test Driven Development and continuous integration as well as delivery. Skilled in defining functional and gathering user interface requirements for applications and websites. Expertise in real time analysis by utilizing RDD, Datasets, Data Frames and Streaming API in Apache Spark. Expertise in using Spark Resilient distributed datasets and dataframe APIs over the Cloudera platform to perform analytics on Hive data by integrating Hadoop with Kafka. Expertise in uploading Click stream data from Kafka to HDFS. Expert in utilizing Kafka for messaging and publishing subscriber based messaging systems . Worked with NoSQL databases such as Cassandra, HBASE, PostgreSQL, MongoDB, Redis, DynamoDB
SkillsSQL transactional replicationsSAN technologiesReverse engineering skillsWarehouse modelsSecurity ProtocolsEnterprise information architectureQuality analysisDeep learningData miningData analyticsCritical thinking
ExperienceData Engineer,07/2021toCurrentPrincipal Financial Group–Pittsburgh,PA,*Analyze, design and build Modern data solutions using Azure PaaS service to support visualization of data.*Understand current Production state of application and determine the impact of new implementation on existing business processes.*Extract Transform and Load data from Sources Systems to Azure Data Storage services using a combination of Azure Data Factory, T-SQL, Spark SQL and U-SQL Azure Data Lake Analytics. Data Ingestion to one or more Azure Services - (Azure Data Lake, Azure Storage, Azure SQL, Azure DW) and processing the data in In Azure Databricks.*Created Pipelines in ADF using LinkedServices/Datasets/Pipeline/ to Extract, Transform and load data from different sources like Azure SQL, Blob storage, Azure SQL Data warehouse, write-back tool and backwards.*Developed Spark applications using Pyspark andSpark-SQL for data extraction, transformation andaggregation from multiple file formats for analyzing & transforming the data to uncover insights into thecustomer usage patterns.*Responsible for estimating the cluster size, monitoringand troubleshooting of the Spark databricks cluster.*Experienced in performance tuning of SparkApplications for setting right Batch Interval time,correct level of Parallelism and memory tuning.Adept in troubleshooting and identifying current issues and providing effective solutions.Managed performance monitoring and tuning while identifying and repairing issues within database realm.Contributed to maintaining[Type]databases in conjunction with data development and software engineering teams.Assisted solution providers with definition and implementation of technical and business strategies.Collaborated with solution architects to define database and analytics engagement strategies for operational territories and key accounts.Data Engineer,07/2020to06/2022Principal Financial Group–Portland,OR,Worked on MongoDB by using CRUD (Create, Read, Update and Delete), Indexing, Replication, and Sharding featuresInvolved in designing the row key in HBase to store Text and JSON as key values in the HBase table and designed row key in such a way to get/scan it in sorted orderOozie was integrated with the Hadoop stack which consists of Map-Reduce, Hive, Sqoop, and Pig and Unix shell scriptsWhile working on Hive tables used Hive QL, designed and Implemented Partitioning(Static, Dynamic) Buckets on HivePerformed Cache and Persist as well as Checkpointing when utilizing Spark Streaming APIs to build common learning data models to get near real-time data from Kafka and persisted into CassandraConducted cluster coordination services with Zookeeper and monitored the workload, capacity planning and job performance through Cloudera ManagerBuilt applications by utilizing Maven and integrated with Continuous Integration servers such as Jenkins to build jobsDeployed, maintained, and configured Test and multi-node Dev Kafka Clusters as well as handled clusters and implemented data ingestion for real time processing in KafkaCreated cubes in Talend for various aggregation types of data from PostgreSQL and MS SQL server to visualize dataMonitored Name Node health status in Hadoop as well as the number of Data Nodes and Task trackers running along with automating jobs to pull data from various MySQL data sources to push result set data to HDFSCreated story telling dashboards through Tableau Desktop to publish on Tableau Server and integrated GitHub for version control tools to maintain the versions in projectsDeployed Spark applications in python and utilized Datasets and DataFrames in Spark SQL for processing data fasterLoaded transactional data with Sqoop from Teradata, created managed and external tables in Hive, and worked with semi-structured and structured data of 5 Petabytes in sizeConstructed MapReduce jobs to validate, clean, and access data and worked with Sqoop jobs with incremental load to populate and load into Hive External tablesDesigned strategies to optimize distribution of weblog data over clusters, in addition to exporting and importing stored web log data into Hive and HDFS through SqoopResponsibilities of building scalable data solutions that are distributed through Hadoop and Cloudera as well as developed and designed automated test scripts in PythonIntegrated Apache Storm with Kafka to perform web analytics and to perform clickstream data from Kafka to HDFSDeveloped SQL scripts and designed solutions to implement Spark with Hive Generic UDFs for incorporating business logic within Hive queriesDeveloped data pipelines in AWS using S3, EMR, Redshift to extract data from weblogs to store into HDFSTransmitted streaming data from Kafka to HBase, Hive, and HDFS by integrating Apache Storm and wrote Pig scripts for transforming raw data from various data sources to form baseline dataParticipated in Agile meetings Ford Credit Customer Data domain, conducted daily scrum meetings and spring planningExpanded and optimized data pipelines and architecture as well as optimized data flow and collectionCreated pipelines from scratch using PySpark and scheduled jobs using AirflowStream processed data in Kafka streaming wrote Producer, Consumer, Connector and Streams API to handle stream of records, subscription of topics, consume input, and build reusable producers and consumersWorked with unstructured datasets such as IoT sources, sensor data, XML and JSON document sourcesWorked with on prem clusters as well as clusters on the cloud and used GCP Big Query, Data Fusion, and DataFlowScaled up architecture with Google Kubernetes and set up load balancingWorked on various optimization techniques in Spark such as cache and persist, using accumulators , bucketing and partitioning, garbage collection tuning, data serialization, windowing functions, and broadcast variablesUsed numerous Spark transformations such as groupByKey()/reduceByKey(), flatMap(), filter(), sample(), union(), etcUtilized Dataproc to spin up clusters, Dataprep for data analysis, and Dataflow for streaming data using Apache BeamDealt with VPC controls on Google Cloud Platform and CMEK encryption for data securityEnvironment: Hadoop, HDFS, HBase, Spark(Python and Scala), Azure, Databricks, Scala, Hive, Kafka, MapReduce, Sqoop, ETL, Java, Python, PostgreSQL, SQL Server, Teradata, Unix/Linux.Big Data Developer,05/2017to05/2020Cognizant Technology Solutions–Mount Laurel,NJ,Performed query tuning in HiveQL as well as performance tuning transformations in Pyspark using Spark RDDs and PythonUsed lambda functions to create a Serverless Data intake pipeline on AWSUsing python, constructed a Spark Streaming pipeline to receive real-time data from Apache Kafka and store it in DynamoDBImplemented Apache Spark data processing module to handle data from multiple RDBMS and Streaming sources, then compiled Apache Spark applications using Scala and PythonExtensive experience designing and scheduling multiple Spark Streaming / batch Jobs in Python (pyspark) and ScalaAchieved high-throughput, scalable, fault-tolerant stream processing of live data streams using Apache Spark StreamingInvolved with the use for creating and saving data frames using various Python modules with pysparkSqooped data and performed Hive queries for data ingestion from relational databases to analyze historical dataExperienced with Elastic MapReduce (EMR) as well as setting up environments on amazon AWS EC2 instances for pipelines in AWSExpertise in handling Hive queries using Spark SQL such as window functions and aggregationsRan Spark applications on Docker using EMR and used AWS Glue data catalog as the metastore in Spark SQLConfigured different File Formats like Avro, parquet for HIVE querying and processing based on business logicUtilized Sequence files, RC files, Map side joins, bucketing, partitioning for Hive performance enhancement and storage improvementImplemented Hive UDF to implement business logic and performed extensive data validation using HiveInvolved in loading the structured and semi structured data into spark clusters using Spark SQL and Data Frames APIUtilized AWS CloudWatch to monitor the performance environment instances for operational and performance metrics during load testingScripting Hadoop package installation and configuration to support fully automated deploymentsInvolved in chef-infra maintenance including backup/security fix on Chef ServerDeployed application updates using JenkinsInstalled, configured, and managed JenkinsTriggering the SIT environment build of the client remotely through JenkinsDeployed and configured Git repositories with branching, forks, tagging, and notificationsWorked on MongoDB database concepts such as locking, transactions, indexes, Shading, replication, schema designViewing the selected issues of web interface using SonarQubeDeveloped a fully functional login page for the company's user facing website with complete UI and validationsInstalled, Configured and utilized AppDynamics (Tremendous Performance Management Tool) in the whole JBoss Environment (Prod and Non-Prod)Installed and installed Hive in a Hadoop cluster and assisted business users/application teams in fine-tuning their HIVE QL for optimal performance and efficient use of cluster resourcesUtilized Oozie workflow for ETL Process for critical data feeds across the platformConfigured Ethernet bonding for all Nodes to double the network bandwidthConfigured Kerberos Security Authentication protocol for existing clustersConstructed the use of Zookeeper failover controller (ZKFC) and Quorum Journal nodes for high availability for significant production clusters and automatic failover controller createdInstallation and deployment of many Apache Hadoop nodes on an AWS EC2 system, as well as development of Pig Latin scripts to replace the old traditional process with Hadoop, and data feeding to AWS S3Experience with AWS CloudFront, including the creation and management of distributions that provide access to an S3 bucket or an HTTP server running on EC2 instancesDeveloped Python scripts, UDFs using both Data frames/SQL and RDD/MapReduce in Spark 1.6 for Data Aggregation, queries and writing data back into OLTP system through Sqoop; And Developed enterprise application using PythonConstructed Spark application performance optimization, including determining the appropriate Batch Interval time, Parallelism Level, and Memory TuningExperience and hands-on knowledge in Akka and LIFT FrameworkUsed PostgreSQL and No-SQL database and integrated with Hadoop to develop datasets on HDFSEnvironment: HDFS, Map Reduce, Hive 1.1.0, Kafka, Hue 3.9.0, Pig, Flume, Oozie, Sqoop, Apache Hadoop 2.6, Spark, SOLR, Storm, Cloudera Manager, Red Hat, MySQL, Prometheus, Docker, Puppet, YARN,, Spark-SQL, Python, Amazon AWS, Elastic Search, Tableau, LinuxKey Skills: SQL, Apache hive, Apache Spark(Databricks, Jupyter Notebook), Anaconda, Python (Django, Pandas, Flask, Keras, NumPy, Scikit-learn, MatPlotLib, Tensorflow, ), Time Series Forecasting, A/B testing, Bayesian methods, PowerBI, Microsoft(Word, Excel, Powerpoint), Java, Data Visualization, Analytical Skills, Cost Accounting, Corporate Finance Knowledge, Statistical Analysis(RStudio)
Education and TrainingBachelor’s:Computer Science,Expected intoUttara Institute of Business and Technology-,GPA:"
"At Lyft, our mission is to improve peoples lives with the worlds best transportation. To do this, we start with our own community by creating an open, inclusive, and diverse organization.
The Real Time Supply Management team at Lyft is responsible for managing our suite of real time driver earnings products, driving top business goals around financial metrics and marketplace performance. The team develops and improves algorithms to automate the management of our real time earnings products, develops new earnings products, and manages financial performance of these products to manage the growth of the business.
We are looking for an analyst to join the team that is responsible for working with cross-functional stakeholders to analyze and improve existing earnings products, financial levers leveraged in marketplace strategy. You will influence existing and future strategy with your data analysis, insights, and visualization to deliver strategic recommendations on experimentation and product improvements. Were looking for a data & process-driven individual who has extraordinary attention to detail and a track record of analytical problem-solving.
Responsibilities:
Support marketplace operations to provide world-class analysis, forecasting and reporting to stakeholders.Become an expert in marketplace trends and support weekly reporting structures for the Rideshare organization.Develop domain-specific subject matter expertise in our lever portfolio and support cross-functional initiatives to improve existing products and develop new ones.Analyze marketplace product & financial levers and provide cross-functional teams with actionable insights on improvements and problem areas.Operate within Rideshare decision-making frameworks with a critical lens, evaluating areas of improvement and business growth opportunities.Prepare regular business reviews for leadership, highlighting key areas of focus.Work with stakeholders and other teams to track, report, and reconcile budget allocation across marketplace programs.Analyze data, conduct research and synthesize feedback into plans, processes and playbooks.
Experience:
2-5 years of experience in a high growth environment in data andor financial analytics.Very strong attention to detail, experience developing processes to remove human error.Proficient in SQL and quantitative analysis, you can deep dive into large amounts of data, draw meaningful insights, dissect business issues and draw actionable conclusions.Outcome-driven approach to developing recommendations and demonstrated ability to develop a story and execution plan to support our goals and objectives.Exceptional communication (listening, written, and oral) skills with the ability to present findings and recommendations targeted to the audience in question.A drive to understand the core issues along with the determination to uncover the solution.Excels at dealing with ambiguity and change management.
Benefits:
Great medical, dental, and vision insurance optionsMental health benefitsFamily building benefitsIn addition to 12 observed holidays, salaried team members have unlimited paid time off, hourly team members have 15 days paid time off401(k) plan to help save for your future18 weeks of paid parental leave. Biological, adoptive, and foster parents are all eligiblePre-tax commuter benefitsLyft Pink - Lyft team members get an exclusive opportunity to test new benefits of our Ridership Program
Lyft is an equal opportunityaffirmative action employer committed to an inclusive and diverse workplace. All qualified applicants will receive consideration for employment without regards to race, color, religion, sex, sexual orientation, gender identity, national origin, disability status, protected veteran status or any other basis prohibited by law. We also consider qualified applicants with criminal histories consistent with applicable federal, state and local law. 
Starting in September 2023, this role will be in-office on a hybrid schedule  Team Members will be expected to work in the office 3 days per week on Mondays, Thursdays and a team-specific third day. Additionally, hybrid roles have the flexibility to work from anywhere for up to 4 weeks per year.
The expected range of pay for this position in the San Francisco area is $128,000 - $142,000. Salary ranges are dependent on a variety of factors, including qualifications, experience and geographic location. Range is not inclusive of potential equity offering, bonus or benefits. Your recruiter can share more information about the salary range specific to your working location and other factors during the hiring process.","Professional SummaryExperienced Data Analyst committed to maintaining cutting edge technical skills and up-to-date industry knowledge.
SkillsPython and R  proficientTableau, Power BISQL, MySQL, HadoopMicrosoft Excel proficientExcellent communication skillsPhotoshop, SharePoint, Adobe Creative  SuiteHTML5, CSS3, JavaScriptJava, AndroidExcellent problem-solving abilities
Work History01/2018toPresentData Analyst–Long Island City,,Implementing data pre-processing using python to clean a dataset containing over million entries and generating valuable insights from the clean dataset through visualizations.Using Natural Language Processing toolkit- NLTLK package to perform topic segmentation and analyzing the trends in equipment features over years at John Deere.Using Google Analytics to analyze data of the mobile applications and make data driven decisions to improve customer support and experience.01/2018toPresentTechnology ConsultantJones Lange Lasalle Inc.–,,Providing strategic consulting for a leading company in the electrical data networking industry to implement a governance framework on their intranet portal.Developing a business model for the client to improvise their intranet design, optimizing item placement, usability and searchability.11/2017to01/2018Data Analyst InternHewlett Packard Enterprise–,,Worked with AACSB process manager for data extraction and cleaning using R and analyzed the data using descriptive visualizations in Tableau.Compiled information on faculty activities, collected data for surveys, performed data quality control activities using Microsoft Excel.Transformed the data using data wrangling in a format specified by the management.12/2015to01/2016Application Developer and Content Management InternDo It Best Corp–,,IndiaInteracted with senior professionals to develop and design business processes to enhance the functionality of the Android application.Implemented the business processes on the backend using JSON.Used Tableau for data collected from multiple sites to generate insights for the senior professionals to carry out decision making.
EducationExpected inDec 2018totoM.S:Information ManagementUniversity of Illinois-Urbana Champaign,ILGPA:Information Management GPA: 3.50Expected inMay 2017totoB.E:Information TechnologyUniversity of Mumbai-Mumbai,GPA:Information Technology GPA: 3.95Expected inMay 2014totoDiploma:Information TechnologyShri Bhagubhai Mafatlal Polytechnic-,GPA:Information Technology GPA: 3.75
SkillsAdobe Illustrator, Photoshop, Big Data, BI, Business Intelligence, business processes, Business Research, Competitive Intelligence, consulting, CSS3, Client, customer support, Data Processing, Data Mining, Data Modelling, Data Visualization, Database Management, decision making, features, Google Analytics, HTML5, Java, JavaScript, JSON, Knowledge Management, lEADERSHIP, Microsoft Excel, Microsoft Office, SharePoint, MySQL, Natural Language Processing, networking, Programming, Project Management, Python, quality control, SQL, Statistics, strategic, surveys, Tableau","Experience01/2015toPresentSenior Electrical / Controls EngineerHenkel–Salt Lake City,UT,Integral in the design, automation, and installation of new equipment and current equipment upgrades.Converted older hydraulics systems into linear servo hydraulics systems by: replacing existing hydraulic valves, integrated a hydraulic servo controller with the existing PLC, and created new PLC and HMI programs to work with the upgraded system.Reengineered older equipment providing current documentation for the PLC, HMI, and electrical schematics to reduce downtime and increase production.Selected Contributions: Instrumental in being able to design control systems for new machinery to meet aerospace industry standards Increased quality control with the installation of a 3 axis hydraulic system to increase precision of production parts Redesigned current control system on PLC and HMI to decrease change over time and downtime by 50% Created and established documentation, requirements, and standards for design of all new machine.01/2015toEngineering ManagerEaton Corporation–Morrisville,NC,Served as Engineering Manager and Project Manger during the company's transition into a new production facility.Implemented project management best practices to team members, engineering department, and management prior to implementation.Controlled and managed the project, while updating management on milestone progression in weekly meetings.During the last stages of the transition and project, educated engineering team in project management principles and implemented standards for engineering department.Selected Contributions: Organized all projects into one project with milestones, dates, and goals  to provide overall viewing of the facility move Researched the impact and return of investment by using outside contractors to decrease project period Decreased move projected time from 18 months to less than 6 months increasing production turn around by 66%.01/2014to01/2015Senior Electrical EngineerHdr, Inc.–Phoenix,AZ,Served as a core member of the engineering team to bridge communication between cross-functional departments during all projects.Trained all electrical engineers in project management, electrical control fundamentals, and customer service.Coordinated and assigned all work for the electrical engineering department.Managed the engineering department documentation for the human resource department including quarterly and yearly reviews, interviewing, hiring, and salary.Selected Contributions: Reduced the electrical engineering staff by 40% by optimizing the work flow through the department Increased electrical engineering projects on time delivery from 60% to 90% during the first three months Created documentation for field acceptance test (FAT) and site acceptance test (SAT) to reduce the travel time for electrical engineering projects by 25% Implemented VmWare virtual machines to improve and control project applications.01/1997to01/2014Electrical Automation EngineerAnheuser-Busch Inbev–Kailua Kona,HI,Served as the company's electrical automation engineer designing and implementing control upgrades to increase production while decreasing waste.Primary designer in the controls and installation of weigh hopper, silo, and material weighing in the facilities rubber-compounding department.Programmed quality controls in to the machines HMI's to ensure the correct products and raw materials were being used.Created an interface between the molding department, tooling department, and cleaning department to track all production molds and their locations.Managed the companies computerized maintenance management system.Selected Contributions: Integral in the design, implementation, and sustaining the industrial network for data collection Implemented upgraded of outdated automation products to reduce repairs costs by 25% Implemented program controls to ensure the quality of production reducing waste and scrap by 10% Created preventive maintenance system integration system between the HMI's and the company's CMMS, to reduce downtime and increase machine uptime.
EducationExpected in2016totoMaster of Science:Information Technology (MSIT)Kennesaw State University-Kennesaw,GeorgiaGPA:Information Technology (MSIT)Expected in2013totoBachelor of Applied Science:Information Technology (BASIT)Southern Polytechnic State University-Marietta,GeorgiaGPA:Information Technology (BASIT)Expected in2007totoAssociates of Applied Science:Chattahoochee Technical College-Jasper,GeorgiaGPA:Expected in2006totoWebsite Design Associate Certificate,:-,GPA:Expected intotoProfessional Development Lean Six Sigma White Belt Certified Georgia Tech: Set-Up Reduction Certificate Parker-Hannifin Hydraulics Fundamentals Certificate Direct Logic Programming at Advanced Level Certificate:-,GPA:Expected intotoAllen Bradley, DirectLogic, Omron,  Simatic/TI 505 Design:    Control Cabinets, Data Collections Systems, Motion Systems Methodologies:    Analytical, Applied, Control Theory, Lean Manufacturing, National Electric Cod (NEC), Numerical, Project Management Principles, Six Sigma, UL508 Tools:    AutoCAD, GE Cimplicity, Proface GP-Pro, TurboCAD, VmWare, Wonderware Production:    Field Acceptance Testing (FAT), Human Machine Interface (HMI), Hydraulic, Motion Control, Pneumatic, Process Control, Process Automation, Servo Control Electrical and Hydraulic, Site Acceptance Testing (SAT), Validation Testing:-,GPA:
SummarySenior Electrical Controls Engineer
Solutions oriented with vast knowledge of manufacturing knowledge and proven history of results.
Adept at bringing the knowledge and ability to bridge the gap between conceptual to production for viable solutions. Strong production background and understanding of key performance indicators. Proficient in leading various size projects across multiple teams to create valuable cost saving, reduce waste, and create continuous improvement. Cost-conscious; implement timesaving measures to optimize production. Excel at collaborating across departments; coordinate with staff and managers to complete projects on time and within budget.
Engineering and technical expertise includes..
SkillsAutoCAD, Automation, TurboCAD, Cimplicity, controller, customer service, data collection, delivery, designing, documentation, electrical engineering, electrical schematics, engineer, Engineering Manager, FAT, functional, hiring, human resource, Hydraulics, Lean Manufacturing, Logic, machinery, materials, meetings, NEC, network, PLC, Process Control, Programming, Project Management, quality, quality control, repairs, SAT, Site Acceptance Testing, Six Sigma, system integration, upgrades, Validation, reducing waste, Website Design, weighing, Wonderware"
"Job Description
Oracle is seeking an experienced and driven Senior Software Engineer who wants to join a team of highly talented engineering professionals who are helping revolutionize the delivery of new cloud data centers around the globe.
As a Senior Software Engineer, you will be responsible for helping build, test, deploy and operate highly scalable solutions for the canonical asset management system for all of Oracles next generation Cloud Infrastructure. You should be a rock-solid coder, and a generalist who can dive deep into any part of the stack and low-level systems. Your passion for excellence combined with your experience will help you be an outstanding technical contributor as you look to grow your influence and career. You should be able to work independently and as part of a team in an Agile environment. You should be a great communicator to both technical and non-technical stakeholders in multiple locations around the globe. You should also be able to manage multiple projects and priorities in a fast-paced environment, be results-driven, and thrive even when faced with ambiguity and uncertainty. Most importantly, you should be a team player, someone who is eager to learn, and willing to do whatever it takes to help the team succeed. 
Required ExperienceBS or MS degree in Computer Science or equivalent experienceUS Citizens able to obtain a security clearanceMinimum 6 years in a software-engineering related position, at least half of which was in an AgileDevOps environment. 4+ years of Python development3+ years of Java development3+ years of experience with REST API developmentStrong knowledge of LinuxUnix fundamentalsStrong knowledge of microservices, data structures, algorithms, operating systems, and distributed systemsSolid understanding of relational databases, NoSQL systems, storage, and distributed persistenceExcellent troubleshooting, debugging, and performance tuning skills.Excellent written and verbal communication skills with the ability to present complex information clearly and concisely to all audiences.Desired Experience and SkillsExperience with build automation, continuous integration, or continuous deployment tools such as Git, Jenkins, Maven, Grunt, RunDeck, Ansible, etc.Working knowledge of or experience in data center infrastructure and operations is a plusExperience with React JavaScript framework is a plusExperience in developing and designing solutions with containerization technologies such as Docker and Kubernetes.Experience with observability tools and practices.Experience with working flexible hours and working with team members in a global setting with distributed time zones.","SummaryOracle Certified Associate, Java SE 8 Programmer, secured 92%          Designing, developing mobile/web apps; full-stack developer
  3 years of professional experience - Intersnhips, full-time jobs        Awarded `Intern of the Week' at my internship in Ericsson
HighlightsJAVA 8, C#, Android, Hibernate, C, C++, Hadoop, Java Swing, Machine Learning J2EE, JavaScript, TYPESCRIPT, REST, JSP, JSON, PHP, AJAX, jQuery, MySQL, NoSQL, HTML 5, CSS 3, XML
OS and tools used:        Azure, Eclipse, IntelliJ, GIT, BitBucket, Agile, Unix/Linux, SecureCRT, WireShark, WinSCP
ExperienceSoftware Engineer,08/2015-PresentAmentum–Palm Beach,FL,Working on the cloud platform 'Microsoft Azure' to develop mobile and web applications for Energy industry.Designing, developing, and testing the mobile app in Android and web app using Frontend Technologies.Working on the server side to generate tweets on Twitter when mobile alerts are generated using C#, PhantomJS.Using Machine Learning algorithms to predict the Power Market prices of different ISOs in Azure ML Studio.Part of 2 member's developer's team and hence handling the whole project from the scratch to the end which includes designing, developing, testing, reporting, documentation, predictive analysis.Development Environment: Java 8, C#, Android, REST, JSON, TypeScript, JavaScript, HTML, Machine Learning, Predictive Analysis, Azure Machine Learning Studio.Engineer Intern,08/2014-05/2015T.Y. Lin International–Charleston,SC,Worked in the proxy layer of AT&T network and taking ownership of all internal acceptance testing for new site builds.Maintenance window testing on sites which gets upgraded to add new features or fix issues in previous releases.Awarded ""Intern of the week"" on the 11th week of my internship for my dedication and hard work towards the organization.Software Developer Intern,05/2014-08/2014Experian–Redmond,WA,Involved in developing customized SDK components for SAP Design Studio.Highcharts.js, a JavaScript charting library is used extensively for creating interactive custom charts.Development Environment: Java, JavaScript, XML, JSON.Software Engineer,09/2012-07/2013Amentum–Paris,,IndiaInvolved in developing a mobile web application for AVIS using Hibernate framework.Created a multi-page form to book a reservation which also sends email confirmation to the user as well as the Avis location.Developed a screen where a user can modify an existing reservation using the confirmation number.Development Environment: Java, J2EE, Hibernate framework, MVC Architecture.
EducationMaster of Science:Computer Science,Expected inMay 2015-The University of Texas at Dallas-Dallas,TexasGPA:Status-Computer Science 3.67/4Bachelor of Engineering:Computer Science,Expected inMay 2012-Anna University-,ChennaiGPA:Status-Computer Science 7.54/10Oracle Certified Associate, JAVA SE 8 Programmer ­:,Expected inOctober 2016--,GPA:Status-. Scored 92%. Link to the certificate - http://bit.ly/2fpvsE2
RELEVANT COURSEWORKS
Advanced Data Structures & Algorithms, OOAD, DataBase Design, NLP, Big Data, Cloud Computing, Artificial Intelligence.:,Expected in--,GPA:Status-
SkillsAgile, AJAX, Artificial Intelligence, Big Data, book, C, C++, charts, CSS 3, DataBase Design, Designing, documentation, Eclipse, email, XML, features, HTML, HTML 5, http, PHP, J2EE, Java, JAVA 8, JSP, Java Swing, JavaScript, jQuery, JSON, Linux, Machine Learning, Market, C#, window, MVC, MySQL, NLP, network, NoSQL, OOAD, OS, Oracle, developer, page, predict, Programmer, proxy, reporting, SAP, Unix, web applications, Web Development","Professional SummaryHealthcare Informatics Specialist professional with experience managing enterprise implementations of healthcare information System. Master Trainer of multiple VISTA packages. Experience in gathering, analyzing and defining data and functional requirements; and designing/re-engineering processes, workflows and technology solutions for healthcare system. Proven ability to lead seamless implementations and deliver technical support and solutions improving workplace productivity.
SkillsGuest servicesInventory control proceduresMerchandising expertiseLoss preventionCash register operationsProduct promotions
Work History01/2013to2014Program Specialist/Data AnalystVeterans Health Administration–Boise,ID,Acute and Specialty Care Developed a Share point to assist the service with managing and monitoring processes such as  provider DEA, BLS and ACLS renewal requirements Coordinate all Consult/Access NATS Developed an excel report tool for 14 services to provide weekly updates on access Oversight and Coordination of all data by developing and running reports; utilizing multiple resources such as VSSC, Cooperate Data Warehouse, File Man, Reminder Patient List, TIU, Wait List, Ad Hoc and other Vista Tools for 14 services to review, monitor and improves processes and access Provided hands-on and written training to service leadership and staff regarding Consult Management and Tracking, Recall Reminder Management, Inpatient Workload Credit, E-Consults, Non-VA Care, Templates Encounter Forms  and others as requested.Collaborate with several multidisciplinary teams to assist with improving processes and access.Provide advice to Specialty Care Team Nurse Practitioners on identifying annual goals and provide tools to measure progress.Designed Sharepoint masterpage and page layouts, serving as company's main Sharepoint support for all technical complications.Consistently met deadlines and requirements for all production work orders.Aligned office departments and increased inter-department communication and data sharing.10/2007to01/2013Clinical Application CoordinatorBirmingham VAMC–City,STATE,Manage the Computerized Patient Record System (CPRS) infrastructure and content; plan and implement clinical software applications and patches in accordance with VHA, VISN, medical Center and service goals and initiatives.Collaborate with multidisciplinary teams for the management of the Computerized Patient Record System and implementation of various informatics projects within the Medical Center.Teach entire BVAMC staff, students and residents on the use of the Computerized Patient Record System and create training materials using Microsoft Word, Microsoft PowerPoint and Microsoft Publisher.Developed and maintained Share Point Database for employee training.Provide status reports using Microsoft Excel on Computer Applications to various Departments.Create and run reports using File man, Reminder Extracts, and Reminder Due Reports for service line departments within the Medical Center.Currently involved with several process improvement teams to assist service line departments with developing new processes and systems to meet facility goals.Manage Appointment Recall Reminder Software Facility Lead Reminder Builder Manage Women's Health Software Manage Mental Health Assistance Tool Developed a detailed educational power point tool that is currently being used nationally to teach Clinical Application Coordinators how to build a complex order set for the Department of Palliative Care.Coordinated and lead multiple small learning sessions via live meeting regarding the comfort care order set.Developed a survey tool via share point to assess multiple facilities implementation progress.Collaborate with Computer Specialist, programmers, clinicians and other users on the development of functional clinical systems and to ensure that automated clinical procedures are maximized for efficiency and ease of operation.Developed and run File man and Reminder reports analyzing data to identify processes, specific patient populations and opportunities for improvements.Facility Lead Reminder Builder06/2004to10/2007Websites Content ManagerBirmingham VAMC–City,STATE,Building and updating content.Trained and developed training resources for multidiscipline on the use of CPRS, Recall Reminder Software, Vista, Bed Management System Medical Support - Primary Care Coordinated patient notification and follow-up for Pap smear, Mammogram and Fecal Occult Blood Test Results for Facility and CBOCs.Developed Excel Database to tract patient results and follow-up for Mammograms, Pap Smears and Fecal Occult Blood Tests Implemented the Women's Health Software Developed Women's Clinic instructions guidelines for procedures performed in clinic Coordinated Breast Cancer Awareness Month activities LPN - Medical Surgical Unit.2014toCurrentHealth System SpecialistBirmingham VAMC–City,STATE,Designed Sharepoint masterpage and page layouts, serving as company's main Sharepoint support for all technical complications.Consistently met deadlines and requirements for all production work orders.Aligned office departments and increased inter-department communication and data sharing.
EducationExpected in1997totoLPN:NursingBeville State College-Sumiton,ALGPA:2007   received the Birmingham VAMC Woman of the Year AwardInducted in the National Honor Society
SkillsAdobe Photoshop, Ad, Computer Applications, content, Credit, Data Warehouse, Database, Forms, functional, GUI, leadership, Managing, Mental Health, Access, Microsoft Excel, Excel, Microsoft Office, Outlook, Microsoft PowerPoint, Power Point, Microsoft Publisher, Word, Microsoft Word, NATS, process improvement, processes, progress, Project Management, Project Leadership, Six Sigma, employee training, training materials, VISIO, Vista, written"
"About Us Skadden, Arps, Slate, Meagher & Flom LLP (Skadden) has forged a reputation as one of the most prestigious law firms in the world. By relying on innovation, intellect, teamwork and tenacity, our lawyers deliver the highest quality advice and novel solutions to our clients' legal issues. We are recognized as a global powerhouse for complex transactions, litigationcontroversy issues, and regulatory matters, as well as for the open, collaborative relationships we build with clients. Our attorneys, who reflect diverse backgrounds and perspectives, collaborate seamlessly across 50-plus practices and 21 offices in the worlds major financial centers. 
The OpportunityWe are seeking a Tax Accountant to join our Firm in our White Plains office (hybrid). This role will be responsible for preparing work papers to support the Firm's U.S. and international tax filings. Assists with special projects relating to the taxes of the Firm. Responsibilities include, but are not limited to:Responsible for compiling and analyzing financial data for the preparation of the Firm's U.S. and international tax returns, including but not limited to:Federal and State partnership tax returns as well as related K-1sU.S. composite and withholding returnspaymentsInternational tax returns.Provides technical analysis and applications of U.S. and domestic partnership tax rules.Prepares research relevant to preparation of US Federal and State returns. Keeps abreast of relevant tax law developments and changes.Develops an expert working knowledge of the Firm's general ledger system to analyze, compile, and reconcile data. Assists with quarterly domestic and international tax filings, partner memorandums, and various reports using Excel spreadsheets and the Partner Accounting System.Analyzes and verifies partner taxes paidwithheld as well as partner allocations.Prepares quarterly tax withholdings, composite, local entity level tax, and filings as well as assist with quarterly Partner memoranda.Demonstrates effective interpersonal, written and verbal communication skills to facilitate effective work relationships with others.Manages Firm resources responsibly.Complies with and understands Firm operation, policies and procedures.Performs other related duties as assigned.
QualificationsStrong working knowledge of U.S. and State partnership tax rulesExcellent analytical and tax technology skills with proficiency in tax accounting and complianceTax technical with the ability to think outside the boxEffective problem solverExcellent knowledge of Microsoft Excel to execute complex functions (e.g., vhlookups, pivot tables, formula nesting)Knowledge of basic accounting principlesKnowledge of relevant firm computer software programs (e.g., Outlook, Excel, PowerPoint), with the ability to learn new software and operating systemsDemonstrates effective interpersonal and communication skills, both verbally and in writingDemonstrates close attention to detailAbility to handle multiple projects and shifting prioritiesAbility to handle sensitive matters and maintain confidentialityAbility to organize and prioritize workAbility to work well in a demanding and fast-paced environmentAbility to work well independently as well as effectively within a teamFlexibility to adjust hours and work the hours necessary to meet operating and business needs
ExperienceEducationBachelor's Degree in Accounting One year related experience 
Salary DetailsThe starting base salary for this White Plains position is expected to be between $73,000 to $80,000 annually. Actual salary will be determined based on skills, experience (to the extent relevant) and other-job related factors, consistent with applicable law. 
Culture & Life at SkaddenWhat makes Skadden special is our people and the culture, community and spirit of collaboration we have created. We believe in teamwork and inspiring each other to be our best in an atmosphere that promotes professionalism and excellence in all that we do. We know that inclusion, equity and drawing on the strength of a wide spectrum of diverse talent only make us better and is vital to the firm's success. Our goal is for everyone at the firm to enjoy a challenging career with opportunities for development and growth and to support the well-being of our attorneys and professional staff.
BenefitsThe overall well-being of our team is important to us. We offer generous benefits to help you achieve wellness in all areas of your life. Competitive salaries and year-end discretionary bonuses.Comprehensive health care (medical, dental, vision), savings plan401(k) and voluntary benefits. Generous paid time off.Paid leave options, including parental.In-classroom, remote, and on-demand learning and professional development opportunities.Robust well-being classes and programs.Opportunities to give back and make an impact in local communities.
For further details, please visit: https:www.skadden.comcareersstaffemployee-benefits
Skadden is an Equal Opportunity Employer (DisabilityVetother protected categories). For more information, please visit Skadden.comcareers.","SummaryFinancial Accountant specializing in financial planning, reporting and analysis in both private and public sectors.Well-informed accountant adept at supplying quick responses to financial inquiries from internal management and potential clients.Creative accountant equipped with a broad knowledge of concepts and strategies to yield the best possible financial outcomes.
HighlightsPeriodic financial reporting expertInvoice coding familiarityStrong communication skillsGeneral ledger accounting skillsComplex problem solvingAccount reconciliation expert
ExperienceAccountant,06/2012-09/2015Ametek, Inc.–Wilmington,MA,I have worked at Shantilal Gala & Company (Nairobi, Kenya) which is an Audit firm, since 2nd July 2012.I was employed as an Accountant in the Firm.Maintained accounts receivable documentation electronically and on paper.Processed bank reconciliations and financial reports to verify practice of p weekly and monthly.Increased efficiency and alleviated work loads by creating a new Excel financial recording system.Collaborated extensively with auditors during preliminary and year-end audit processes.Entered weekly sales and customer count sheets for review by management.Processed payroll, electronic deposits and employee pay adjustments.Collaborated extensively with auditors during preliminary and year-end audit processes.
EducationSelect  One:,Expected in--,GPA:Status-Bachelor of Arts:Business Studies,Expected in2014-University of Greenwich-Nairobi,GPA:Status-Completed the Bachelor's degree in Business of Arts - BA Honors Business Studies achieving a Second Upper Class Honors.The units included in the Academic Session (2012/2013) are as follows:> Managing Strategy - involves the formulation and implementation of the major goals and initiatives taken by a company's top management on behalf of owners, based on consideration of resources and an assessment of the internal and external environments in which the organization competes.> International Business Management - involves the understanding for an international career in various industries. Today’s world revolves around business. Networking on a global scale and recognising opportunities, or creating them yourself. International Business Management brings one a step closer to success on an international level.The units included in the Academic Session (2013/2014) are as follows:> Small Business Development - involves the process of how to own corporations, be into partnership and become a sole proprietors. These kind of developments are common in many countries, depending on the economic system in operation.> PPD3 - Thematic Independent Study - the research and critical thinking skills from Personal and Professional Development (PPD) 2 and build upon their research proposals. This unit helped me to understand the intricate relationship between theory and practice. Improved my self-management in terms of time, planning, behaviour and motivation.Association of Business Executive:Business,Expected in2013-Oshwal College-Nairobi,GPA:Status-Completed the Association of Business Executive. This associate had levels and units as follows:Certificate in Business - Level 3 includes the following units:> Introduction to Business.> Introduction to Quantitative Methods.> Introduction to Accounting.> introduction to Business Communication.Diploma in Business Management (Higher) - Level 5 includes the following units:> Human Resource Management.> Managerial Accounting.> Marketing Policy, Planning and Communication.> Organisational Behaviour.> The Business Environment.> Economic Principles and their Application to Business.> Financial Accounting.> Quantitative Methods for Business and Management.Diploma in Business Management (Graduate) - Level 6 includes the following units:> Corporate Finance.> Corporate Strategy and Planning.> International Business Case Study.> Managing in Organisation.> Strategic Marketing Management.
SkillsOrganization - managing responsibilities in a particular manner and keeping track of those responsibilities.Time Management - Good time-management skills go hand-in-hand in with strong organizational capabilities. Budgeting time will give the allowance of managing the work efficiently.Adaptability - its always the best for me to adapt quickly and easily as my way of understanding the procedures is through planning everything in my mind as the work is being allocated.Communication - allows me to interact best with the colleagues, clients and receive the best feedback from their side after completing the conversation.","Professional SummaryResults-oriented Embedded Software Engineer with three years' experience in analysis, design, development, testing and implementation of various embedded software systems. Strong desire to obtain a responsible and challenging Embedded Software Developer's position where my education and work experience will have valuable application
SkillsProgramming Languages:  C, C++, Java, VHDL,Scripting: Shell, Python, Perl MATLAB, HTML, C#Tools: Microsoft Visual Studio, ADB, QXDM, Trace32, LTE. ModelSimPeripherals: I2C, SPI, QSPI, UART
Work History04/2017toCurrentEmbedded Software EngineerFlowserve Corporation|Emeryville,CA,Design and development on Qualcomm multiprocessor mobile computing platforms.Work closely with the hardware team developing low-level device driver software for solid-state storage devices.Optimize the storage drivers and boot loaders for performance and power consumption across multiple processors.Support the team with failure triage, system debug and customer support to implement and support new features in the storage driver.04/2014to03/2017C, C++ Embedded System Test EngineerEntegris, Inc.|Chandler,AZ,RF system Level Performance Verification and validation: RF system validation through statistical performance assessment, SW and Hardware Build Verification Testing and stability testing.Setting up the test environment to have comparable RF data with specified accuracy and tolerance and measuring various performance parameters for Wireless Transceivers such as Tx Max Power, WFQ, ACLR, EVM, SEM, Sensitivity, ACLR, Rx intermod, etc.at system level.Interfacing with cross functional teams for correlating the RF parametric data correlation, debugging and triaging Tools: QPST, QXDM, QSPR, Call Box, Spectrum analyzer, Signal generator.Test Automation and Scripting and production deployment: Developing and automating tests cases and scripts for large scale production testing of processor chips.Validation included modem and apps processor functional verification and performance measurement.Tools: Trace32, ADB, C#, Microsoft Visual Studio, Perl, Perforce.07/2010to07/2011Development EngineerSciaky Automation Â€“ Pune, Maharashtra India|,,Development of an extensive mechatronic design for a complete automatic assembly of an electric toggle switch to increase production efficiency Tools: PLC, pneumatic actuators, electronic circuit design, ladder programming, optical sensors Academic Projects Gait analysis using low power wireless module: (Graduate Final Project) Implementation of rotation-based routing protocol among on-body sensors to reduce the overall power consumption of the system for accumulating the motion data.Dynamic time Warping algorithm is applied as a feature classification technique to differentiate between human movements based on the motion data.An offline analysis is performed to corroborate the hypothesis and then an on-chip implementation is done for deployment.Tools: Arduino programming, NRF24l01+, C, Java, MATLAB 16 Bit RISC Processor using VHDL: Created a fully synthesizable VHDL model of a 16-bit RISC processor which included designing Registers, ALU, Instruction memory, Data memory, Scratch pad memory and Instruction Set Architecture of 27 instructions with 4 addressing modes and 4 stage pipelining and Interrupt handling features Parametric Cache Simulator Design: Implementation of a parametric cache simulator modelling a memory hierarchy to calculate hit and miss rate for data and victim cache for data cache size, associativity, block size, write policy, victim cache changes.Measuring the tardiness of real-time video workload under LITMUS-RT: Patching of the Linux with LITMUS-RT and using shell and python scripts to measure the average tardiness of the video application to compare the performance of the real time GSN EDF scheduler algorithm to the Linux CFS scheduler for soft real-time video applications.Device Driver Development: Development of modules for Linux based character-device driver capable of echoing the received character and converting the letters to uppercase for communication on UART.The driver was emulated using QEMU emulator for a Bare-metal ARM processor and is a loadable kernel module.Courses Analog and Digital Communication, Analog Integrated Circuit Design and Networks, Embedded Systems, Real Time Operating Systems, Computer Architecture, Introduction to VHDL, Digital signal processing, Advanced Embedded systems.Wireless Sensor networks, Wireless Communications.
EducationExpected in2010totoBachelor of Engineering|Electronics and TelecommunicationUniversity of Pune,,GPA:Electronics and TelecommunicationExpected in2013totoMaster of Science|Electrical EngineeringUniversity of North Carolina at Charlotte,Charlotte,NCGPA:Electrical Engineering
SkillsAcademic, Automation, C, C++, Circuit Design, Hardware, customer support, debugging, designing, Digital signal processing, drivers, Embedded systems, features, flash, functional, GSM, HTML, Instruction, Java, Languages, letters, Linux, MATLAB, Max, memory, C#, modem, Networks, Operating
Systems, Peripherals, Perl, PLC, processors, Programming, Protocols, Python, real-time, Real Time, routing, scripts, Scripting, Shell, Spectrum analyzer, switch, TCP/IP, Validation, VHDL, video, Microsoft Visual Studio"
"Role: Lead Data EngineerLocation: RemoteDuration: Long Term 8 to 10 years of experience working in data engineering, business intelligence or related field delivering large scale data platforms and services. Ideal candidate will have the following skills: A successful history of manipulating, processing and extracting value from large, disconnected datasets. Expertise in data modeling, data access and data storage techniques. The candidate should have foundational knowledge of dimensional modeling to build a data warehouse Strong experience building transformational logic using SQL on relational SQL and NoSQL databases. Skills using DBT framework for data transformation is plus Robust programming skills and strong experience with Python to ingest, transform and load the data Experience building and optimizing big data data pipelines, architectures and data sets using tools like Airflow. Experience with AWS cloud services: EC2, EMR, RDS, Redshift","SummaryAmbitious, career-focused job seeker, anxious to obtain an entry-level Data Entry position to help launch career while achieving company goals.
SkillsInsurance billingPatient paperworkAseptic techniquesTroubleshooting malfunctioning equipmentStocking medicationsDrug inventory controlProper labeling proceduresFilling prescriptionsPoint of sale systems proficiencyPrescription verificationWorkflow OptimizationVerifying ordersOrdering and stocking medicationsStocking shelvesLabeling prescriptionsResolving customer issuesPreparing bulk medicationsScanning and copyingDatabase entryWorkflow efficiencyData entryInbound and Outbound CallingCredit card payment processing
Experience08/2022toCurrentMedication Adherence Technician /Data Entry ProcessorCedarbrook Senior Living Management|Rochester,MI,Maintained strict patient confidentiality to adhere to HIPAA regulations and avoid data compromises.Assisted pharmacist with clearing high volume of prescriptions and responded to customer questions.Established and updated patient profiles, medications and insurance details.Processed credit transactionsAdhered to regulatory guidelines for workplace safety and customer confidentiality.Created new customer profiles and updated demographics, allergies and new medications in pharmacy computer systems.Consulted with customers via telephone or in-person to assist with navigating pharmacy systems and completing requests.Prepared pricing and instruction labels for placement on prescriptions.Compiled customer demographic, allergy and medical history background.Completed accurate and efficient data entry and database updates to support business operations.Identified, corrected and reported data entry errors.Compiled data from source documents prior to data entry.Scanned and stored files and records electronically to reduce paper files and secure data.Input client information into spreadsheets and company database to provide leaders with quick access to essential client data.08/2019to08/2022Medication TechnicianAmita Health|Derby,KS,Obtained, recorded and reported patient vital signs for medication administration.Safely and accurately prepared all medications and sterilized products by using proper techniques, calculations and standards of precautions.Reduced errors by hand-counting controlled medications, accurately measuring liquids and reconstituting antibiotics.Looked for physical, emotional and symptomatic changes in patient condition and obtained necessary care for medical concerns.Documented information in patient charts and communicated status updates to interdisciplinary care team.Liaised with nursing staff to prepare and administer prescribed medications to patients.Communicated with patients to determine feelings, need for assistance or social and emotional support.Documented and reported observations of patient behavior, complaints or physical symptoms to nurses.Reminded patients to take prescribed medications or nutritional supplements.SUPD CallsEnrollments09/2011to01/2020Certified Pharmacy TechnicianDavidson's Discount Drugs|City,STATE,Maintained strict patient confidentiality to adhere to HIPAA regulations and avoid data compromises.Managed inventories, rotated stock, removed expired or damaged drug products and resolved discrepancies in drug counts.Assisted pharmacist with clearing high volume of prescriptions and responded to customer questions.Worked with insurance companies to process claims, resolve problems and obtain payments.Established and updated patient profiles, medications and insurance details.Received and verified daily incoming drug inventories, reported discrepancies and logged items into inventory system.Efficiently processed cash register transactions for new and refilled prescription orders.Adhered to regulatory guidelines for workplace safety and customer confidentiality.Verified patients' identities at pickup to prevent sale of wrong medications.Created new customer profiles and updated demographics, allergies and new medications in pharmacy computer systems.Consulted with customers via telephone or in-person to assist with navigating pharmacy systems and completing requests.Supervised inventory levels to maintain adequate supply of medications and medical supplies.Transmitted claims to insurance companies for payment and reconciled EOBs.Received, reviewed, dispensed and labeled numerous prescriptions daily.Prepared pricing and instruction labels for placement on prescriptions.Compiled customer demographic, allergy and medical history background.Adhered to infection control policies and procedures to prevent spread of disease.Maintained clean and organized pharmacy shelving and work areas.Completed and filed patient paperwork, updating records in system with insurance carrier changes and allergy information.
Education and TrainingExpected in07/2010totoIT Program Computer Information Systems|Computer And Information SciencesTennessee Technological University,Livingston, TN,GPA:Expected in05/2010totoHigh School Diploma|Pickett County High School,Byrdstown,TNGPA:3.05 GPAExpected in04/2010totoCertified Nursing Assistant|Nursing AssistanceTennessee Technological University,LIVINGSTON, TN,GPA:Certification lapsedExpected intoto|Health ScienceVolunteer State Community College,Livingston, TN,GPA:","SummaryI am a computer engineer with over 12 years of experience dedicated to developing software for different company sizes and needs. I am a certified professional as MCPD web developer since version 2.0 framework, Over 8 years experience managing SQL server for high performance applications.I am a perfectionist and focused on the details and value-added functionality for my clients work. The innovation and intuitive interfaces are part of my professional work culture. I am methodical and focused on results, so the customers rely on my recommendations to resolve complex situations.
HighlightsProject managementRequirements analysis and design phasesSQL expertAnalyticalWeb DevelopmentHigh Knowledge on IT ConsultingAPI Interface
Experience2008to01/2014Software ArchitectVerizon Communications–Fort Gratiot,MI,Designing high-performance applications for customers with high volumes of transactions. Generally clients working with confidential datas as banks, collection companies and telecommunications companies.2010to08/2013Software Development TrainerFinastra–Stockholm,ME,Visual Studio 2010.Configuring and Administering Microsoft SharePoint 2010.Designing a Microsoft SharePoint 2010 Infrastructure.Microsoft SharePoint 2010, Application Development.Developing Web Applications with Microsoft Visual Studio 2010.Developing Data Access Solutions with Microsoft Visual Studio 2010.PowerShell 2.0Programming fundamentals.SharePoint Server 2010 and Business Intelligence.2008to09/2010Web Development TrainerCentral Valley Community Bancorp–Visalia,CA,Visual Studio 2008Microsoft ADO.NET 3.5 (Linq, Entity Framework, Etc.).Implementing and Maintaining Microsoft SQL Server 2005 Analysis Service.Implementing and Maintaining Microsoft SQL Server 2005 Integration Service.Implementing and Maintaining Microsoft SQL Server 2005 Reporting Service.Designing and Implementation Microsoft SQL Server 2005.Designing and Implementation Microsoft SQL Server 2008.Designing an Analysis Solution Architecture Using Microsoft Analysis Services 2005.Designing an Integration Solution Architecture Using Microsoft Integration Services 2005.Designing a Reporting Solution Architecture Using Microsoft Reporting Services 2005.Configuring and Troubleshooting a Windows Server 2008 Network Infrastructure.Installing and Configuring Windows 7.05/2008to04/2009Academic Evangelist and Developer Platform EvangelistBriljent–Chicago,IL,Promote the  newest Microsoft’s Technologies on  Microsoft community professionals at  Dominican Republic. Collaborate as Software Architect in Multi Countries Americas Team; testing Internet Explorer 8 (IE8) features and compatibility with large and small Customer’s company Website, doing tactical strategies to increase IE8 usage at Latino America (Latam).I  was Microsoft’s speaker for important events around the  whole country, visiting each university, coordinating activities with IT career’s directors and helping them to get better future IT professionals for the real world. Besides, I coordinated Imagine Cup 2009 (Microsoft Worldwide Technology Challenge for Students) for Dominican Republic (from beginning to the end).Finding students with the greatest computer talents and working as their mentor. I created Microsoft’s Academic Cell.net (Student Communities) and managed more than 200 in whole Latam.2005to08/2007Lead Project ManagerPopular Bank (BPD)–City,STATE,Analyzing business requirements and create the appropriate solutions. Design patterns, architectures, defining technologies to use and determining security impact. I was the interface between end users and IT department for International and Risk Management Division.Reduce timing for Electronic Payment System processing from more an hour and half 30 minute to 2 minute and 23 seconds.Design and Implementation of two releases for Sistema de Referimiento de Inmuebles.Project manager, design and implementation of Sistema Gestion de Negocios (CRM) for PremiumCustomers.2005to11/2005IT ManagerJJROCA–City,STATE,Keep IT department working up 99.99%, reducing down system’s time, networking and communications.Assign tasks for Technicians Support (help desk), Assign priority and controlling IT changes.Build the Intranet.Build the Extranet.Build Remote applications for home worker.Build Business Decision System.Build Core System.Optimize Databases.2003to10/2004Help Desk SupportGrupo Viamar–City,STATE,Keep   working  user's   computer  on  headquarter and   3  branch  office.  Fix   computer's  hardware, printers,  scanners,  servers,  etc. Manage user  account in  active  directory  and   data  bases and troubleshooting networking and  communication issues.2001to11/2003Digital Electronic and Microprocessors TeacherITESA–City,STATE,Teach discrete math, designs digital electronic circuit, assembler, design microprocessors circuits, computer repairs and  industrial electronic.National Award for the  best technical teaching model  (Semaphore’s circuit board).Lab’s manager.
EducationExpected in2009totoMBA:IT ConsultingInter University-San Juan,PRGPA:Expected in2008totoBachelor of Computer Science:Computer EngineerUnapec-Santo Domingo,DNGPA:Expected in2001totoHigh School Diploma:ElectronicITESA-Santo Domingo,DNGPA:
SkillsProject Management, Software Development Life Cycle, IT Manager, Quality Assurance Process, Business Development."
"Responsibilities:
Work closely with cross-functional counterparts in our distribution centers and supply chain functions to develop and maintain policies and processes to handle new or existing transaction streams.Monitor all transactions involving inventory to ensure the perpetual inventory records are maintained and discrepancies are investigated and resolved.Review and report financial and physical inventory results and reconcile variancesJournalize month end close and responsible for ensuring the close process is completed smoothly and accuratelyPrepare various audit and financial statement schedules and required ad hoc analysesAssist with creating, monitoring, and reporting KPIs for all aspects of inventory and cost accountingReview, analyze and input documents received from vendors and external parties for warehouse, duties, freight, finished goods, and other miscellaneous invoicesMaintaining and validating inventory to ensure costing integrityIdentify key areas for improvement and implement processes to increase efficiency.
Job Requirements:
Degree in accounting. Public account experience preferred.At least 3 years of related experience.Highly adaptable to accounting systems and evolving processes.Ability to offer solutions through independent learning and problem solving. Proactively own projects and assignments to completionAttention to detail, strong communication and organizational skillsAbility to build relationships with internal and external contacts.Self-motivated and cable of handling multiple tasks in a high-pressure environment.Advanced proficiency with Microsoft office applications: Excel, Word, Outlook, etc.Experience with Microsoft Dynamics, AS400 and BlueCherry ERP is a plus.
Salary: $70,000 - $90,000","SummaryFinancial Accountant specializing in financial planning, reporting and analysis in both private and public sectors.Well-informed accountant adept at supplying quick responses to financial inquiries from internal management and potential clients.Creative accountant equipped with a broad knowledge of concepts and strategies to yield the best possible financial outcomes.
HighlightsPeriodic financial reporting expertInvoice coding familiarityStrong communication skillsGeneral ledger accounting skillsComplex problem solvingAccount reconciliation expert
ExperienceAccountant,06/2012-09/2015Ametek, Inc.–Wilmington,MA,I have worked at Shantilal Gala & Company (Nairobi, Kenya) which is an Audit firm, since 2nd July 2012.I was employed as an Accountant in the Firm.Maintained accounts receivable documentation electronically and on paper.Processed bank reconciliations and financial reports to verify practice of p weekly and monthly.Increased efficiency and alleviated work loads by creating a new Excel financial recording system.Collaborated extensively with auditors during preliminary and year-end audit processes.Entered weekly sales and customer count sheets for review by management.Processed payroll, electronic deposits and employee pay adjustments.Collaborated extensively with auditors during preliminary and year-end audit processes.
EducationSelect  One:,Expected in--,GPA:Status-Bachelor of Arts:Business Studies,Expected in2014-University of Greenwich-Nairobi,GPA:Status-Completed the Bachelor's degree in Business of Arts - BA Honors Business Studies achieving a Second Upper Class Honors.The units included in the Academic Session (2012/2013) are as follows:> Managing Strategy - involves the formulation and implementation of the major goals and initiatives taken by a company's top management on behalf of owners, based on consideration of resources and an assessment of the internal and external environments in which the organization competes.> International Business Management - involves the understanding for an international career in various industries. Today’s world revolves around business. Networking on a global scale and recognising opportunities, or creating them yourself. International Business Management brings one a step closer to success on an international level.The units included in the Academic Session (2013/2014) are as follows:> Small Business Development - involves the process of how to own corporations, be into partnership and become a sole proprietors. These kind of developments are common in many countries, depending on the economic system in operation.> PPD3 - Thematic Independent Study - the research and critical thinking skills from Personal and Professional Development (PPD) 2 and build upon their research proposals. This unit helped me to understand the intricate relationship between theory and practice. Improved my self-management in terms of time, planning, behaviour and motivation.Association of Business Executive:Business,Expected in2013-Oshwal College-Nairobi,GPA:Status-Completed the Association of Business Executive. This associate had levels and units as follows:Certificate in Business - Level 3 includes the following units:> Introduction to Business.> Introduction to Quantitative Methods.> Introduction to Accounting.> introduction to Business Communication.Diploma in Business Management (Higher) - Level 5 includes the following units:> Human Resource Management.> Managerial Accounting.> Marketing Policy, Planning and Communication.> Organisational Behaviour.> The Business Environment.> Economic Principles and their Application to Business.> Financial Accounting.> Quantitative Methods for Business and Management.Diploma in Business Management (Graduate) - Level 6 includes the following units:> Corporate Finance.> Corporate Strategy and Planning.> International Business Case Study.> Managing in Organisation.> Strategic Marketing Management.
SkillsOrganization - managing responsibilities in a particular manner and keeping track of those responsibilities.Time Management - Good time-management skills go hand-in-hand in with strong organizational capabilities. Budgeting time will give the allowance of managing the work efficiently.Adaptability - its always the best for me to adapt quickly and easily as my way of understanding the procedures is through planning everything in my mind as the work is being allocated.Communication - allows me to interact best with the colleagues, clients and receive the best feedback from their side after completing the conversation.","ExperienceSoftware Developer,01/1995-Adobe Systems Incorporated–Emeryville,CA,Designing and programming the ZZZ++ software library for distributed management of ZZZ Base with integrated into ZZZ Server TTM program language.Designing and programming the ZZZ Server for management of ZZZ Base.Designing and programming the NoSQL ZZZ Base.Programmer,10/2012-04/2018Ho Chunk–Detroit Lakes,MN,Developed time-series management software modules, ship management software modules, and ship simulator software modules for Norwegian customers.Developed automatic installations for web applications, web services, and windows services.Skills Utilized: C/C++ ` C# ` Azure ` WPF ` MVC ` MVVM ` DotNET ` XML ` XSLT ` HTML ` JavaScript ` jQuery ` CSS ` Web services (REST and SOAP) ` JSON ` TTM ` time-series ` IoT ` MS SQL ` InstallShield ` WiX ` Agile model ` Scrum framework ` SDLC.Programmer,02/2012-10/2012Ho Chunk–Dunn Loring,VA,Developed finance management software modules with MS SQL database, C#, Visual Basic, MVC, HTML, JavaScript, CSS.Skills Utilized: MS SQL database ` C# ` Visual Basic ` MVC ` DotNET ` HTML ` JavaScript ` CSS ` jQuery ` SDLC.Web Programmer,10/2011-02/2012Bae Systems–Wallops Island,VA,Developed software systems in support of a GPS vehicle tracking system.Skills Utilized: Java ` Java web services ` Oracle database ` HTML ` CSS ` JavaScript ` XML ` XSLT ` Visual Basic ` Windows ` Linux ` SDLC.Software Developer and Manager,04/1997-10/2011Perfect Software Ltd–City,STATE,Supervised a team of over 25 developers, customer consultants, and dealers.
EducationMSc:Mechanical engineering,Expected in-Technical University of Gabrovo-,GPA:Status-Mechanical engineering
SummaryAs a professional with an excellent record of success as a software developer and manager - to contribute to the successful development of the company.
HighlightsPROFESSIONAL SUMMARYBeen committed to the sphere of software development over 23 years and have thoroughly mastered over 33 programming languages.Throughout time, immersed in developing Java and C++ NoSQL knowledge base systems alongside a multitude of different software -an automated system for building management,an ERP system,a multilingual dictionary program,a spreadsheet management system,a cash register system,barcode reading and printing systems,a scales management system,HTTP, TCP and knowledge base management servers,mobile Java games,an antivirus program,a mathematical system for calculating differential equations,a system for process optimization and more.Retain a Masters degree in mechanical engineering.Developed C++ NoSQL base systems alongside a multitude of different software - an automated finance system for building management, an ERP finance system, a multilingual dictionary program, a spreadsheet management system, a cash register system, bar-code reading and printing systems, a scales management system, HTTP, TCP and knowledge base management servers.Skills Utilized: C/C++ ` Borland Delphi ` Java ` NoSQL ` XML ` XSLT ` ERP ` HTML ` JavaScript ` CSS ` Windows ` Linux ` TCP/IP ` Sockets ` Management ` SDLC ` finance ` accounting... C/C++ ` Java ` TCP/IP ` Sockets ` HTML ` JavaScript ` CSS ` HTTP ` Windows ` Linux ` Mac OS X ` Android ` Cross-platform C/C++Site: http://demo.zzz.bg/en C ` C++ ` C# ` Pascal ` Borland Delphi ` Go ` Java ` JSP ` JavaScript ` XML ` XSLT ` HTML ` XHTML ` CSS ` Fortran ` Assembly Language ` PHP ` Prolog ` Lisp ` TRAC ` TTM ` Forth ` FP ` Visual Basic ` BASIC ` Logo ` Python ` SQL ` PL/I ` Modula-2 ` R ` Batch ` Machine Code ` Borland ParadoxMS Visual Studio ` Android Studio ` Code Blocks ` XCode ` NetBeans ` IntelliJ IDEA ` EclipseMS Windows - all versions ` Linux - Debian, Raspbian, Ubuntu, Mint, Fedora, Red Hat ` Mac OS X ` Android ` MSDOSMySQL ` Microsoft SQL Server ` Oracle Database ` NoSQL ZZZBase ` NoSQL MongoDBApache ` Tomcat ` Internet Information Services (IIS) ` ZZZServer ` Server developmentHTTP ` HTTPS ` TCP/IP ` TLS ` RESTful Web Services ` NoSQL database developmentSTL ` jQuery ` Sockets ` WPF ` MVC ` DotNET ` Open Office ` Microsoft Office ` Microsoft Excel ` Microsoft Word ` Inno Setup ` InstallShield ` WiX ` ZZZ++ ` Representational State Transfer (REST) ` Simple Object Access Protocol (SOAP) ` JSON ` SDLC
Skillsaccounting, Agile, antivirus, Apache, Assembly Language, BASIC, Borland, C, C++, cash register, CSS, Databases, database, database development, Borland Delphi, Designing, Eclipse, ERP, XML, finance, Forth, Fortran, GPS, HTML, http, PHP, IIS, InstallShield, Java, JSP, JavaScript, jQuery, JSON, Linux, Lisp, Logo, Mac OS, mechanical engineering, C#, Microsoft Excel, Microsoft Office, Office, Windows, MS Windows, Microsoft Word, Modula, MongoDB, MSDOS, MVC, MySQL, Norwegian, NoSQL, Operating Systems, optimization, Oracle, Oracle database, Paradox, Pascal, PL, programming, Prolog, Python, reading, Red Hat, Scrum, SDLC, servers, SOAP, Simple Object Access Protocol, Sockets, software development, Software developer, spreadsheet, MS SQL, Microsoft SQL Server, SQL, TCP/IP, Tomcat, Visual Basic, MS Visual Studio, web applications, XHTML, XSLT"
"Duration: 6-Month contract - NO possibility to go perm - contract may be extended. 

FULLY REMOTE

Must-Haves: 3+ years of accounting experienceStrong Excel experience and knowledge (v lookups, pivot tables, etc) as well as analytical skills.Excellent oral and written communication skills, able to research invoices, work across teams to solve issues, and documentation.Bank reconciliation experienceMultifamily experience 



Day-to-Day: Our client is looking for a Staff Accountant that will be reporting to the Division Controller and responsible for assisting in all financial reporting and accounting related services required for the Division. This role is pivotal to the Accounting teams goals and outcomes of accurate and timely completion of all accounting deliverables. This person will be assisting in monthly financial close process and preparing and inputting journal entries, working with accounts payable, receivables, cash transactions, and other related duties.","SummaryFinancial Accountant specializing in financial planning, reporting and analysis in both private and public sectors.Well-informed accountant adept at supplying quick responses to financial inquiries from internal management and potential clients.Creative accountant equipped with a broad knowledge of concepts and strategies to yield the best possible financial outcomes.
HighlightsPeriodic financial reporting expertInvoice coding familiarityStrong communication skillsGeneral ledger accounting skillsComplex problem solvingAccount reconciliation expert
ExperienceAccountant,06/2012-09/2015Ametek, Inc.–Wilmington,MA,I have worked at Shantilal Gala & Company (Nairobi, Kenya) which is an Audit firm, since 2nd July 2012.I was employed as an Accountant in the Firm.Maintained accounts receivable documentation electronically and on paper.Processed bank reconciliations and financial reports to verify practice of p weekly and monthly.Increased efficiency and alleviated work loads by creating a new Excel financial recording system.Collaborated extensively with auditors during preliminary and year-end audit processes.Entered weekly sales and customer count sheets for review by management.Processed payroll, electronic deposits and employee pay adjustments.Collaborated extensively with auditors during preliminary and year-end audit processes.
EducationSelect  One:,Expected in--,GPA:Status-Bachelor of Arts:Business Studies,Expected in2014-University of Greenwich-Nairobi,GPA:Status-Completed the Bachelor's degree in Business of Arts - BA Honors Business Studies achieving a Second Upper Class Honors.The units included in the Academic Session (2012/2013) are as follows:> Managing Strategy - involves the formulation and implementation of the major goals and initiatives taken by a company's top management on behalf of owners, based on consideration of resources and an assessment of the internal and external environments in which the organization competes.> International Business Management - involves the understanding for an international career in various industries. Today’s world revolves around business. Networking on a global scale and recognising opportunities, or creating them yourself. International Business Management brings one a step closer to success on an international level.The units included in the Academic Session (2013/2014) are as follows:> Small Business Development - involves the process of how to own corporations, be into partnership and become a sole proprietors. These kind of developments are common in many countries, depending on the economic system in operation.> PPD3 - Thematic Independent Study - the research and critical thinking skills from Personal and Professional Development (PPD) 2 and build upon their research proposals. This unit helped me to understand the intricate relationship between theory and practice. Improved my self-management in terms of time, planning, behaviour and motivation.Association of Business Executive:Business,Expected in2013-Oshwal College-Nairobi,GPA:Status-Completed the Association of Business Executive. This associate had levels and units as follows:Certificate in Business - Level 3 includes the following units:> Introduction to Business.> Introduction to Quantitative Methods.> Introduction to Accounting.> introduction to Business Communication.Diploma in Business Management (Higher) - Level 5 includes the following units:> Human Resource Management.> Managerial Accounting.> Marketing Policy, Planning and Communication.> Organisational Behaviour.> The Business Environment.> Economic Principles and their Application to Business.> Financial Accounting.> Quantitative Methods for Business and Management.Diploma in Business Management (Graduate) - Level 6 includes the following units:> Corporate Finance.> Corporate Strategy and Planning.> International Business Case Study.> Managing in Organisation.> Strategic Marketing Management.
SkillsOrganization - managing responsibilities in a particular manner and keeping track of those responsibilities.Time Management - Good time-management skills go hand-in-hand in with strong organizational capabilities. Budgeting time will give the allowance of managing the work efficiently.Adaptability - its always the best for me to adapt quickly and easily as my way of understanding the procedures is through planning everything in my mind as the work is being allocated.Communication - allows me to interact best with the colleagues, clients and receive the best feedback from their side after completing the conversation.","SummaryMultifaceted technical career with 15+ years' track record of innovation and success.
Accomplished, enthusiastic, and driven Software Engineer with a solid history of effective systems engineering in Client/Server/ Web / Enterprise software and SaaS / SOA development. Well recognized for strong leadership and project management abilities while leading cross-functional teams in fast-paced, competitive work environments.  Willing to multitask on projects in personnel and database management and architecture/design.
HighlightsC#, ASP.NET, MVC, SQL, JavaScript, Java, Web Services, Agile, Scrum, ETL, PHP
Tools:
Visual Studio, SSRS, SSIS, IIS, SharePoint, Eclipse, Apache, Cognos, SQL Server, Oracle
Experience08/2011toPresentSoftware Engineering ManagerCapital One–Cedarhurst,NY,Orchestrate key internal IT developments for large-scale enterprise solutions while managing budgets and capacity planning company-wide.Cross-train a professional team of 10+ employees on software development using C#, ASP.NET and JavaScript, and SQL.Foster relationships between competitive organizations in order to coordinate cross-functional software, oversee career guidance/progress, and monitor success ratios.04/2008to08/2011Senior Software EngineerJohnson & Johnson–Pennsylvania,AL,Coordinated highly responsive web-based software development using C#, ASP.NET and JavaScript, SQL and Dojo.Built loyalty and rapport as a result of strong written and verbal communication while overseeing, supporting, and enhancing existing systems and software.Strategically maintained department and enterprise Cognos reporting systems, along with system architecture/ design.Troubleshot database and reporting issues.04/2003to08/2008Senior Software Engineer/ArchitectLockheed Martin–Las Cruces,NM,Led teams in full life cycle software development using C#, ASP.NET and JavaScript, SQL as a result of strong expertise in supporting and enhancing existing legacy systems and software.Assigned to train others and maintain the department and enterprise Crystal reporting systems, along with system architecture and design..Acquired further multi-department exposure as Development Manager at Matrix Bancorp, and Supervisor/ Developer at MCI WorldCom.
EducationExpected intoto:Computer Science Information SystemsUNIVERSITY OF LOUISIANA ASHFORD UNIVERSITY-MONROE CLINTON,LA IAGPA:Computer Science Information Systems
SkillsASP.NET, Agile, Apache, budgets, capacity planning, Cognos, competitive, Crystal, database, Eclipse, ETL, full life cycle, functional, PHP, IIS, Java, JavaScript, managing, C#, SharePoint, MVC, enterprise, Oracle, Developer, progress, rapport, reporting, Scrum, software development, SQL, SQL Server, Supervisor, system architecture, verbal communication, Visual Studio, written"
"The Senior Tax Accountant is responsible for performing complex tax preparation, tax research and tax planning with minimal supervision. This position also provides work direction and technical guidance to less experienced staff. The senior tax accountant contacts clients to resolve minor tax matters. This role performs tax planning under direct supervision.
Required Experience: Bachelors degree in Accounting required with 3 - 5years experience in accounting or relatedfield Eligible to sit for CPA certification Demonstrate strong interpersonal, communication, analytical and problem solving skills Proficient in Word and Excel Attention to detail Possess ability to self-motivate, work with a sense of urgency, and to prioritize tasks Ability to work well with others Willingness to learn
Essential Job Requirements:
 Ability to manage multiple projectstasks simultaneously Ability to work in a cross functional team environment, while also building strong partnerrelationships Ability to learn new tasks as well as accept direction on given assignments Possess strong organizational and analytical skills
Primary Duties:
 Prepares complex tax returns and tax research Reviews tax work of less experienced staff Reviews tax information supplied by client, may meet or call client with questions Recognizes, anticipates and resolves tax issues; makes recommendations Market Crosslin services to existing and prospective clients","SummaryFinancial Accountant specializing in financial planning, reporting and analysis in both private and public sectors.Well-informed accountant adept at supplying quick responses to financial inquiries from internal management and potential clients.Creative accountant equipped with a broad knowledge of concepts and strategies to yield the best possible financial outcomes.
HighlightsPeriodic financial reporting expertInvoice coding familiarityStrong communication skillsGeneral ledger accounting skillsComplex problem solvingAccount reconciliation expert
ExperienceAccountant,06/2012-09/2015Ametek, Inc.–Wilmington,MA,I have worked at Shantilal Gala & Company (Nairobi, Kenya) which is an Audit firm, since 2nd July 2012.I was employed as an Accountant in the Firm.Maintained accounts receivable documentation electronically and on paper.Processed bank reconciliations and financial reports to verify practice of p weekly and monthly.Increased efficiency and alleviated work loads by creating a new Excel financial recording system.Collaborated extensively with auditors during preliminary and year-end audit processes.Entered weekly sales and customer count sheets for review by management.Processed payroll, electronic deposits and employee pay adjustments.Collaborated extensively with auditors during preliminary and year-end audit processes.
EducationSelect  One:,Expected in--,GPA:Status-Bachelor of Arts:Business Studies,Expected in2014-University of Greenwich-Nairobi,GPA:Status-Completed the Bachelor's degree in Business of Arts - BA Honors Business Studies achieving a Second Upper Class Honors.The units included in the Academic Session (2012/2013) are as follows:> Managing Strategy - involves the formulation and implementation of the major goals and initiatives taken by a company's top management on behalf of owners, based on consideration of resources and an assessment of the internal and external environments in which the organization competes.> International Business Management - involves the understanding for an international career in various industries. Today’s world revolves around business. Networking on a global scale and recognising opportunities, or creating them yourself. International Business Management brings one a step closer to success on an international level.The units included in the Academic Session (2013/2014) are as follows:> Small Business Development - involves the process of how to own corporations, be into partnership and become a sole proprietors. These kind of developments are common in many countries, depending on the economic system in operation.> PPD3 - Thematic Independent Study - the research and critical thinking skills from Personal and Professional Development (PPD) 2 and build upon their research proposals. This unit helped me to understand the intricate relationship between theory and practice. Improved my self-management in terms of time, planning, behaviour and motivation.Association of Business Executive:Business,Expected in2013-Oshwal College-Nairobi,GPA:Status-Completed the Association of Business Executive. This associate had levels and units as follows:Certificate in Business - Level 3 includes the following units:> Introduction to Business.> Introduction to Quantitative Methods.> Introduction to Accounting.> introduction to Business Communication.Diploma in Business Management (Higher) - Level 5 includes the following units:> Human Resource Management.> Managerial Accounting.> Marketing Policy, Planning and Communication.> Organisational Behaviour.> The Business Environment.> Economic Principles and their Application to Business.> Financial Accounting.> Quantitative Methods for Business and Management.Diploma in Business Management (Graduate) - Level 6 includes the following units:> Corporate Finance.> Corporate Strategy and Planning.> International Business Case Study.> Managing in Organisation.> Strategic Marketing Management.
SkillsOrganization - managing responsibilities in a particular manner and keeping track of those responsibilities.Time Management - Good time-management skills go hand-in-hand in with strong organizational capabilities. Budgeting time will give the allowance of managing the work efficiently.Adaptability - its always the best for me to adapt quickly and easily as my way of understanding the procedures is through planning everything in my mind as the work is being allocated.Communication - allows me to interact best with the colleagues, clients and receive the best feedback from their side after completing the conversation.","ProfileSoftware Test Engineer with two years of experience and a recent Computer Information Systems degree. Earned a reputation as a hard worker with a strong work ethic and a team player. Regularly volunteer for extra work or helps others to get the job done.
SkillsMicrosoft Test Management, Jira, VMWare, Test Complete, Test Execute, SeleniumProgramming: C#, C++, Java, JavaScript, .Net, HTML, XML,Software: Microsoft Office, Microsoft Visio, Microsoft Project, Microsoft Visual Studio, Microsoft Team Foundation ServerCertificationsCompTIA Security+, June 2013, CompTIA A+, May 2013, Microsoft Windows 7, August 2013
Professional Experience10/2015toPresentSoftware Test EngineerConduent Incorporated–Elkridge,MD,Work on the software testing for the Navy System for Naval Target Control.Troubleshoot the software to find any imperfections causing issues with the program's functionality.Created test scripts in Word according to the requirements designated by the Navy.Modified the proprietary testing tool to be more efficient for every day work.Helped in the planning and organizing of the software testing for the Navy Command Datalink Program.Verified that the software and hardware were properly working as described in the software requirements.Prepared and maintained the Requirements Verification Traceability Matrix in Excel.Excellent written and verbal communication skills.Ability to work well within a team to accomplish tasks and goals.Tools Used: VMware, Microsoft Office 2016, Microsoft Visio 2015, Microsoft Test Management 2015.12/2014to07/2015Software Test EngineerConduent Incorporated–Harrisburg,PA,Worked as part of team of 8 to monitor small business application to monitor and track bugs in the program.Manually tested the product in Jira for bugs on a daily basis.Team ensured releases were finished on time.Created test scripts in Excel and imported into Jira using a proprietary tool according to requirements.Modified the proprietary testing tool to be more efficient for every day work.Helped in the planning and organizing of the AWS German Language project.Verified bugs were fixed by developers in a timely manner and working properly within the product.Selected to write and scripted test cases for localization of product in the German market.Created and maintained virtual machines for the company's testing environment for potential clients.Accomplished weekly hot fixes for software releases for the company's small business application.Excellent written and verbal communication skills.Ability to work well within a team to accomplish tasks and goals.Tools Used: VMware, Microsoft Office 2013, Jira, Microsoft Visio 2013, Microsoft Test Management 2013.06/2013to10/2014Software Engineer/Quality AssuranceSURVICE Engineering Company, AFLCMC/EZJW–City,STATE,Work with CLASSIFIED Material daily.Programmed in C#, Visual Basic, and C++ to complete and develop projects for the JTCG/ME contract on a daily basis.Troubleshoot programs to find and fix bugs causing issues with the program's functionality.Generated Software Description documents and Testing Plan documents from test reports.Created test scripts using C# and Visual Basic to detect classification issues within the product.Selected to modify and update Microsoft Team Foundation Server.Developed test scripts for 5 stand-alone programs for the JTCG/ME contract.Setup automation testing for 5 stand-alone programs for the JTCG/ME contract.Prepared the product's Engineering Builds to be shipped to the external developers and customer.Assisted in the setup and maintenance of SQL Server 2014 for the JWS contract.Tools Used:  Microsoft Visual Studio 2013, Microsoft Team Foundation Server 2013, Microsoft Office 2013, and Test Complete/Test Execute.06/2006to12/2007Airborne InfantrymanUnited States Army–City,STATE,Conducted Team Leader duties for an element of 6 personnel.Generated and maintained After Action Review Reports for the Commander.Planned and organized team movements during training missions.Maintained team equipment in excess of $200K on a daily basis.U.S.Army EOD training.Utilized knowledge of Personnel Weapon Systems and US Army EOD training.
Education and TrainingExpected inMay 2015totoBS:Computer Information SystemsSaint Leo University-Saint Leo,FLGPA:GPA: 3.566Computer Information Systems GPA: 3.566
Skills.Net, A+, Army, automation, C++, hardware, clients, XML, German, HTML, Java, JavaScript, Team Leader, market, C#, Excel, Microsoft Office, Microsoft Project, Microsoft Visio, Microsoft Windows 7, Word, Navy, Naval, organizing, Personnel, Programming, scripts, software testing, SQL Server, Troubleshoot, verbal communication skills, Visual Basic, Microsoft Visual Studio, Excellent written"
" Experienced in Salesforce Industries Communications cloud.Certification a plus*10+ years in SFDC 5+ years of experience in Telecom domain solutioning for Quoteto Cash Architect software solutions using Vlocity, Omnistudio,Salesforce API framework, and 3rd party APIs. Solution design of custom solutions on the Vlocity platform Strong understanding of Salesforces capabilities and limitationsand can clearly communicate those to customers. Own overall architecture design and solutioning. Lead Solution discussion &amp; present solutions options toCustomer IT team &amp; Business on Guide the onsite-offshore development team in translating thesolution Architecture into an ImplementationShould have a thorough understanding of Salesforce.com projectlifecycle Experience reviewing and documenting code Knowledge on Source Control &amp; deployments to higher environments","Career OverviewSenior data analyst with 8+ years experience in Business/Data Analysis, Data Profiling, Data Mining and Reporting. 8+ years in PL/SQL and T-SQL programming. 7+ years experience with Oracle database. 6+ years experience in SQL Server 2005/2008/2012. 4+ years experience with SAS and Teradata Proficient in advance Excel functions, pivot, graphs, vlookup and macros. Knowledge of Big Data Ecosystem such as Hadoop, Hive and HDFS.
QualificationsOperating System:		Windows XP/7/8/10, Ubuntu 12.04, Mac OS.Programming Languages: PL/SQL, SQL, C++, Java, UNIX, Visual Basic.Database: 			Teradata, Oracle 8i/9i/10g/11g, SQL server 2003/2005/2008, SAS, MS Access.Scripting: 			Python.Reporting tools:		Hyperion, Brio, Omniture, JMP, Tableau, SAS and Excel.ETL tools:			Teradata FastLoad, Teradata FastImport, SQL Server, SAS Enterprise Guide.Other tools:		TOAD, SAS Enterprise Guide, SAS Enterprise Miner, Putty, Cygwin, Filezilla, WinSCP.Web Technology:		HTML, XHTML, XMLDesign Methodologies:	MS Visio, Erwin
Work Experience08/2011toPresentSenior Technical Data Analyst ConsultantC.H. Robinson Worldwide, Inc.|Orlando,FL,Involved in requirement gathering, creating Function Requirement Document, Technical Design Document, Process Flow documents, Data Dictionary using MS Words, MS Excel and MS Visio.Extensive experience in writing SQL, PL/SQL, T-SQL on Teradata, Oracle and SQL Server 2008/2012 and SAS Database Created and maintained Supply chain reporting.Automated new and existing reports by using Teradata BTEQ batch scripts.Created reports in SAS 9.2.Performed ETL from Text/CSV to SAS and SAS to Teradata/Oracle.Used SQL Server, Teradata FastLoad, Teradata FastImport for ETL Monitor UNIX production jobs through putty.Experience in UNIX Scripting.Performed GAP Analysis between processes, data and reports.Performed UAT on the production and staging database and documented the UAT results for Business.Provided SAS and SQL training non-technical members of the team.Experience using business analysis and requirements modeling tools, such as data flow diagrams, relationship data models, XML modeling, business process modelling.Conduct data analysis in support of applications and projects, including identifying and documenting business rules, data needs and data specifications.Perform Technical Data Profiling including the development of baselines, statistics and aggregated data attributes.06/2008to07/2011Senior Marketing Data Analyst ConsultantRoyal Caribbean Cruise Lines Ltd|City,STATE,Worked as a part of Celebrity Cruises CRM team which maintains 80+ million customer and transactional data.Created SAS Marketing data models for marketing by using Proc SQL programming in SAS.This data model helped to predict the probability of what segments of customers would choose type or destination of cruise.Performed QA and ad-hoc analysis on customer and transactional data in Oracle and SQL Server using SQL,PL/SQL and T-SQL.Worked with direct marketing team to provide potential customer data for their Email and Direct Marketing campaign.Worked with 3rd party travel agents to update RCCL customer database by importing customer data in flat files into oracle database.Provided idea's and strategies to indentify target customers data for a marketing camapigns.Created reports and analysis on the performance of a marketing campaign by identifying targeted audience for a marketing campaign Vs total bookings achieved from the original data.Created reports on the Celebrity.com website performance using Omniture site catalyst.Created Ad-hoc and scheduled reports on customer profiles and behavior, sailing and transactional data.Supported different teams such as Sales, Air and sea, Customer care with reporting, ETL, Analysis and testing.Created reports on customer info, cruise sailings, web bookings etc.Used reporting tools such as Hyperion, SAS, JMP, Brio, Omniture and Excel.Automated reports in SAS and Hyperion.Provided basic SAS Training to different teams within Royal Caribbean Cruise lines Created presentations slides, for the senior management.05/2007to04/2008Data Analyst ConsultantChoice Point Inc|City,STATE,Performed Data Analysis and Data Validation by writing PL/SQL Queries on TOAD against the Oracle Database.Created Data Dictionary, Data Mapping and Used cased documents on various Data sets like Government records, Public Records, Corporate records etc using Excel.Performed Data Modeling by creating Logical and Physical Data Model of the database system.Analyzed and created multiple ad-hoc and scheduled reports for users based on User Requirements.Created ER diagrams, Data Flow Diagrams and Data Mapping documents using MS Visio and words Interacted with users for verifying user requirements, managing change control process, updating existing documentation.Worked extensively with Flat files such as .txt, .csv, .xml.Performed Data Mapping and generated reports on the mapping results using Excel.Developed, tracked and managed Issues Log created during the test phase.Managed and tracked defects using Quality Center.01/2007to04/2007Business Data Analyst ConsultantSnap-On Business Solutions|City,STATE,Responsible for writing Functional Requirement Specifications and User Requirement Specification.Interacted with users for verifying user requirements, managing change control process, updating existing documentation.Wrote standard and complex SQL and PL/SQL Queries to perform Data Validation and Graph validation to make sure test results matched back to expected results based on the user needs.Involved in QA check on Flat files my importing into SQL Server database and performing quality and volume checks.Involved in Logical and Physical data modeling.Created reports as per Business Requirements and developing drill down reporting.Created process documents, reporting specs and templates, training material and slideshow presentations for the application development teams and managements.Created and maintained process flow documentations with data flow diagrams.
Education and TrainingExpected inDecember 2008totoM.S|Computer ScienceInstitute of Technology (SUNY),Utica,NY.GPA:Computer ScienceExpected inMay 2004totoB.S|Computer EngineeringMumbai University,Mumbai,GPA:Computer Engineering
SkillsAd, application development, basic, Brio, business analysis, business process, C++, com, CRM, Customer care, Data Analysis, Data Dictionary, Data Modeling, Data Validation, Database, Direct Marketing, Documentation, Email, Erwin, ETL, senior management, XML, Functional, Government, HTML, Hyperion, Web Technology, Java, Mac OS, managing, marketing, MS Access, MS Excel, Excel, Windows XP, MS Words, modeling, Enterprise, Operating System, Oracle, Oracle 8i, oracle database, PL/SQL, Oracle and SQL, predict, presentations, processes, Programming, Python, Quality, QA, reporting, Requirement, Sales, SAS, SAS 9.2, scripts, Scripting, Specification, SQL, SQL Server, statistics, Supply chain, Tableau, Teradata, TOAD, training material, T-SQL, type, UNIX, UNIX Scripting, validation, Visio, Visual Basic, website, XHTML","Professional SummaryExperienced Data Analyst committed to maintaining cutting edge technical skills and up-to-date industry knowledge.
SkillsPython and R  proficientTableau, Power BISQL, MySQL, HadoopMicrosoft Excel proficientExcellent communication skillsPhotoshop, SharePoint, Adobe Creative  SuiteHTML5, CSS3, JavaScriptJava, AndroidExcellent problem-solving abilities
Work History01/2018toPresentData Analyst–Long Island City,,Implementing data pre-processing using python to clean a dataset containing over million entries and generating valuable insights from the clean dataset through visualizations.Using Natural Language Processing toolkit- NLTLK package to perform topic segmentation and analyzing the trends in equipment features over years at John Deere.Using Google Analytics to analyze data of the mobile applications and make data driven decisions to improve customer support and experience.01/2018toPresentTechnology ConsultantJones Lange Lasalle Inc.–,,Providing strategic consulting for a leading company in the electrical data networking industry to implement a governance framework on their intranet portal.Developing a business model for the client to improvise their intranet design, optimizing item placement, usability and searchability.11/2017to01/2018Data Analyst InternHewlett Packard Enterprise–,,Worked with AACSB process manager for data extraction and cleaning using R and analyzed the data using descriptive visualizations in Tableau.Compiled information on faculty activities, collected data for surveys, performed data quality control activities using Microsoft Excel.Transformed the data using data wrangling in a format specified by the management.12/2015to01/2016Application Developer and Content Management InternDo It Best Corp–,,IndiaInteracted with senior professionals to develop and design business processes to enhance the functionality of the Android application.Implemented the business processes on the backend using JSON.Used Tableau for data collected from multiple sites to generate insights for the senior professionals to carry out decision making.
EducationExpected inDec 2018totoM.S:Information ManagementUniversity of Illinois-Urbana Champaign,ILGPA:Information Management GPA: 3.50Expected inMay 2017totoB.E:Information TechnologyUniversity of Mumbai-Mumbai,GPA:Information Technology GPA: 3.95Expected inMay 2014totoDiploma:Information TechnologyShri Bhagubhai Mafatlal Polytechnic-,GPA:Information Technology GPA: 3.75
SkillsAdobe Illustrator, Photoshop, Big Data, BI, Business Intelligence, business processes, Business Research, Competitive Intelligence, consulting, CSS3, Client, customer support, Data Processing, Data Mining, Data Modelling, Data Visualization, Database Management, decision making, features, Google Analytics, HTML5, Java, JavaScript, JSON, Knowledge Management, lEADERSHIP, Microsoft Excel, Microsoft Office, SharePoint, MySQL, Natural Language Processing, networking, Programming, Project Management, Python, quality control, SQL, Statistics, strategic, surveys, Tableau"
"Backed by a leading growth equity firm, an LA based CPGFood & Bev company is looking for a strong accounting professional who is motivated to join a dynamic, high-growth company. You will be a key contributor to a small Finance & Accounting team and will report directly to the Controller. As they continue to grow, there will be opportunities for learning and exposure to various key accounting areas.
Responsibilities: Assist with annual audit and SOX compliance activities Collaborate with Finance Team on month close AP Assist with AR Prepare weekly bank reconciliation Inventory accounting activities Reconcile intercompany balances and review transactions Prepare Unrealized and Realized FX gain and loss analysis Create journal entries for month-end close and year-end close Prepare consolidated financial statements Prepare Monthly Flux Analysis Review, investigate, and correct errors in financial entries, documents, and reports Balance Sheet Reconciliations Develop and maintain internal controls and accounting policies and procedures.
Requirements: Bachelors degree in accounting 5 years of accounting experience (CPG industry with inventory preferred) OR 2+ years of audit experience (with inventory) Experience in creating policies and procedures is a plus Experience in a high growth and fast-paced environment Intermediate to advanced Excel
Compensation: Base + bonus + equity 95% of the employee health care cost 401k Dog friendly office

Due to the high volume of applications we receive, we are unable to respond to every submission.","SummaryHardworking Senior Accountant proficient in providing cost-effective and accurate accounting. Exceptionally talented at preparing financial statements, reconciling transactions and employee development. Highly-motivated employee with desire to take on new challenges. Strong worth ethic, adaptability and exceptional interpersonal skills. Adept at working effectively unsupervised and quickly mastering new skills.
SkillsExperience with software programs including but not limited to SAP, Microsoft Word, PowerPoint, ExcelAbility to lead and motivate other team members to achieve goalsStrong verbal and written communication skills.Generally Accepted Accounting PrinciplesGeneral Ledger UpdatesMonthly and Annual Journal EntriesInventory VerificationVerbal and Written CommunicationCash AnalysisProblem-SolvingAccounting Policy and ControlInventory AssessmentAccount ReconciliationReport PreparationAccounts PayableProcessing Checks and InvoicesFinancial ReportingCritical Thinking and AnalysisFinancial StatementsFixed Assets ManagementJournal Entry Preparation
Experience07/2021toCurrentSenior AccountantOcean Spray–Chatsworth,NJ,Maintained general ledger and chart of accounts, performed complex accounting functions such as journal entry preparation, account analysis, balance sheet reconciliation and preparation of quarterly financial statements.Oversaw month-end closing process, prepared financial statements and managed advanced reconciliations.Prepared company's financial reports in accordance with established policies and procedures.Reorganized systems in the accounting department to improve efficiency and cut excess spending.Established controls and reporting systems to optimize governance structure.Managed AP and AR operations, coordinating staff workflows and reviewing completed work to reduce errors.Managed day-to-day finance operations by working closely with accounting, accounts payable, accounts receivable and payroll staff to provide direction.Prepared and presented operational reports to senior management and executive teams.Consistently tested and developed strategies to improve information flow throughout organization.Developed and coordinated trainings to help individuals learn company policies and procedures and job tasks.Created training materials, schedules and presentations for new accounting employees.Evaluated individuals regularly for progress or growth potential to guide decisions regarding advancement and additional training.04/2019to07/2021AccountantBridgestone Corporation–Antioch,TN,Compiled, coded and submitted invoices to accounting for payment.Analyzed invoice and expense reports, identified variances and researched issues to correct problems and maintain financial compliance.Received and recorded cash, checks and transfers.Prepared bank deposits by verifying and balancing receipts and sending cash and checks to banks.Monitored customer account details to minimize or rectify non-payments, delayed payments and other irregularities.Generated, mailed and monitored invoices.Evaluated open accounts to look for past-due balances and pursue collection strategies.Performed various accounts receivable functions, handled cash receipts posting, updated cash flow reports and researched chargebacks and write-offs.Processed new customer forms to set up accounts in system.Assisted in streamlining accounts receivable process by identifying areas for performance improvement.Prepared monthly and year-end closing statements, financial documents and invoices.Examined financial statements and income statements to review company's financial performance.Analyzed monthly department budgeting and accounting reports to maintain expenditure controls.Reviewed financial information detailing assets, liabilities and capital and prepared balance sheets and profit and loss statements.Developed and documented business processes and accounting policies to maintain and strengthen internal controls.Conducted forecasting and risk analysis assessments to maintain financial stability.Developed reports for areas such as per-job and per-area margins, periodic variances and break-even points.Tracked and monitored inventory and conducted cycle counts to maintain accurate records.01/2017to10/2018Sales Tax AuditorCity Of Peoria–Peoria,IL,Conducted independent field audits and investigations of sales tax returns to verify information provided.Independently conducted and completed audit work in compliance with Generally Accepted Accounting Principles, Generally Accepted Auditing Procedures and Division requirements.Determined scope of audit to develop testing of internal controls and reconciliations.Observed, compared, and reviewed financial records to ensure compliance with State of Texas sales tax laws.Determined additional tax liabilities from taxpayer records or other available information; ability to effectively estimate liabilities when records were unavailable.Examined accounting systems and records to determine appropriateness of methods and controls.Educated taxpayers in computing and reporting taxes due by researching and explaining requirements, rules, regulations, and procedures in accordance to State of Texas sales tax laws.Compiled detailed reports of audit findings to discuss with supervisor.Demonstrated continuous effort to improve operations, decrease turnaround times and work cooperatively to provide quality customer service to taxpayersPassed all required training courses such as Basic Audit, Sampling, Intermediate Audit and Advanced Audit training.
Education and TrainingExpected in12/2024totoGraduate Certification in Professional Accounting:Lamar University-Beaumont,TXGPA:Expected in05/2016totoBachelors of Business Administration:AccountingLamar University-,GPA:","SummaryHaving achieved a milestone of 7+ years of working as a software quality process manager within the financial software industry, I would be a great addition to your product management team as I have extensive experience with coordinating and managing efforts with multiple teams consisting of solution architects, project/program managers, product managers, and production support to name a few. In addition, my experience has taught me flexibility and versatility in developing innovative resolutions to a myriad of complex organizational problems while also dealing directly with clients.
Key SkillsMicrosoft Office SuiteSharePointHP Quality CenterTRACCrystal ReportsSQLFailure Modes Effects Analysis (FMEA)Requirements ManagementSystem-a-tion Business Analysis CertificationCertified HelixPlan Methodology FacilitatorSystem-a-tion Business Requirements CertificationVisual Basic (VB.Net)HTML
ExperienceSoftware Quality Assurance Consultant,03/2010-05/2015Valmet Corporation–Little Rock,AR,QA software process manager on large scale enterprise implementation projects for multiple national/international financial institutionsManaging the development and implementation of cross-company QA process throughout the SDLC including estimation, forecasting, budgeting, requirements review(s), requirements traceability, test schedule, overseeing testing execution, and defect resolution for implementation(s)Process Management- collaborated/coordinated with senior leadership to design end-to-end process methodology that led to an increase in overall estimation and forecast accuracy by more than 12% on project implementationsProcess Development- developed process templates to close gap between client user experience and end customer experience that resulted in identifying additional requirements that would have created a scope gap later on in the SDLCProcess Improvement- integrated QA methodology with the program/project management practice to create software quality standards across client and internal teams within the SDLC that resulted reducing implementation defects by 28% on averageBusiness Analyst,2009-03/2010Metavante–City,STATE,Manage scope and requirements on medium to large scale financial institution projects for enterprise flagship productsDefined requirements by coordinating with solution architect and vendor teams to define testable requirements and scope for implementation projectsRequirements Management- analyzed client business needs to formulate project scope & requirements to efficiently translate to technical and testable requirements while cutting down hours for internal teamsRelationship Management- developed collaborative relationships with product teams to identify appropriate coverage of business requirements while reducing gaps by 5% on all projectsDocument Management- identified necessary documents to fulfill clients' business needs and ensured accuracy and completeness by conducting audits throughout the SDLC to identify gaps early in the SDLC while reducing number of necessary change requests by clients on projectsUser Scenario Development- coordinated user scenarios and screen mock-ups with clients that increased test coverage allowing early detection of defects within the SDLCSoftware Test Analyst Intern,02/2008-2009Metavante–City,STATE,Perform manual testing on small to medium scale implementation projects for internal systems linking directly into client environmentsDeveloped and managed test plans, test cases, test execution, and defect identification/verificationData Analysis- created test execution reports to identify any potential risks to meeting implementation deadlines Test SuiteDevelopment- coordinated testing efforts with business analysts, QA leads, and technical analysts to develop testing suite and increased overall testing efficiency by 5%Defect Management- identified and managed software defects prior to client implementation, resulting in reduced development re-work by 8% Mentoring - trained newly hired interns & full-time employees on product specifications/functionality through presentations that effectively reduced learning curve by 30%
EducationMBA:,Expected in2017--,GPA:Status-Expected to start in Fall 2015Bachelor's:Business Administration,Expected in2008-University of Wisconsin-Milwaukee,WisconsinGPA:Status-Emphasis in finance & marketingPMP Certification                                                                                              In Progress:,Expected in--,GPA:Status-
LanguagesUrdu                                               Hindi                                           English"
"The Qualtrics XM Platform is a system of action that helps businesses to attract customers who stay longer and buy more, to engage and empower employees to do the best work of their lives, to develop breakthrough products people love, and to build a brand people cant imagine living without.
Joining Qualtrics means becoming part of a team bold enough to chase breakthrough experiences - like building a technology that will be a force for good. A team committed to diversity, equity, and inclusion because of a conviction that every voice holds value, with a vision for representation that matches the world around us and inclusion that far exceeds it. You could belong to a team whose values center on transparency, being all in, having customer obsession, acting as one team, and operating with scrappiness. All so you can do the best work of your career.
We believe every interaction is an opportunity. Are we yours?
At Qualtrics, we create software the worlds best brands use to deliver exceptional frontline experiences, build high-performing teams, and design products people love. But we are more than a platformwe are the creators and stewards of the Experience Management category serving over 18K clients globally. Building a category takes grit, determination, and a disdain for conventionbut most of all it requires close-knit, high-functioning teams with an unwavering dedication to serving our customers.
When you join one of our teams, youll be part of a nimble group thats empowered to set aggressive goals and move fast to achieve them. Strategic risks are encouraged and complex problems are solved together, by passing the mic and iterating until the best solution comes to light. You wont have to look to find growth opportunitiesready or not, theyll find you. From retail to government to healthcare, were on a mission to bring humanity, connection, and empathy back to business. Join over 6,000 people across the globe who think thats work worth doing.
Software Engineer - Intern
Why We Have This Role
As a software engineer at Qualtrics, you will be building systems to help our customers both understand and respond to the experience data provided by their customers or employees. Designing systems in an agile environment to withstand hyper growth and owning quality from end to end is a rewarding challenge and one of the reasons Qualtrics is such an exciting place to work!
How Youll Find Success
Strong level of curiosityAbility to create trust in customers and teams through thorough communicationTakes initiative and shows scrappiness in getting things doneProven ability to work well in teams - partnering with managers, cross functional teams, and teammatesTakes analytical mindset to approach problems and find solutionsShows desire to learn new skills and grow in the role
How Youll Grow
Develop the ability to build scalable, fast, robust, and simple SaaS solutions.Develop familiarity with containerization and full-stack development.Learn to implement new functionality from provided requirements and specifications.Benefit from working with other engineers, tech-ops, and product managersLearn Agile methodologies by attending daily stand-up meetings, prioritizing tasks, and working with a sense of urgency to meet a scheduled plan to deliver value to our customers
Things Youll Do You'll own a project. It will push you out of your comfort zone, and you'll see meaningful growth as a result.Design distributed, low latency services for ingesting, processing, and aggregating dataBuild integrations with SaaS leaders like Slack, Salesforce, and TableauCreate analytics that identify trends and sentiment in free-form text data using natural language processing and machine learningBuild widgets for visualizing data in dashboards and reportsDevelop an integrated ticketing platform that allows organizations to close the loop on customer feedbackBuild world-class survey editing and survey taking experiences
What Were Looking For On Your Resume
Currently studying for a degree in Computer Science, Software Engineering, or Computer EngineeringExperience with Web-related technologies including HTMLCSS and JavaScriptExperience with JavaScript frameworks including angular or nodeExperience with modern programming languages (Java, PHP, Scala)Database  Data Storage experience (SQL  MySQL)Strong level of curiosityMust be legally authorized to work in job location without Qualtrics sponsorship now or in the futureAvailable for a 12 week internship during summer of 2024
What You Should Know About This Team
Our team is a collection of extremely passionate engineers who are riding the cutting edge of cloud computing and web scalability. We organize and sort terabytes of data and develop solutions that are used by millions of users every day. We design tools that make sophisticated research simple. Few teams offer such amazing learning opportunities and possibilities for advancement like the Qualtrics Engineering team.
Our Teams Favorite Perks and Benefits
Relocation and financial support for housing.We like to retain our high performers. In fact, 85% of our interns receive an offer to return full time after graduation.ExeQtive Chats connect you with our executive team through Q&As and discussions about their career journeys.You'll have opportunities to develop professional skills & learn more about career opportunities though business-specific learning sessions.You'll be assigned a mentor on day one. They'll be a great resource to get advice or direction on your project as well as your personal development and career path.Seattle employees enjoy commuter benefits, weekday catered lunches, and access to the Qualtrics Tower fitness center.
Must be legally authorized to work in job location without Qualtrics sponsorship now or in the future
The base pay range for this position is $68.5k - 85.5k per year; however, base pay offered may vary depending on location, job-related knowledge, education, skills, and experience. Relocation assistance may be included in an employment offer, in addition to a range of medical, financial, and other benefits, based on eligibility criteria.
Qualtrics is an equal opportunity employer meaning that all qualified applicants will receive consideration for employment without regard to race, color, religion, sex, sexual orientation, gender identity, national origin, disability, status as a protected veteran, or any other protected characteristic.
Applicants in the United States of America have rights under Federal Employment Laws: Family & Medical Leave Act, Equal Opportunity Employment, Employee Polygraph Protection Act
Qualtrics is committed to the inclusion of all qualified individuals. As part of this commitment, Qualtrics will ensure that persons with disabilities are provided with reasonable accommodations. If reasonable accommodation is needed to participate in the job application or interview process, to perform essential job functions, andor to receive other benefits and privileges of employment, please let your Qualtrics contactrecruiter know.
Qualtrics Work Experience - As we look to the future, we believe that our teams are better together. Being together will help us learn more, grow faster and ultimately deliver better results for our customers and Qualtrics. Roles tied to an office location work 4 days per week in the office together and 1 day from home, with a strong spirit of flexibility around taking time for personal, health, and family moments in our work weeks. Our managers work with their teams to create a collaborative, engaged work environment, and arrangement that works for each of our team members.
Not finding a role thats the right fit for now? Qualtrics Insiders is the one-stop shop for all things Qualtrics Life. Sign up for exclusive access to content created with you in mind and get the scoop on what we have going on at Qualtrics - upcoming events, behind the behind the scenes stories from the team, interview tips, hot jobs, and more. No spam - we promise! You'll hear from us two times a month max with fresh, totally tailored info - so be sure to stay connected as you explore your best role and company fit.","SummarySoftware Developer with overall 3+ years of experience in the development of Web & Enterprise
applications using Java, JavaScript, HTML, CSS and J2EE technologies
SkillsJava 7, Python, Matlab          PL/SQL, MongoDB, MySQL, SQLiteHTML 5, CSS 3, JavaScript, JQuery,      Backbone.js, MVC, SpringPHP, Ajax, JSON, Angular          HibernateEclipse, Visual Studio,          Git, Bit bucket, JiraPyCharm, Net Beans,          Apache Tomcat, Glassfish, MavenIntelliJ IDEA, XAMPP, Tableau          Rest, Soap Web Services,
Experience01/2017to07/2017Software EngineerWithin3–Lakewood,NJ,Developed user interface for windows tablet client application using Java
          frameworks: Swing, JavaFX.Embedded VLC media player into the application using VCLJ
          library.Interacted with YouTube, Periscope and Facebook APIs to play
          live streaming video.Participated in requirement gathering, development, testing and
          deployed the application using webswing server.Analyzed and detected application errors and performance issues.05/2015to08/2016App DeveloperMotion Recruitment–Gilbert,AZ,Worked in both Agile and Waterfall settings.Implemented functionality to capture image, record audio and video
          Developed user profile screens using HTML, CSS and JavaScript
          using Appcelerator Studio.Cooperated with web designers to match the visual design intent.Deployed the
          application on user's phone for beta testing.07/2014to12/2014Web DeveloperWithin3–Los Angeles,CA,Collaborated with other team member to update documentation.Created responsive web design using JavaScript, JQuery
          Tested the website in multiple browsers to ensure cross-browser
          compatibility.Fixed bugs from existing website and built reusable code for future use.06/2012to07/2013Software EngineerBaroda Electrical Ltd–City,STATE,Created database schema and interacted with database to add, update and
          delete records through jdbc.Executed and monitored standards for user interfaces, page design and
          graphics development.Implemented and debugged the algorithm for energy measurement.Enabled dynamic behavior of the site using Bootstrap.Tested the code using Tera Term Emulator to ensure its correctness.
Education and TrainingExpected in2016totoMaster of Science:Computer and Information SciencePurdue University-Indianapolis,INGPA:Computer and Information ScienceExpected in2013totoBachelor of Science:Electronics and CommunicationsGujarat Technological University  Anand-,GujaratGPA:Electronics and Communications
SkillsAgile, Ajax, Apache, audio, browsers, CSS, CSS 3, client, database, documentation, Eclipse, graphics, HTML, HTML 5, PHP, image, Java, Java 7, Beans, JavaScript, jdbc, JQuery, JSON, Matlab, windows, MongoDB, MVC, MySQL, PL/SQL, page, Python, requirement, Soap, streaming video, Swing, Tableau, phone, Tomcat, user interface, video, visual design, Visual Studio, web design, website","Career OverviewHighly accomplished Data Architect / Technical Lead with a verifiable track record of designing and implementing complex IT system and exceeding expectations. Practiced in clarifying business requirements, performing gap analysis between goals and existing procedures/skill sets, and designing process and system improvements to increase productivity and reducecosts. Extensive experience in data mapping, data migration, ETL, and data modeling for OLTP, OLAP, relational and dimensional models. Strong interpersonal skills, highly adept at diplomatically facilitating discussions and negotiations with stakeholders, developers and business leads . Recognized technical leadership skills, consistently delivercomplex, large-scale projects on time and within budget.
QualificationsAnalyticsBusiness IntelligenceManaging ScopeDatabase/Query Performance TuningStructured Query Language (SQL)
Education and TrainingManassas,VAExpected in––BS:Information Systems-GPA:➢ BS, in Information Systems, Strayer, Manassas, VA
Work ExperienceLumen Technologies-Integration Lead/ Data ArchitectNaples,FL,08/2014-04/2015Large Snack Food Company - DallasLarge Beverage Company - New YorkLed data integration effort to completion.Perform data integration troubleshooting with the clients ETL and batch teams.Wrote mapping and WSDL code based on client requirements.Monitored interface data loads using Accenture CAS Mat Tool and custom written SQL.Recommended performance improvements to client and Accenture architectsTexas State Agency - AustinInterfacing with client SMEs to document the as is environment in preparation for a new PBM vendorAnalyzing the organizations reports and interfaces that are needed to continue business continuityCreated and maintain System Inventory, User  Interaction and RICEFW documentationGathering and preparing documentation that was contributed to the RFP and will be used during the transition to a new vendor.Oil & Gas Company - ChicagoLed the creation and definition of the WEDS logical data architecture to support core data types: master data, transaction data, structured/unstructured data, digital documentsDeveloped strategies and options for data migration and data cleansingData Asset Strategy definition, Data Model Definition, Extraction and Transformation logicWrote custom functions and stored procedures to clean and transform dataAccenture Contractor Jobs-Technology ArchitectDenver,CO,05/2014-09/2014Led the technical information gathering effortCreate and demonstrated the importance of RICEFW documentationConducted meetings to discuss the data and process flow of internal and external systemsKey contributor in the evaluation of PBM vendors and their systemsAccenture Contractor Jobs-Data ArchitectSacramento,CA,11/2013-04/2014Led the creation and definition of the WEDS logical data architecture to support core data types: master data, transaction data, structured/unstructured data and digital options for data migration and data cleansing.Assisted with developing strategies for Management Information (MI) activities.Created a successful ETL proof of concept that extracted/transformed/loaded data and then linked the IDs from different systems into one universal ID.Wrote custom functions and stored procedures to clean and transform data.Technical liaison with vendor SMEs during the evaluation of different data applications and documents.Evaluated Smart Plant applications for use in the migration of structured and unstructured brownfield data.Developed strategies and options for data migration and data cleansingData Asset Strategy definition, Data Model Definition, Extraction and Transformation logicAssisted with developing strategies for Management Information (MI) activitiesCreated a successful ETL proof of concept that extracted/transformed/loaded data and then linked the IDs from different systems into one universal IDWrote custom functions and stored procedures to clean and transform dataTechnical liaison with vendor SMEs during the evaluation of different data applications and functionsArmed Forces Services Corporation-Data/Solutions ArchitectCity,STATE,11/2009-09/2013Data Architect and Team lead for a refactoring project.Responsible for leading the development of refactoring a Natural application to C# and from ADAbase to SQL Server.Implemented a process for configuration management within the company.Conducted peer reviews, estimation meeting and conducted testing cycles.Mentored junior developers in database practices and principles.Conducted data migration tasks as required by the company and projects.Moved all key infrastructure services within the company into a cloud infrastructure.Maintained the data integrity of the company's financial data used by Deltek.Created ETL scripts and processes as needed to support the companies' data request.Maintained the availability of all data driven systems.Supported project teams with data tasks.Used as a technical resource during proposals.Booz Allen Hamilton-Data ArchitectCity,STATE,01/2003-01/2009Created complex data models for DoD and government agencies.Worked with classified and unclassified data.Data lead for multiple development projects.Wrote, tested and optimize database scripts and procedures.Designed and implemented database designs used in the development of data driven web based applications.Interfaced with clients to gather reporting requirements.Sent to at-risk projects to win back client confidence.Designed and developed ETL processed for data migration tasks.Performed advance administration and troubleshooting of database engines.Worked with developers to design and optimize data access layers within the application code base.Provided technical feedback to upper management and support staff during proposals.
SkillsEtl, Extract, Transform, And Load, Data Migration, Database, Proposals, Clients, Access, Data Models, Dod, Engines, Web Based, Sql, Testing, C#, Change Management, Configuration Management, Data Integrity, Deltek, Estimation, Ms Sql Server, Natural, Solutions, Sql Server, Team Lead, Application Development, Bottling, Data Integration, Integration, Integrator, Issue Management, Mapping, Master Data Management, Mdm, Technical Product Marketing, Topo, Tpm, Architecture, Data Architecture, Data Cleansing, Data Model, Ids, Liaison, Stored Procedures, Transaction Data, Unstructured Data, Data Mapping, Data Quality, Data Structure, Data Warehousing, Database Analysis, Database Design, Dimensional Data, Federal Government, Microsoft Sql Server, Pricing, Security, Sql Server 2005, Documentation, Process Flow"
"ABOUT THE COMPANYFounded in 1888, Lee Kum Kee, a Hong Kong-based global food company, specializes in creating condiments and sauces that promote Chinese cuisine worldwide. With more than 200 products to choose from, Lee Kum Kee takes the mystery out of cooking authentic and delicious Asian foods in the comfort of your kitchen. Lee Kum Kee is committed to providing authentic and innovative condiments and sauces featuring the highest quality ingredients. Armed with a unique management culture, stringent quality control, superb and innovative products, coupled with the century-long brand reputation, Lee Kum Kee has achieved unanimous recognition and won numerous prestigious awards. Lee Kum Kee (USA) Inc., a division of Lee Kum Kee International Holdings Ltd., has its headquarters and manufacturing facilities in Southern California with more than 300 employees. We are looking for the best and brightest talents to join our company and work together to bring the next level of success!BENEFITSMedical, dental, life insurance covered by the company401(k) retirement plan with company matchTwo (2) weeks vacationsTen (10) paid holidays
POSITION SUMMARY
The Business Analyst will be responsible for managing and maintaining SAP HANA platform, generating and running sales reports and AC Nielsen reports, preparing presentations, and performing ad hoc business analytics assignments. This position will analyze and conduct product and sales channel reviews to identify opportunities and review product performance. Additionally, this position will make feasible recommendations to the team manager and VP of Strategic Planning aimed at enhancing category effectiveness and overall business performance.
 ESSENTIAL FUNCTIONS
Reasonable accommodations may be made to enable individuals with disabilities to perform the essential functions. Conduct data analysis and generate insightful reports to support Sales, product development, logistics, and operations teams in their decision-making processes.Design, develop, and manage reports, dashboards, and reporting portals that integrate data from multiple sources. These tools will be essential for measuring progress, sales performance, and key performance indicators for various business initiatives.Maintain and support AC Nielsen sales data, SAP product data, and SAP HANA sales data. Use this data to create reports that enable managers to monitor sales and product performance effectively.Collaborate with stakeholders to assist in the budgeting process. Monitor performance variances against budget regularly and provide actionable recommendations to address any deviations.Perform ad hoc duties and tasks as assigned, contributing to the overall efficiency and success of the organization. COMPETENCIES
Problem-SolvingLogicalcritical thinkingDetail-OrientedPlanning & OrganizingCustomer Focus Self-development SUPERVISORY RESPONSIBILITIES 
This job has no supervisory responsibilities. QUALIFICATIONS
To perform this job successfully, an individual must be able to perform each essential duty satisfactory. The requirements listed below are representative of the knowledge, skills, andor ability required. Reasonable accommodations may be made to enable individuals with disabilities to perform the essential functions.  REQUIRED EDUCATION, SKILLS and EXPERIENCEBachelor's degree in Math, Statistics, Computer Science, or equivalent quantitative training.At least 2 years of experience in analyzing and interpreting data, along with preferred teamproject management experience.Proficiency in Microsoft Office (Excel and PowerPoint) with strong logical and analytical skills.Eagerness to learn and adapt to data retrieval from systems, including SAP and SAP HANA.Possess strong organizational skills, excellent written and verbal communication abilities, and a natural talent for problem-solving.Demonstrate exceptional problem-solving and analytical skills with a keen eye for detail. LANGUAGE SKILLSThis individual must possess excellent communication and presentation skills both written and verbal. Must be fluent in English.Bilingual skills (read, speak and write) in Chinese (Mandarin or Cantonese) is a must. MATHEMATICAL SKILLSMust be able to apply basic mathematical concepts to perform daily functions. PHYSICAL DEMANDS 
The physical demands described here are representative of those that must be met by an employee to successfully perform the essential functions of this job. Reasonable accommodations may be made to enable individuals with disabilities to perform the essential functions. While performing the duties of this job, the employee is regularly required to use hands and fingers to handle or feel; andor reach with hands and arms.Frequently required to sit. Occasionally lift andor move up to 50 pounds. Specific vision abilities required by this job include ability to adjust focus. WORK ENVIRONMENT 
The work environment characteristics described here are representative of those an employee encounters while performing the essential functions of this job. Reasonable accommodations may be made to enable individuals with disabilities to perform the essential functions. The noise level in the work environment is usually moderate. 
It is Lee Kum Kees policy to seek and employ the most qualified persons in all jobs in a manner which will ensure equal employment opportunity as well as administer personnel actions in a manner as to not discriminate against any person on the basis of race, color, religion, national origin, age, sex, sexual orientation, disability or protected veteran status. Reasonable accommodations may be made to enable individuals with disabilities to perform the essential functions.","SummaryQuality-focused Data Entry Clerk experienced in data processing, coding and transcription. Skilled at entering data quickly with strong attention to detail and accuracy. Team player with outstanding communication skills and flexibility in working with others.
SkillsRequirements DefinitionStatistical AnalysisData QualityConfiguration ManagementReporting ToolsAnalytical Problem SolvingAttention to DetailData AnalysisFlexible ScheduleStrong Work EthicData Visualization and PresentationsStakeholder CommunicationDecision MakingCustomer CommunicationBusiness AnalysisDatabase BuildingMail ManagementAccounting SupportMeeting PlanningData Entry DocumentationExcel SpreadsheetsResearch and Analytical SkillsMicrosoft Office SuiteMicrosoft OfficeSchedule ManagementComputers and TechnologyDocument and File ManagementStrong Organizational SkillsMultitasking and Time ManagementVerbal and Written Communication
Experience01/2022to04/2023Data AnalystHumana Inc.|Clermont,FL,Worked with internal teams to understand business needs and changing strategies.Conducted data analysis to prepare forecasts and identify trends.Utilized data analysis to monitor process efficiencies and identify data integrity exceptions.Collected, tracked and reviewed data to evaluate business and market trends.Analyzed and tracked data to prepare forecasts and identify trends.Provided technical support for existing reports, dashboards or other tools.Gathered and organized data to analyze current industry trends.understand the business, analyze, process the data using python06/2019to04/2020Infant and Toddler TeacherColumbia Academy|Fulton,MD,Supervised circle time, free play, outside play and learning and developmental activities.Communicated with children's parents and guardians about daily activities, behaviors and problems.Taught children foundational skills in colors, shapes and letters.Controlled classroom environments with clearly outlined rules and positive reinforcement techniques.Implemented hands-on, play-based strategies for experiential learning.Organized and led activities to promote physical, mental and social development.Read aloud and played alphabet games to encourage early literacy.Developed and enforced positive strategies to encourage good behavior.Supported children's emotional and social development by adapting communication tactics for differing client needs.Introduced learning activities and imaginative play to teach children to explore.Sparked creativity and imagination by helping children discover new things each day.Monitored children's play activities to identify additional learning opportunities or behavioral issues.Enhanced sensory abilities by giving children access to numerous textures and shapes.Observed behavioral issues to alert parents or guardians.Engaged with children on individual basis to build positive, trusting relationships.Read stories to children and taught painting, drawing and crafts.Organized creative and fun activities, enhancing children's physical, emotional and social well-being.Built and strengthened positive relationships with students, parents and teaching staff.Participated in workshops, trainings and conferences to improve educational skills.Incorporated music and art activities to encourage creativity and expression.06/2014to11/2014Administrative AssistantSalient Crgt|Tampa,FL,Answered phone calls and emails to provide information, resulting in effective business correspondence.Provided secretarial and office management support while building cooperative working relationships.Scheduled appointments, meetings and events for management staff.Responded effectively to sensitive inquiries or complaints.Coordinated appointments, meetings and conferences.Managed physical and digital files, monitored spreadsheets and updated reports to coordinate project materials.Developed administrative processes to achieve organizational objectives and improve office efficiency.Prepared and prioritized calendars and correspondence.Composed correspondence, reports and meeting notes.Created spreadsheets in Microsoft Excel for record-keeping and reporting.Kept office equipment functional and supplies well-stocked to promote efficient operations.Sorted and distributed incoming faxes, letters and emails for office distribution.01/2014to04/2014Front Desk ReceptionistDignity Health|Chandler,AZ,Handled payment processing and provided customers with receipts and proper bills and change.Welcomed patrons to front desk and engaged in friendly conversations while conducting check-in process.Input customer data into reservation systems and updated to reflect room changes.Greeted visitors to provide information and direct to appropriate personnel.Explained policies and procedures to visitors.Completed basic bookkeeping and document filing.Prepared daily shift close reports and balanced cash register to accurately reflect transactions.
Education and TrainingExpected in07/2022toto|Data ScienceData Science Certificate,Plano, TX,GPA:Expected in07/2022toto|Project Management CertificateUdemy,Plano, TX,GPA:Expected in06/2012toto|Information TechnologyISTA,Safi, Morocco,GPA:Expected in07/2010totoHigh School Diploma|Salah Eddin,Safi, Morocco,GPA:Expected intoto|Business EconomicsIbno Zohr University,Agadir, Morocco,GPA:","SummarySoftware development in an environment that provides a variety of challenges and growth opportunities while making strong contributions to organizational goals. Summary of qualifications	
Proficient in software development across a variety of platforms, languages, tools and development techniques.  Proven ability to quickly adapt to new environments, languages, tool sets and problem domains in team and independent settings. Current technical skills include Java, XML, SOAP, open source products, J2EE environment, Windows, UNIX, and C++.
HighlightsGuest servicesInventory control proceduresMerchandising expertiseLoss preventionCash register operationsProduct promotions
ExperiencePrinciple Software Engineer,11/2000to12/2005Rtx–Valley Village,CA,Member of a highly talented and motivated team developing Network Management solutions for Nokia Security appliances.Collaboratively delivered significant contributions to the overall product architecture.Responsibility for the development of large components focusing mainly on server-side business logic and common platform services.Key projects and contributions include the following: Common Network Management Platform.Primary responsibility was to collaborate in defining the architecture and design of the overall platform taking into consideration current and future product requirements.Prototypes used JBoss J2EE implementation and later Tomcat only with Eclipse as the IDE.First prototype was using JMS and Messaging EJBs to serve as platform notification engine.Second was integrating Quartz as a general purpose task scheduler.Responsible for defining developer test environment based on Ant, JUnit and Cactus.Prototyped using Java WebStart to deploy thick client from Tomcat server.Network Management Product, a Windows and Solaris based product to manage Nokia Security appliances.Development responsibilities in the middle-tier framework between GUI and device communication layers.Used Java JCE to implement proprietary licensing scheme and later migrated to the industry standard FlexNet licensing software.Developed data migration and import/export component using XML DOM and JDOM to transfer data between installations and product releases.Network Management Products, Windows platform responsibilities included the development of several C++ components.All were required to be accessible via JNI.First provided access into IIS services in Windows 2000 to allow configuration of the FTP server.Another provided access into configuring file security and command line execution.Third major component provided software licensing based upon a standard software-licensing product.Responsibilities included being the team's resource into the Microsoft developer products by keeping abreast of developments such as the .NET framework and C# programming language.SSL-VPN device manager.Developed components using Agile programming to increase productivity.Collaborated on creating use cases which defined product functionality.Responsible for components to communicate with device using SOAP over HTTPS using Apache SOAP and HttpClient.Component had to manage the X.509 certificate requirements for the SSL connection.Client Integrity Scanner for Symbian Phones.Prototyped an XML-based rules manager component which dispatches input XML stream into component queries and collects results.Code created in Symbian C++ on Codewarrior and Visual Studio .NET IDEs.Software Design Engineer,01/1990to01/2000Abbott Laboratories–Danville,VA,Member of the technical staff contributing to all aspects of product generation process in the following healthcare product areas:.Central station for monitoring patient vital statistics.Developed component using COM to export patient alarm data to a third-party paging system.Other responsibilities included the enhancement and maintenance of two areas, a persistence layer on top of the database and a subsystem for storing patient data into this database.Work involved C++, multi-threading, COM and SQL on the Windows NT platform.Operating room charting system.Design was done using use-case driven approach and modeled in UML with Rational Rose.Responsible for developing business object layer for system domain objects.Additional efforts involved patient data import application using HL-7 interface into a MS SQL database with ADO, SQL and C++.Cardiac Catheterization Lab monitoring product.System interconnected HP-UX workstation with specialized monitoring and recording hardware for use in cardiac catheterization procedures.Software project leader for two product releases requiring task management, architecture decisions and design responsibilities.Served as system architect for the next generation product involving collaboration with a major imaging company.In addition, had development responsibilities for creating components to interface between the systems and real-time video capture.Software was developed in C and Motif under the UNIX environment.Coordinated multiple field trials working with customers to develop product solutions for their specific needs and incorporate these into following product releases.Provided support for product trade shows.Engineering Scientist,01/1983to01/1990Cmc Icos Biologics Inc.–Boulder,CO,Key individual contributor serving in both development and technical lead roles in the following projects, requiring a secret clearance:.Combined Ada and C-based real-time embedded systems using multiple microprocessors for use in combat vehicles with software adhering to the DoD-STD-2167 standard.Expert Systems for use in command and control environments as well as vehicle diagnostic systems.Generation of software tools to aid productivity as well as serving as a mentor in software engineering concepts to the team.
EducationMaster of Science:Computer Science,Expected in1987toBoston University-Boston,MAGPA:Computer ScienceMaster of Engineering:Computer Engineering,Expected in1983toRensselaer Polytechnic Institute-Troy,NYGPA:Computer EngineeringBachelor of Science:Computer Engineering,Expected in1982toRensselaer Polytechnic Institute-Troy,NYGPA:Computer Engineering
Skills.NET, Ada, ADO, Agile, Ant, Apache, approach, C, C++, Codewarrior, COM, hardware, Client, data migration, database, DOM, Eclipse, embedded systems, Expert Systems, FTP, GUI, HP-UX, IDE, IIS, imaging, J2EE, Java, JBoss, JMS, logic, mentor, Messaging, microprocessors, access, C#, Windows, Windows platform, Windows 2000, Windows NT, Motif, Network Management, next, developer, programming, project leader, Rational Rose, real-time, recording, Scanner, scheme, SOAP, software engineering, Solaris, MS SQL, SQL, SSL, statistics, system architect, Phones, Tomcat, trade shows, UML, UNIX, video, Visual Studio, VPN, XML"
"Duration: 12 months  Job Description:Strong analytical, data modelling, and reporting skillsFamiliar with Enterprise Resource Planning table StructureComfortable digesting large volumes of data and presenting findings to executive leadershipProfessional experience using tools to interpret data such as advanced Excel functions, VBA, SQL, Python andor TableauEducationexperience typically acquired through advanced education (e.g. Bachelor) and typically 3 or more years' related work experience or an equivalent combination of education and experience (e.g. Master+1 years' related work experience , 7 years' related work experience, etc.).","Professional SummaryTo obtain a full time opportunity in the area of Information Systems, Database and Business  Administration, Managing business stakeholders, Configurations, Designing, Testing, Troubleshooting, Maintenance and monitoring for honing my skills. To be recognized as an important asset to the institution and to keep myself updated regularly Designing and Implementing Tests of Processes | Authentication management technologies |  GUI testing | Gap Analysis | Documentation | Reporting | Organize Joint Application Developments (JAD) sessions and JRP| Risk Assessment | Statistical Analysis | Validate Functionality | Problem Solving |BRD| Process Modeling | Project Management | Rapid Application Development (RAD) sessions | Ad-hoc testing | Back-end testing.
*Interpersonal Skills: | Collaboration | Customer Service | Influencing Others | Negotiation | Teamwork | Facilitating Meetings | Follow-Up | Navigating a Matrix Reporting Relationship | Critical Thinking | Scoping  | Detail Oriented | Decision Making | Ability to Work with Cross-Functional Teams | Attention to Detail
Core QualificationsMicrosoft Access | Microsoft Excel | MS Office | Microsoft Project | PowerPoint | SharePoint SQL Queries | Tableau | Visual Studio | Spotfire | Visio | CRM | TFS | Workflow tools | SQL Server | AWS
ExperienceBusiness Data Analyst Intern,01/1-01/1Internet Brands, Inc.–,,USATotal Work experience of 4.6 years in Information System and Agile Environment)
Baby deedee, USA          IT Admin Intern          Oct'16 - Dec'16.Deployed and Delivered enhanced web plugins , security services, website data analysis as per business requirements.Collaborated with design, strategy and sales teams to find solutions for client website projects and developing Complex SQL Queries to illustrate possible solutions.Drafted and Managed business stakeholder expectations to achieve scope in complex and challenging environment.Designing website on Drupal, Modifying Data Warehouses & creating detailed reports on research to provide ideas.Technical Analyst,01/1-01/1General Dynamics–,,IndiaTrained a fresher's batch of 25 engineers and led the cloud platform maintenance team of 30 technical engineers for MS project process which gathered, transformed & performed Analytics data.Managed responsibilities of scoping and business meetings with business stakeholders and then provided support to the business analysis team in preparing business plans and strategies.Technical System Engineer,01/1-01/1Cisco Systems, Inc.–,,IndiaCoordinated system development tasks to include design, integration  and  formal testing.Created and maintained programmatic and technical documentation to insure efficient planning and execution Designated as an Active SME for Microsoft Project server Team of 30 technical engineers.Awarded Certificate of Excellence for Outstanding Performance as a Best Support Engineer (2nd & 4th Quarter 2014).Appreciated for designing a Project Blog site for improvising internal process to post their research and publish ongoing service.Valued for developing a site on Cosmos Server which collaborates the data and generates performance reports.Designed and deployed a Data Breach Detection application for Big Data repositories to identify which user has accessed the component in HDFS for a given day, match it against a rules of access table, and created a line in a report for users that do not match the allowed access criteria in a rules access file.Project and Change Management: Planned project decision-making methods on MS project, through various project cycles and structured systems development techniques to apply them to the complex world of information development.Information Security Management: Evaluated background in managing information security in organizations, which included risk identification and assessment, security policy and planning, personnel and security, privacy and security audit.India          Trainee System Engineer,01/1-01/1Vishesh Pvt Ltd–,,Assisted engineers and scientists as they create, modify, and test products and processes.Performed extensive research and development during creation phase of product.
EducationMaster of Science:Information Systems,Expected inMay '17-Pace University, Seidenberg School of CSIS-New York,NYGPA:Status-Information SystemsBachelor of Engineering:Electronics and Communication,Expected inAugust '13-Mumbai University-Mumbai          Mumbai,GPA:Status-Electronics and Communication
SkillsAgile, Big Data, business analysis, business plans, Change Management, CRM, client, data analysis, Data Warehouses, Dec, decision-making, Designing, Drupal, Engineer, Information Security, managing, meetings, access, Microsoft Access, Microsoft Excel, MS Office, PowerPoint, MS project, Microsoft Project, SharePoint, Oct, personnel, processes, test products, research, sales, SQL, SQL Server, strategy, structured, systems development, Tableau, technical documentation, Visio, Visual Studio, website, Workflow","SummaryMore than ten years of progressive experience in manufacturing accountingCurrently preparing for CMA exam; CPA eligibleStrong motivator and morale builder with a positive outlookAbility to communicate effectively with all levelsCum Laude graduate with BBA in Accounting and FinanceExceptional analytical, communication, and leadership skillsAdvanced Excel skillsExperience with multiple ERP and Accounting systems - adapt well to different systemsWilling to relocate
HighlightsAdvanced Excel, PowerPoint, Outlook, and Word skills
*IFS, Macola Progression, NetSuite, JD Edwards, ADP Payroll, Tool$, Crystal Reports, Global, FAS- Fixed Asset Software, Vantage, QuickBooks
ExperienceContract Accountant,2014-CurrentTenneco Automotive–Elkhart,IN,Contracted as accountant for client during a maternity leave (Client ERP software NetSuite).Bookkeeping for clients and personal taxes.Assessed and advised client on internal controls, audit follow up to ensured policy and procedure compliance and effectiveness.Made client recommendation of purchasing card use.Wrote policies and procedures for client.Through rebates and extension of cash flow resulted in 22% total annualized savings.Quality Manager,01/2008-01/2014Curriculum Associates–Charlotte,NC,Lead a team of direct report quality assurance specialists and inspectors.Build Effective relationships with customers, vendors and plant employees.Manage product inspections to identify and isolate quality issues.Ensure plant compliance with ISO 9001:2008.Zero findings on first plant ISO audit.Education, motivation and training of plant workforce.Senior Staff Accountant Promoted to Quality Manager,02/2008-03/2013Curriculum Associates–Lansing,MI,Responsible for month end closing process for three plantsCash managementManagement of all AP and AR functionsSupervision of AP/AR clerksComparative Financial Statements preparation and review for three separate plants as well as consolidated.: Financial statement analysis; Balance sheet reconciliations; Variance accounts analysis; deep analysis requiring much researchPreparation of Bank Borrowing Base Certificate/ Bank Covenant complianceLead semiannual bank audits and financial statement auditFinancial results reporting to President when VP of Finance is unavailableYear-end inventory audit/verificationKey member of the Robbins Financial Control Committee/internal control testingAnnual Budget preparation and monthly review with department managersStandard cost and pricing of Molded ProductAssist with raw material and Customix standard updatesMiscellaneous projects, assist or advise where/when needed.Staff Accountant,2004-2008Merakey–Bryn Athyn,PA,General ledger:  BS accounts, fixed assets, inter-company accountsSales and use tax for multiple statesPrepared/implemented procurement card policy and procedureKey member of fixed asset module implementationAssist with acquisitions.Staff Accountant,01/2004-01/2004Quality Industries–City,STATE,Payroll and cash management.Accounts Receivable,01/2003-01/2004TNT Fireworks–City,STATE,Accounts receivable and accounts payable.
EducationBBA:Accounting and Finance,Expected in2004-University of North Alabama-Florence,ALGPA:TVA Investment Challenge
*Alpha Theta Chi Collegiate Honor Society
*Delta Mu Delta National Honor Society in Business Administration
*Graduated with Honors (Cum Laud GPA: 3.7Status-*Accounting and Finance TVA Investment Challenge*Alpha Theta Chi Collegiate Honor Society*Delta Mu Delta National Honor Society in Business Administration*Graduated with Honors (Cum Laude GPA: 3.7):,Expected in2001-Columbia State Community College-,TNGPA:Status-
SkillsMonth end close, Year end close, Cash Management,Supervision, AP/AR, Acquisitions, ADP Payroll,Balance sheet, Bookkeeping, Budget preparation, Cash Flow, Crystal Reports, ERP, Financial Statements, Financial statement analysis, Fixed Assets, General Ledger, Internal Control, Inventory,Payroll, Quality Assurance, ISO, ISO 9001, IFS, NetSuite, JD Edwards, Macola, Excel, Outlook, PowerPoint, Word, QuickBooks"
"Who we are?For the past 20 years, we have powered many Digital Experiences for the Fortune 500. Since 1999, we have grown from a few people to more than 4000 team members across the globe that are engaged in various Digital Modernization. For a brief 1 minute video about us, you can check https:youtu.beuJWBWQZEA6o.Responsibilities:Evaluating business processes, anticipating requirements, uncovering areas for improvement, and developing and implementing solutions.Leading ongoing reviews of business processes and developing optimization strategies.Staying up-to-date on the latest process and IT advancements to automate and modernize systems.Conducting meetings and presentations to share ideas and findings.Performing requirements analysis.Documenting and communicating the results of your efforts.Effectively communicating your insights and plans to cross-functional team members and management.Gathering critical information from meetings with various stakeholders and producing useful reports.Working closely with clients, technicians, and managerial staff.Providing leadership, training, coaching, and guidance to junior staff.Allocating resources and maintaining cost efficiency.Ensuring solutions meet business needs and requirements.Performing user acceptance testing.Managing projects, developing project plans, and monitoring performance.Updating, implementing, and maintaining procedures.Prioritizing initiatives based on business needs and requirements.Serving as a liaison between stakeholders and users.Managing competing resources and priorities.Monitoring deliverables and ensuring timely completion of projects.Requirements:A bachelors degree in ITComputer Science or related field or an MBA.10+ years of experience in business analysis or a related field.Exceptional analytical and conceptual thinking skills.The ability to influence stakeholders and work closely with them to determine acceptable solutions.Advanced technical skills.Excellent documentation skills.Fundamental analytical and conceptual thinking skills.Experience creating detailed reports and giving presentations.Competency in Microsoft applications including Word, Excel, and Outlook.A track record of following through on commitments.Excellent planning, organizational, and time management skills.Experience leading and developing top-performing teams.A history of leading and supporting successful projects.","Professional SummaryHighly motivated Sales Associate with extensive customer service and sales experience. Outgoing sales professional with track record of driving increased sales, improving buying experience and elevating company profile with target market.
Education and TrainingM.S:Applied and Resource Economics,Expected in2010toEast Carolina University-Greenville,NCGPA:Applied and Resource EconomicsB.S:Biological Sciences,Expected in2006toNorth Carolina State University-Raleigh,NCGPA:Biological Sciences
Skill HighlightsSAS, SAS/STAT, SAS/GRAPH, SAS/MACRO, JMP, SAS Enterprise Guide, CSPro, R, Maple, MATLAB, SPSS/PASW, SQL, MS SQL Server 2008, Microsoft Visual Studio, Business Intelligence Development Studio (BIDS), Banner Operational Data StoreCoding:  ICD-9-CM, CPTAnalytics:  Econometric Views (E-Views), NVivoSurvey Assessment Tools:  Qualtrics, Perseus/Vovici, NCS Design ExpertMicrosoft Office Suite (Word, Access, Excel, OneNote, Outlook, Visio, Publisher and PowerPoint)Computer Aided Design:  AutoCAD, SolidWorksOnline Instruction Modules:  Blackboard, MoodleGraphics/Media Editing:  Adobe Photoshop, Final Cut Pro, BTV Pro Carbon, QuickTimeOperating Systems: Windows, Macintosh, Unix
Professional ExperienceMedical Data Analyst,01/2011toPresentUs Oncology, Inc.–Weslaco,TX,Provide informatics support for the Community Care of NC (CCNC) non-profit entity, including its partners and other stakeholders (DHHS/DMA) that support evidence-based care, population management, care management and pharmacy consultation services for Medicaid recipients.Serve as the primary analyst for the oncology initiatives (UNC-Lineberger Comprehensive Cancer Center and Community Oncology Alliance) as well as the Quality Measurement and Feedback Program (educate workgroups on the technical components of the quality measures and oversee the AHEC chart review trainings).Research problems related to Care Alerts and provide back-end support for the NC Health Information Portal.Provide data management and technical expertise to a team of clinicians using SAS and SQL programming.Work with other analysts to extract clinical/financial data from large data sets and perform statistical analyses.Maintain data integrity, ensure data is accurate and meets standards of rigor for analysis and report dissemination.Measure the efficiency and effectiveness of health programs to facilitate intervention efforts within the CCNC networks.Social/Clinical Research Assistant Survey Coordinator,12/2007to01/2011University Of Arkansas–Conway,AR,Office of Institutional Planning, Assessment and Research (IPAR Coordinated the design, development, distribution and follow-up maintenance of various survey instruments for IPAR.Analyzed and produced reports from external surveys for the main/medical campuses, the SACS reaccreditation process and the UNC General Administration to support strategic planning efforts.Wrote advanced programs to prepare and document statistical analyses.Assisted units and contractors with survey methodology, analysis procedures, statistical techniques, and sampling.Provided technical support/troubleshooting for university surveys administered online.Presented university assessment results to faculty members, staff and researchers.Helped develop a university administrative policy regarding the central management of institutional surveys.Developed marketing/promotional materials related to ECU surveys for distribution.Planned resource allocation and monitored the departmental budget.Responsible for the hiring, statistical training and supervision of graduate assistants, student workers and interns.Graduate Assistant,12/2006to07/2007University Of Arkansas–Forrest City,AR,Maintained the Speight Computer Laboratory facility for the College of Education.Provided technical support for research/instruction for faculty members and students.Processed online requests for technical support, audio/visual setups and equipment checkouts.Administered media development and distance education videoconferencing.Conducted literature reviews specific to educational research and best practices.Graduate Assistant,08/2006to07/2007East Carolina University–City,STATE,Assisted with the instruction of the undergraduate microeconomics and the graduate financial economics courses.Compiled survey information for The Center for Natural Hazards Research.Helped maintain databases of survey research related to evacuation-migration decisions and specific preferences for rebuilding plans after Hurricane Katrina.Prepared and administered survey materials for large-scale paper mailings.Conducted literature reviews relevant to coastal resources policy/management and economics research.Research and Teaching Assistant,12/2005to05/2006North Carolina State University–City,STATE,Produced BioMovies, interactive digital videos for academic environments with Harold Heatwole, Ph.D., D.Sc.Logged/edited footage of microorganisms using light microscopy and larger organisms using stereoscopy.Utilized video microscopy to supplement lectures related to microbiology, protozoology and developmental biology in the College of Agriculture and Life Sciences (CALS), the College of Veterinary Medicine (CVM) and NC high schools.Presented research results at the 2006 NC State University Undergraduate Research and Teaching Symposium.Honors Teaching Associate,08/2005to12/2005North Carolina State University–City,STATE,Assisted with the instruction of life science courses and laboratories (BIO 181/181L) with James Mickle, Ph.D.Introduced students to the various subdivisions of the biological sciences via laboratory work and field experiences.Instructed students in laboratory techniques associated with ecology, cellular immunity, cellular organization,.bacterial transformation, media/reagent preparation, enzyme metabolism, spectroscopy, chromatography and biotechnology.
Skillsacademic, administrative, Adobe Photoshop, analyst, audio, AutoCAD, biology, biotechnology, budget, Business Intelligence, Computer Aided Design, Cancer, consultation, Sc, CPT, data management, databases, economics, Editing, Final Cut Pro, financial, French, Graphics, hiring, ICD-9, instruction, Latin, Macintosh, Maple, marketing, materials, MATLAB, Access, Excel, Microsoft Office Suite, Office, Outlook, PowerPoint, Publisher, Windows, Word, migration, NCS, Natural, Enterprise, networks, Operational Data Store, Oncology, Operating Systems, profit, Coding, Programming, promotional materials, Quality, QuickTime, Research, SAS, SolidWorks, Spanish, SPSS, MS SQL Server, SQL, strategic planning, supervision, surveys, Symposium, Teaching, technical support, troubleshooting, Unix, video, Visio, Microsoft Visual Studio","SummaryA results driven, detail-oriented data professional with a variety of roles in business and technology. Experience includes Data Quality & Governance across different dimensions within data driven environments. Resourceful, self-starter with a proven track record of effectively working with cross-functional teams to develop and implement data strategies.
EducationExpected in2018totoBachelor of Arts|Computer ScienceQueens College of the City University of New York,Flushing,NYGPA:Expected in2009totoHigh School Diploma|Martin Van Buren High School,Queens Village,NYGPA:
Experience09/2021toCurrentData Quality AnalystIllumina|IL,State,Drive adoption of Collibra to provide users with a tool to foster data democratization. This includes an organizationally accepted Business Glossary, Data Catalogue, Data Dictionary, the ability to explore Data Lineage for Tableau-based dashboards, and a single source of truth.Perform User Acceptance & Regression Tests on Google Cloud Platform's BigQuery data using SQL scripts (i.e. test functionality, performance and solution of new product requests to maintain strong development standards and high stakeholder satisfaction).Gain a deep understanding of Peacock's data pipeline to comprehend the data flow and identify transformations from source to target.Perform in-depth exploration of causes, trends, opportunities, and actions required to improve data quality of key metrics, KPIs, and additional data centric dashboards.Provide ad hoc analysis to support data team, business units, and key stakeholders for complex data quality questions.Partner with stakeholders and implementation specialist during the data onboarding phase on various projects, providing analysis and sharing best practices.Evaluate large datasets using BigQuery to determine quality and accuracy; proactively identifying, addressing and resolving reconcilable discrepancies through daily/weekly/quarterly data analysisImprove data quality across products and projects by collaborating and working closely with engineering, management, product, business teams and other required team, contributing directly to development by participating in feedback sessions.Define and operationalize processes to continuously monitor and quality check data completeness and accuracy.Develop a complete inventory of data clean up reports, defining the cadence for producing them and addressing uncovered issues.07/2019to09/2021Enterprise Data Steward AssociateOnemain (Formerly Springleaf & Onemain Financials).|Conyers,GA,Acted as a liaison between non-technical & technical stakeholders within cross-functional teams to gather business requirements for data solutions.Managed a monthly Data Quality process that helped identify Data Quality anomalies.Analyzed, queried and manipulated data using SQL to define business rules and best practices. This included writing Data Quality rules to add into SQL Server Management Studio (SSMS) and execute as part of our Data Quality monthly process.Compiled and presented monthly/quarterly reports to management to showcase number of identified data anomalies and remediation progress.Performed manual and automated tests on applications and submitted reports.Developed process improvements to enhance overall Data Quality.Collaborated closely with Business Process Owners and Data/Technology Stewards to promote team-oriented approach in Data Quality remediation.Participated in technical trainings and workshops to improve skills set and boost overall knowledge.Analyzed issues and recommended corrective actions to improve final results.Outlined remediation plans to standardize results to meet compliance regulations.Executed test scripts using SQL to compare specifications and comply with stakeholder requirements.Researched and established root cause to data issues.09/2018to07/2019Database/Data Entry SpecialistWinHolt Equipment Group|City,STATE,Assisted with the implementation of a new database system running on SQL Server called EpicorCollaborated with IT and Engineering department in order to integrate key information including but not limited to manufactured items, parts and materials from prior database system, known as AS-400, into EpicorMaintained data integrity by normalizing tables to avoid redundant and duplicate dataImproved reliability of supply chain software, systems, database and order processingAssessed department needs and goals through communication and system evaluations to modify existing databases for personalized customization11/2017to09/2018Administrative AssistantAchieve Beyond|City,STATE,Maintained database by updating child files with their C.L.A.I.M.S. softwareVerified that information in the computer system was up-to-date and accurateCreated pivot tables in Excel to view statistical information for unpaid servicesCreated monthly reports using ReportViewerIdentified and resolved system and account issuesOrganized files, developed spreadsheets, faxed reports and scanned documents"
"Hi, reply requested for below job opportunity.I kindly request you to connect with me on LinkedIn for further expedient communication via chat. : https:www.linkedin.cominvijay-k-261759151
REMOTE - Servicenow Business Analyst 

ServiceNow BA perspective, here are some of the requirements:Years of experience: 5-7 as a Business Analyst. Scrum Master experience is plus.ServiceNow certifications preferred CSA & SAFE Scrum Master.Cloud knowledge & experience helpful (AWS, AWS certifications, Azure)Enterprise Infrastructure experience desired
Education and Experience: A bachelor's degree in a relevant field such as Computer Science, Information Technology, Business Administration, etc. Previous experience as a Business Analyst, especially in the IT Service Management domain.
ServiceNow Knowledge: Demonstrated knowledge and experience with ServiceNow platform functionality, modules, and applications. Familiarity with ITSM processes, Incident Management, Change Management, Problem Management, and Service Catalog is often required
Analytical Skills: Strong analytical and problem-solving skills to identify business needs, analyse requirements, and translate them into practical ServiceNow configurations.
Communication and Collaboration: Excellent communication skills to work closely with stakeholders, gather requirements, and manage expectations. A Business Analyst must be able to articulate technical concepts to non-technical team members and vice versa.
Process Mapping and Design: Experience in process mapping, workflow design, and process improvement initiatives to optimize and align business processes with ServiceNow capabilities.
Requirement Gathering: Proficiency in gathering business requirements, functional specifications, and user stories.
Documentation: Strong documentation skills to create detailed functional and technical specifications, business process documentation, and use cases.
Configuration and Customization: Knowledge of ServiceNow configuration and customization options, including Business Rules, Client Scripts, UI Policies, and other customization techniques.
Change Management: Understanding of Change Management principles and best practices, as changes to ServiceNow configurations can impact business operations.



Thanks & Regards, VIJAY KUMAR ASr. Technical Recruiterhttps:www.linkedin.cominvijay-k-261759151Contact: +1 713-954-6696 Ext 119vkm@cynosuretechnologies.com Cynosure Technologies, LLC","Summary•        
Over
Three years of extensive experience as a Front-End UI Developer with solid
understanding of database designing, development and installation of different
modules. 

•        
Professional
understanding of System development life cycle (SDLC) as well as various phases such as Analysis Design,
Development and Testing. 

•        
Expert
in developing User Interface (UI) applications and professional web
applications using JavaScript, JSP, XML,
HTML5 /DHTML, DOM, XHTML, jQuery, CSS3, and Ajax.• Extensive
experience in various UI widgets using JavaScript
libraries like Angular.js, Node.js and developing Rich Internet Applications RIA.• Experience
in implementing Web Services (RESTful/SOAP)
and REST services.•  Experience
in  SQL Server and T-SQL
servers.• Experience in Hadoop,
Hive, Postgres, Cassandra, Mongo.• Sound
knowledge in working with browsers compatibility issues with browsers like IE, Firefox, Safari, Opera, Chrome.Good
experience in automation testing
with Mocha and Jasmine using Selenium.•  Good
Experience in Jasmine framework to
write the unit tests in order to
prevent the functional defects from being deployed to production.•Good
knowledge in the configuration management and version control software like TFS, Bit bucket, GitHub.• Highly motivated self-starter, hard worker, team player and research orientated.•Flexible, team player, “get-it-done” personality.
SkillsProgramming Languages: C, Java, PythonOperating Systems: WindowsDatabase: MySQLWeb Technologies: HTML, CSS, JavaScript, JQuery, Java Servlets, BootstrapProject DetailsPlay TombolaDuration: 30 DaysTeam size: 1 Java, MySQL, CSS, JavaScript, JQuery, HTML, Bootstrap, Java Servlets
ExperienceSoftware Engineer Intern,10/2016-CurrentViasat Inc.–AR,State,Responsibilities:

·  Designed
Frontend with in VB Scripting.

·        
Developed
Single page application using the Router concept.

·        
Used  CISA,
PYTHON,CISM.

·        
 Used Powershell,  Perl for fast going application.

·        
Improved the performance of the application by replacing the
existing process and controls with most suitable process flow, optimized
queries and code snippets

·        
Introduced
methodologies and best practices that enhanced product definition, release processes and customization of applications
to user needs.
Education and TrainingMaster Of Science:Information Technology,Expected in--Hyderabad,GPA:Status-Information TechnologyB.Tech:Electrical and Electronics Engineering,Expected in2016--,GPA:Status-Electrical and Electronics Engineering Kakinada with 70.40% marksDiploma:Electrical and Electronics Engineering,Expected in2013--,GPA:Status-Electrical and Electronics Engineering from SBTET Andhra Pradesh with 69.49% marks
*S.S.C. (2010) from State Board of Andhra Pradesh with 74.00% marks
SkillsC, CSS, Database, HTML, Java, Java Servlets, JavaScript, JQuery, Windows, MySQL, Operating Systems, Developer, Programming, Python","SummaryHighly organized, detail-oriented, and motivated professional with a proven track record of success in various roles, including Accounts Payable, Tax Preparer Assistant, and business ownership. I possess strong financial acumen, analytical skills, and expertise in managing payable processes efficiently. Additionally, I have a deep knowledge of tax laws, excellent organizational skills, and an unwavering attention to detail to ensure compliance with tax regulations. Furthermore, I possess exceptional leadership skills, strategic thinking abilities, and a demonstrated history of driving organizational success. As an entrepreneurial business owner, I have a wealth of experience in business management, strategic planning, and operational excellence, enabling me to effectively drive growth and success for new ventures.
SkillsProven track record of successfully starting, managing, and growing businesses across various industries.Strong leadership abilities to inspire and motivate teams, fostering a culture of innovation, collaboration, and excellence.Ability to adapt to changing environments and manage multiple priorities effectively.Detail-oriented with a focus on accuracy to minimize errors and ensure compliance with tax laws.Proficient in different tax preparation software.Communication and interpersonal skills.Problem-solving.Project management.Organizational skills.Analytical thinking.
ExperienceAccountant,10/2019-CurrentBrunel–Winnemucca,NV,Reviewing financial statements and records to identify potential deductions and credits for clients.Prepared and filed tax forms, including 1040, Schedule A, and Schedule C, using tax preparation software.Managed and organized client files, ensuring confidentiality and easy retrieval of information.Assisted in providing tax planning and advice to clients regarding their financial situations and potential tax liabilities.Prepared and filed tax returns electronically, adhering to filing deadlines and requirements.Analyzed monthly department budgeting and accounting reports to maintain expenditure controls.Monitored balance sheets and income statements to evaluate financial performance.Examined financial statements and income statements to review company's financial performance.Tracked employee payroll processes to verify timely reporting and avoid late fees.Analyzed revenue and expenditure trends and recommended appropriate budget levels to business operations leaders.Tax Preparer Assistant,01/2022-05/2022H&R Block, Inc.–Jefferson City,MO,Assisted in preparing and reviewing individual tax returns, including gathering client information, calculating deductions, and completing necessary forms.Conducted tax research to ensure accurate reporting and compliance with applicable tax laws and regulations.Probed tax situations from different angles to apply maximum tax benefits or resolve tax debts.Advised clients to comply with IRS regulations and meet state and federal tax obligations.Supplied detailed tax documentation needed to submit accurate individual returns.Analyzed information and assessed liabilities and deductions according to relevant tax code.Informed clients of potentially beneficial products and services, resulting in additional business opportunities.Implemented tax reduction strategies to analyze and minimize tax liabilities.Interviewed clients to obtain additional information on taxable income and deductible expenses and allowances.Call Center Supervisor,02/2017-12/2021Greatcall–Carlsbad,CA,Led a team of 10 contractor employees, overseeing day-to-day operations and driving strategic initiatives.Established and monitored key performance indicators (KPIs) to track progress and drive continuous improvement.Built strong relationships with vendors and suppliers, negotiating contracts and ensuring optimal pricing and service levels.Recognized and rewarded team members for their achievements, fostering a positive work environment.Conducted regular team meetings to communicate goals, provide updates, and encourage collaboration.Implemented process improvements that resulted in a 20% reduction in errors and improved customer satisfaction.Trained and supervised new employees to promote overall team productivity and consistent service.Coached team members on metrics and consumer experience behavior identification to improve satisfaction ratings.Handled escalated customer service concerns to preserve customer satisfaction and maintain long-term business relationships.Answered, screened and processed high volume of calls daily with call management system and web-based communications.Met or exceeded call speed, accuracy and volume benchmarks on consistent basis.
Education and TrainingAssociate of Arts:Accounting,Expected in05/2023-Tallahassee Community College-Tallahassee, FL,GPA:Status-Member of Leadership and Success, 20223.5 GPAAccounting Specialist Certificate:,Expected in09/2011-Erwin Technical College-Tampa,FLGPA:Status-High School Diploma:,Expected in05/2009-Middleton High School-Tampa, FL,GPA:Status-"
"Position: Jr. Java DeveloperDuration: 12+ ContractLocation: onsiteTax Term: Only W2Interview Process: 2-step (phone and in-person panel)Start ASAP
Responsibilities:Develops, modifies, enhances and implements software systems designed to support new or existing business initiatives.
Performs maintenance and provides technical assistance and advice on existing software solutions.Codes and performs unit and integration testing of software to ensure proper and efficient execution and adherence to business and technical requirements.Codes, tests, and debugs new software or makes enhancements to existing software.
Requirements:2+ years of professional related experience with software development1+ years in Java (Springboot, Angular, MongoDB)1+ years in JavascriptExperience with SQL, OracleBABS in Information Technology, Computer Science, related field","Professional SummaryWith the attitude of learning I am looking for an internship from summer 2017 to gain as much as knowledge as I can and contribute to the organizations success.
Core QualificationsC, C++, C#, SQL pl/sqlOperating Systems: Windows, Linux, unixHDL/HVL: Verilog, SystemVerilogScripting Language: Unix Shell Scripting, PERL, Python, TCLSoftware proficiency: Cadence (Layout, Virtuoso, Spectre),  Synopsys(DC Compiler), Modelsim, Questasim, TFS for version controller, Microsoft sql server 2012, Visual studio 2008
ExperienceSoftware Engineer,12/2015-08/2016Torch Technologies, Inc.–Corpus Christi,TX,IndiaAnalyze internal processes and recommend and implement procedural changes to improve operations in database.Analyze the requirement and make the necessary changes in the existing modules.Support and maintenance of the specific module.System Engineer,04/2013-12/2015Apex Systems–Minnetonka,MN,IndiaWorked in SDLC and Agile framework made me flexible in working as and when required Consistent performance and ownership of the task while maintaining of the module in Data ware house project.Interacting with clients (UK United Biscuits, Canada TD bank, ING bank Singapore) during analysis, development & implementation phase gave me a global exposure of interacting with the people across different regions of world.Understanding the requirement of the customers while providing customer support and testing of functional and technical queries, request, requirements and modifications.Conducted training sessions to train juniors for the same technology.Achievements Customer Satisfaction Index for the project increased from 82.7% to 97.8% in the duration of 6 months for the consistent performance and various suggestions and effective solutions being provided for the improvement of the system.Received an appreciation from VP of TD bank Mr.Barkla for a successful delivery of the compliance project within the Time lines.On the spot award"" for leading and managing event for the account (TCS).Safety Champion of Women safety initiative in the organization for 2015.I was leading a team of 10-15 people for a year in which I was interacting with various employees in the office, explaining them the significance of ergonomics, suggested exercises and also encouraging them to practice the same.Received All India Mahindra talent scholarship in the year of Aug-2006 for securing 85.73% JRD TATA scholarship in the year of Sept-2009 of for the accomplishment of 84.12% in the diploma.
EducationMasters:Electrical & Computer Engineering,Expected inFall 2016-PORTLAND STATE UNIVERSITY-,OregonGPA:Status-Electrical & Computer Engineering 4.0Digital IC and Design(ECE 525) Ahsan
*ASIC Design Modelling & Synthesis (ECE581) Xiaoyu Song 
*Verilog Workshop (ECE 510 )Roy Kravitz.:,Expected in--,GPA:Status-Microprocessor System Design (ECE585) Mark Faust 
*Embedded Systems Design with FPGAs (ECE544) Hammerstrom
*Pre-silicon Functional Verification by Prof. Schubert:,Expected in-Mumbai University-,MHGPA:Status-Bachelor of Engineering:Electronics & Telecommunications,Expected inJuly 2012--,GPA:Status-Electronics & Telecommunications 67/100 Core Subjects: Digital logic design Digital communication Electronics devices and circuits I Analog digital IC design applications Electronics devices and circuits II Simulation of software workshop Microprocessor and micro-controllers I Microprocessor and micro-controllers IIDiploma:Electronics & communications,Expected inJuly 2009-MAHARASHTRA STATE BOARD OF TECHNICAL EDUCATION-Mumbai,MHGPA:Status-Electronics & communications Grade : 84.12/100 Core Subjects: Electronic components and devices Programming in C Digital techniques and microprocessor Micro-controllers Digital communication Embedded systems
SkillsAgile, ASIC, C, C++, Cadence, controller, clients, Customer Satisfaction, customer support, database, DC, delivery, Electronics, Embedded Systems, ergonomics, Functional, Layout, Linux, logic, managing, Mark, Microprocessor, C#, office, 97, Windows, Operating Systems, pl/sql, PERL, processes, Programming, Python, requirement, Safety, SDLC, Scripting, Simulation, Microsoft sql server, SQL, System Design, TCL, unix, Unix Shell Scripting, Verilog, Visual studio","SummarySelf-motivated accountant  offering a strong work ethic and determination to complete tasks in a timely manner. Accurate and detail-oriented with extensive auditing and finance knowledge.
HighlightsComplex problem solvingStrong communication skillsExpert in customer relationsPortfolio managementAProficient in Microsoft OfficeMicrosoft Excel expertRisk management expertiseFinancial statement analysisGeneral ledger accounting
ExperienceCurrentto08/2014AccountantApartment Income Reit Corp.–Nashua,NH,Prepare unpaid reports on actual expenses for marketing line of business.Create and maintain pending and process able database.Prepare and setup vendor purchase orders contracts as well as CRX templates.Verify funding and SAP project code against the most recent budget/forecast submission.Key invoices into ePurchase system as well as approve and reconcile invoices.Track invoices from submission to payment on database.Monitor invoice central mailbox that will include invoice submission by marketers, purchase order request.Respond to marketing or other internal staff inquiries regarding vendor invoices and templates as well as analytical request.Special projects as required.08/2011to05/2014Accounting Coordinator AssociateUt Health San Antonio–Laredo,TX,Prepare and modify excel pivot table reports as well as reconcile and balance.Analyze data within pivot table and HSA databases.Assist business analyst in gathering and analyzing large sets of complex data.Create and run HSA exceptions and paid reports.Respond to marketing, brokers, clients and other internal staff inquiries regarding account setup, exceptions, disbursements and payments as well as analytical request.Conduct routine audits as needed as well as generate monthly reports on findings.Setup all financial and personal information for new groups.Served as liaison for marketing, brokers and clients to resolve member issues or the setup of new accounts.Assisted with testing, identifying gaps and recommending new improvements on processing work more efficiently.01/2007to07/2011AuditorCapstone Logistics–Buda,TX,Led cross-functional teams to analyze and understand the operational impacts and opportunities of technology changes.Developed metrics used to determine inefficiencies and areas for improvement.Tracked, analyzed and interpreted trends in [Data type] data.Documented process flows and developed requirements for functional improvements and enhancements.Conducted activity-based analysis of business processes and made recommendations based on the findings.Review and identify claims reviewers errors and determine the cause of the error and provide written audit documentation regarding audit observation.Analyze and review response to audit observations and facilitate corrective action plan.Collaborated with directors and managers to investigate questionable issues and failed compliance procedures.Acted as a Team Lead for additional team support as well as point of contact for the Review Department to ensure    teams are in compliance and deficiency codes were used effectively.Monitored new processes, policies and work flow strategies that were implemented by leadership.Educated new hires and newly promoted employees on standard of job duties.Held Side-by-Side sessions with Reviewers to deliver direct audit feedback from sampled work.Provided subject matters export support to enhance the proprietary systems.Enhancements resulted in increased accurate measurements of deficiency codes, improved reporting and positively impacted reviewer's efficiency.Consulted with department peers to address weekly trending errors and formulated solutions.Document sessions to track reviewer's progress and provide improvement based on my analysis.01/2007to03/2007Claims reviewerJohnson & Johnson–Pittsburgh,PA,Process, verify and analyze submitted asbestos claims to determine alleged disease eligibility.Locates and interprets complex information such as depositions and medical records from a number of databases in order to process claims.Identifies error trends and notifies the appropriate areas for correction and educating the necessary parties.Trained and coached lower level claims reviewer.11/2004to02/2007Payment AnalystWells Fargo Financial Acceptance–City,STATE,Processed over 1,000 customer monthly auto loan payments.Review/Reconcile general ledgers.Researched and resolved misapplied payments as well as payment inaccuracies.Reviewed monthly financial statements Responded timely and accurately to inquiries on customer payments.Corrected non-payment related discrepancies.Performed other duties as assigned by supervisor or manager.10/1999to10/2004Trust Control Reconciliation SpecialistWilmington Trust Bank–City,STATE,Process and reconciles a variety of securities and cash related transactions.Identified, research and resolve processing errors, and take necessary actions to balance differences.Responsible for creating general ledgers and daily balancing of activity in trust accounts.Ensured proper safekeeping of bank and customer assets.Recognized and proactively address risk associated with consumer compliance and fair lending.
EducationExpected in2012totoAccounting Certificate:AccountingCecil County Community College-Elkton,MAGPA:Expected in2012totoPerforming Payroll in QuickBooks 2009 Certificate:PayrollCecil County Community College-Elkton,MAGPA:Expected in2011totoBachelor of Science:General StudiesWilmington University-New Castle,DEGPA:General Studies
SkillsAccounting, balance, budget, business analyst, Call Center, Cash Management, closing, contracts, Critical Thinking, client, clients, databases, database, documentation, Financial, financial statements, leadership, Team Lead, marketing, excel, mail, MS Office Suites, Payroll, policies, processes, progress, Quality Assurance, QuickBooks, relationship management, reporting, research, Risk Management, SAP, securities, statistics, supervisor, phone, written
Skills"
"Hello, please look into the below mentioned role if you are comfortable kindly reply me back with your updated resume . Role: Electrical Engineer Location: Mare Island, CAContract  Responsibilities and Accountabilities Perform and generate reports on all routine tests and testing activities. Troubleshoot manufacturing & component problems to the lowest Line Replaceable Unit (LRU), and support during qualification tests. Execute tests according to test procedures and schematics. Redline test procedures as required. Demonstrate good working knowledge and experience with the use of computers, , data recorders, digital millimetres, various measurement instruments, pneumatichydraulic gauges. Reading and understanding of schematics and wire lists Technician safety awareness is critical and shall always be considered while performing or setting up for any type of test. Technician must understand and apply all applicable ALSTOM Safety Procedures located on the PRISMA database. Clearly document and report any anomaly or failure during test execution Responsible for learning curve and optimization of test execution and troubleshooting Accountable for test execution, Must have strong knowledge and comprehension of schematics, bloc diagrams, wire lists, functional diagrams along with knowledge of basic Electronics and the operation of 12VDC-72VDC and 24VAC-480VAC systems Support mechanical installations and repairs on rail vehicles as directed by Supervisor Support, installation and terminate of electrical panels, equipment, components, and have good understanding of how they operate in order to troubleshoot any electrical issues. Educational Requirements High School Diploma or Equivalent Required. Electrical Engineering Degree Desirable. Experience (Essential Functions) Minimum 5 years experience in related field (Electrical testing).  Working Conditions (IndustrialEnvironmental) Must be able to work different shifts and overtime as needed. Work will take place in a heavy industrial environment on concrete and paved floors as well as outside in rail yards.  PhysicalMental Requirements Must be able to lift 50 lbs.       Regards, Bhawana Negi Technical Recruiter
Bhawana.n@peritussoft.com 
   ","SummaryCommitted job seeker with a history of meeting company needs with consistent and organized practices. Skilled in working under pressure and adapting to new situations and challenges to best enhance the organizational brand.
SkillsCommunication AbilityStrong Work EthicTeam WorkAbility To Work Under PressureEquipment OperationInstallation OversightComponents and Parts ReplacementSafety Training
ExperienceElectrical Technician,06/2021toCurrentBerry Plastics–Ahoskie,NC,Repaired electrical equipment using hand and power tools and testing equipment.Read and worked from electronic blueprint drawings.Provided electrical services and control wiring for diverse locations.Climbed towers, worked in confined crawl spaces and worked flexible, non-standard workweek.Connected and repaired equipment based on mechanical drawings and electrical prints.Established outstanding relationships with electricians and consumers.Tested energized and de-energized circuits, following test procedures and assisted in specialized test procedures.Dismantled electrical components using hand tools to disconnect and restore wiring connections.Used power construction equipment, measuring devices and testing equipment to complete electrical installations.Addressed and resolved worksite safety hazards to reduce risk.Installed conduits or pipes inside partitions, walls or other designated, concealed areas.Reviewed blueprints to determine electrical component and wiring locations.Installed leads and connected cables to motors, apparatus and equipment.Coordinated and executed installation of electrical wiring and fixtures according to job specifications and local codes.Pulled insulated wires or cables through conduits to complete circuits.Connected wires to circuit breakers, junction boxes and components in residential and commercial properties.Diagnosed malfunctioning wiring using test equipment to locate faults.Fabricated parts according to specifications using hand and power tools.Tested electrical systems and circuit continuity using ohmmeters, voltmeters, or oscilloscopes.Performed troubleshooting and diagnosis on malfunctioning systems or components.Advised management on issues of safety in continued equipment operation.Trained workers to install, maintain and repair electrical equipment and fixtures.Electrician Helper,04/2019to11/2021Rogers Group Inc–Batesville,SC,Assisted with electrical installation tasks, added new wiring and adjusted breaker boxes.Kept work areas clean, neat and free of hazards.Listened to directives of senior electrical professionals to complete efficient tasks.Utilized measuring and testing instruments such as ammeters, ohmmeters, voltmeters and testing lamps accurately, efficiently and safely to complete installations and repairs.Inspected existing wiring to identify short circuits.Completed semi-skilled and skilled work under supervision of fully qualified professionals.Dug trenches and created holes to pull conduit and install supports.Transported required supplies and employees from headquarters to job site using company vehicles.Replaced malfunctioning components for failing electrical setups.Verified measurements and made accurate cuts to avoid wasting materials on job sites.Examined and tested electrical systems to locate loose connections or other faults and make proactive repairs.Maintained organization, cleanliness and safety in work areas.Collaborated with more knowledgeable professionals to grow understanding of principles and construction standards.Resolved issues with existing systems and replaced malfunctioning parts.Worked in team-based environment to accomplish projects.Gathered required tools and equipment for each task to increase efficiency.Fast learner and eager to learn new things.Metal Outfitter,05/2015to02/2019General Dynamics Nassco–City,STATE,Read and interpreted specifications, diagrams and blueprints for job.Used welding and soldering equipment to join sheet metal components following blueprints and job specifications.Fit and welded bulkheads, frames, cat walks, incline & vertical ladders, foundations and railsManaged movement of materials and equipment to different job sites.Observed safe work rules and utilized fall protection and PPE.Operated manual and semi-automatic welding equipment in vertical, horizontal and overhead positions.Laid out, positioned, aligned and secured parts and assemblies with straightedges, squares and calipers.Scraped off excess spatter using portable grinders and arc-cutting equipment.Cut, contoured and beveled metal and structural shapes to achieve accurate dimensions.Safely ignited torches and monitored surroundings to proactively identify hazards.
Education and TrainingSQA Certificate ( No Degree):Engineering,Expected in12/2013toDon Bosco Technical Center-Apia, Samoa,GPA:High School Diploma:,Expected in12/2009toMaluafou College-Apia, Samoa,GPA:","Professional SummaryExperienced healthcare operation Analyst with broad understanding of hospital operation, supply chain, clinical data,  CPT/HCPCS, ICD-9, DRG, APC, and Medicare and Medicaid procedures. Support necessary analytic data requirements and expert  in development of custom stastical benchmarks and reports to support member as well as company-driven performance improvement.
Education and TrainingPost Graduate Diploma:Marketing Management and Market Research,Expected inOctober 2006-Maharaja Sayajirao University-Baroda,GujaratGPA:Status-Marketing Management and Market ResearchMaster of Science:Operation Management and Information Technology,Expected inMay 2011-Northern Illinois University-Dekalb,ILGPA:Status-Operation Management and Information TechnologyMasters of Commerce (M.com):Financial accounting and Management,Expected inMay 2005-Maharaja Sayajirao University-Baroda,GujaratGPA:Status-Financial accounting and ManagementBachelors of Commerce (B.Com):Financial Accountancy and Managerial Accounting,Expected inMay 2003-Maharaja Sayajirao University-Baroda,GujaratGPA:Status-Financial Accountancy and Managerial Accounting
Skill HighlightsMicrosoft Office, SAS, SQL, Access, .Net, Sales force.Certified in Visual basic and .NetFamiliar with hospital department cost, financial  and claims data, clinical quality measurement like mortality, LOS,SCIP Composite,HCAHPS Rating etc.
Professional ExperienceOperation Data Analyst,04/2011-CurrentWsp–Lansing,MI,UHC (https://www.uhc.edu) Analytics and Problem Solving Support member efforts to utilize Operational Data Base Program (ODB) data to manage their operations.I facilitates the use of key information to help members evaluate their market competitiveness from a staffing and cost perspective and provides services to help them identify opportunities to improve performance.Prepare and analyze data for ODB data quality initiatives including the data quality audits, conduct system wide data quality analyses, and support other quality related initiatives.Manipulate and extract cost, utilization, and other data to develop reports and trends including benchmarks data.I convert data into a usable form, construct and/or lead data analysis by ensuring efficient data collection, instructing on analytical choices and prepare documentation and analytical reports that effectively summarize findings of analysis.Responsible for the linking of multiple databases to find  which meet major priorities.Serve as lead designer for new Report Builder reports and enhancements by collecting requirements and defining scope in conjunction with business stakeholders including  data integrity, relevance and consistency by validating new data loads Work directly with both members and UHC staff to support improvements in the breadth, depth, and quality of ODB data.I also facilitate the use of key information to help members evaluate their market competitiveness from a staffing and cost perspective and provide services to help them identify opportunities to improve performance.Work to remedy data deficiencies through operational data knowledge, research, member engagement.Prepare design and development of analyses by using various SAS and SQL will enable UHC to better determine member needs for comparative information, to convert data into information and to enable members to effectively meet their needs with customized, actionable solutions to member problems.Intern,11/2010-04/2011Five Star Quality Care, Inc.–Raleigh,NC,Smart E-vision International.Building a set of BI-Dashboard templates using company's software for Microsoft Dynamic GP®.Accountant Assistant,07/2009-04/2010John Stroger Cook County Hospital–City,STATE,Prepared MS Access database with vendor information to transform the manual process to fully automated process Prepared a detailed analysis of accounts receivable for AR manager using the database Processing bills for multiple clients like Northwestern, Granger, Ekla etc.Handle billing queries Operations Co-coordinator (Consumer Goods, Retail Measurement Science.FMCG operation data analyst,09/2005-11/2007AC Nielsen–City,STATE,INDIAhttp://www.in.nielsen.com) New Product Development: Understanding needs of industry and client, exploration of secondary resources, research area identification, communicating with field and conducting research, Formulating and testing hypothesis Modeling and data analysis, Crystallizing deliverables Quality Control: Database Maintenance to generate MIS reports.Client Management: Responsible for Client complaints handling due to data quality, point of contact for high level analysis on Retail Audit.Monthly product category reports processing and analysis: Data coding, analysis and providing detail reports for retailers, modern format and private label clients.Prepared a project report on ""Consumer Awareness and Views regarding Detergent Cakes/Powders available in Super Stores/Malls"" - A C Nielsen ORG Marg.Class work for MS-MIS Prepared project on the implementation of Radiology Information System (RIS) for an academic medical center in Chicago.RIS integrates all the aspects of the department operations.Used MS Project Management software and used other tools such as Brain Storming, Critical Path Analysis, Use cases and Gant charts Prepared live demonstration on implementation of Radio Frequency Identification (RFID) system for the public library by using Microsoft Visio, Visual Basic and MS access database as a part of system analysis and design course work.Prepared project report as well as presentation on supply chain management at Sara Lee Inc.and learned all the supply chain management drivers, demand and supply forecasting in detail as a part of Operation Analysis course.Projects work for AC Nielsen Frito Lay festival promotion offer analysis: Project and objective understanding, data requirement analysis, structuring statistical analysis (Measures of Central Tendencies, Cross Tabulation, outlier detection) using Excel, model building, interpretation of output.Preparing monthly, quarterly and annual reports and category snapshots for champion category traditional and modern format stores for national and global clients including Indian Tobacco Corporation (ITC), Proctor & Gamble (P&G), Hindustan Uniliver (HUL), Reckitt Benckiser (RB), Johnson & Johnson (J&J) Generating management information reports, conducting analysis and presenting the results to senior management to facilitate quality initiatives.Analyzing the Consumer Goods market in the Indian sub-continent, on behalf of national and multinational clients and preparing reports & databases for the global deliverable team.Inspection of item master database, price scrutiny Catering needs of Global Client -J&J, RB, Unilever, P&G.Customized report processing and generation.
Skills.Net, academic, accounts receivable, AR, billing, BI, C, charts, com, Client Management, Client, clients, data analysis, data collection, databases, Data Base, Database, documentation, drivers, senior management, forecasting, http, instructing, interpretation, market, Access, MS Access, Excel, Microsoft Office, MS Project, Microsoft Visio, MIS, Modeling, New Product Development, presenting, Problem Solving, coding, promotion, quality, Quality Control, Radio, requirement, research, Retail, RIS, SAS, SQL, staffing, statistical analysis, supply chain management, system analysis and design, vision, Visual Basic, annual reports"
"Note: By applying to this position you will have an opportunity to share your preferred working location from the following: Seattle, WA, USA; Mountain View, CA, USA.Minimum qualifications:

Bachelors degree or equivalent practical experience. 2 years of experience with software development in one or more programming languages, or 1 year of experience with an advanced degree in an industry setting. 2 years of experience with data structures or algorithms in either an academic or industry setting. 2 years of experience Android application development. 

Preferred qualifications:

Master's degree or PhD in Computer Science or related technical field. 2 years of experience with performance, large scale systems data analysis, visualization tools, andor debugging. Experience developing accessible technologies. Proficiency in code and system health, diagnosis and resolution, and software test engineering. 

About The Job

Google's software engineers develop the next-generation technologies that change how billions of users connect, explore, and interact with information and one another. Our products need to handle information at massive scale, and extend well beyond web search. We're looking for engineers who bring fresh ideas from all areas, including information retrieval, distributed computing, large-scale system design, networking and data storage, security, artificial intelligence, natural language processing, UI design and mobile; the list goes on and is growing every day. As a software engineer, you will work on a specific project critical to Googles needs with opportunities to switch teams and projects as you and our fast-paced business grow and evolve. We need our engineers to be versatile, display leadership qualities and be enthusiastic to take on new problems across the full-stack as we continue to push technology forward.

With your technical expertise you will manage project priorities, deadlines, and deliverables. You will design, develop, test, deploy, maintain, and enhance software solutions.

Android is Googles open-source mobile operating system powering more than 3 billion devices worldwide. Android is about bringing computing to everyone in the world. We believe computing is a super power for good, enabling access to information, economic opportunity, productivity, connectivity between friends and family and more. We think everyone in the world should have access to the best computing has to offer. We provide the platform for original equipment manufacturers (OEMs) and developers to build compelling computing devices (smartphones, tablets, TVs, wearables, etc) that run the best appsservices for everyone in the world.

The US base salary range for this full-time position is $133,000-$194,000 + bonus + equity + benefits. Our salary ranges are determined by role, level, and location. The range displayed on each job posting reflects the minimum and maximum target for new hire salaries for the position across all US locations. Within the range, individual pay is determined by work location and additional factors, including job-related skills, experience, and relevant education or training. Your recruiter can share more about the specific salary range for your preferred location during the hiring process. Please note that the compensation details listed in US role postings reflect the base salary only, and do not include bonus, equity, or benefits. Learn more about benefits at Google .

Responsibilities

Write product or system development code.Review code developed by other engineers and provide feedback to ensure best practices (e.g., style guidelines, checking code in, accuracy, testability, and efficiency). Contribute to existing documentation or educational content and adapt content based on productprogram updates and user feedback. Triage product or system issues and debugtrackresolve by analyzing the sources of issues and the impact on hardware, network, or service operations and quality. Participate in, or lead design reviews with peers and stakeholders to decide amongst available technologies. 

Google is proud to be an equal opportunity workplace and is an affirmative action employer. We are committed to equal employment opportunity regardless of race, color, ancestry, religion, sex, national origin, sexual orientation, age, citizenship, marital status, disability, gender identity or Veteran status. We also consider qualified applicants regardless of criminal histories, consistent with legal requirements. See also Google's EEO Policy and EEO is the Law. If you have a disability or special need that requires accommodation, please let us know by completing our Accommodations for Applicants form .","SummarySoftware Developer with overall 3+ years of experience in the development of Web & Enterprise
applications using Java, JavaScript, HTML, CSS and J2EE technologies
SkillsJava 7, Python, Matlab          PL/SQL, MongoDB, MySQL, SQLiteHTML 5, CSS 3, JavaScript, JQuery,      Backbone.js, MVC, SpringPHP, Ajax, JSON, Angular          HibernateEclipse, Visual Studio,          Git, Bit bucket, JiraPyCharm, Net Beans,          Apache Tomcat, Glassfish, MavenIntelliJ IDEA, XAMPP, Tableau          Rest, Soap Web Services,
Experience01/2017to07/2017Software EngineerWithin3–Lakewood,NJ,Developed user interface for windows tablet client application using Java
          frameworks: Swing, JavaFX.Embedded VLC media player into the application using VCLJ
          library.Interacted with YouTube, Periscope and Facebook APIs to play
          live streaming video.Participated in requirement gathering, development, testing and
          deployed the application using webswing server.Analyzed and detected application errors and performance issues.05/2015to08/2016App DeveloperMotion Recruitment–Gilbert,AZ,Worked in both Agile and Waterfall settings.Implemented functionality to capture image, record audio and video
          Developed user profile screens using HTML, CSS and JavaScript
          using Appcelerator Studio.Cooperated with web designers to match the visual design intent.Deployed the
          application on user's phone for beta testing.07/2014to12/2014Web DeveloperWithin3–Los Angeles,CA,Collaborated with other team member to update documentation.Created responsive web design using JavaScript, JQuery
          Tested the website in multiple browsers to ensure cross-browser
          compatibility.Fixed bugs from existing website and built reusable code for future use.06/2012to07/2013Software EngineerBaroda Electrical Ltd–City,STATE,Created database schema and interacted with database to add, update and
          delete records through jdbc.Executed and monitored standards for user interfaces, page design and
          graphics development.Implemented and debugged the algorithm for energy measurement.Enabled dynamic behavior of the site using Bootstrap.Tested the code using Tera Term Emulator to ensure its correctness.
Education and TrainingExpected in2016totoMaster of Science:Computer and Information SciencePurdue University-Indianapolis,INGPA:Computer and Information ScienceExpected in2013totoBachelor of Science:Electronics and CommunicationsGujarat Technological University  Anand-,GujaratGPA:Electronics and Communications
SkillsAgile, Ajax, Apache, audio, browsers, CSS, CSS 3, client, database, documentation, Eclipse, graphics, HTML, HTML 5, PHP, image, Java, Java 7, Beans, JavaScript, jdbc, JQuery, JSON, Matlab, windows, MongoDB, MVC, MySQL, PL/SQL, page, Python, requirement, Soap, streaming video, Swing, Tableau, phone, Tomcat, user interface, video, visual design, Visual Studio, web design, website","Professional SummaryTo achieve a responsible position that gives me a chance to apply my innovative skills and knowledge. I aim to be a valuable member of the team that works dynamically towards success and growth of organization. Strong Knowledge in Electronics and computer Engineering background with 1+ experience as Automotive Embedded Software Engineer. Good Knowledge in simulation tools such as MATLAB and Simulink. Thorough Knowledge in CAN Communication and Basic knowledge in AUTOSAR Architecture. Familiar with Version control systems such as SVN, IBM Synergy, Clear case and requirements analysis tools such as Doors. Worked on all phases of V model software development and Version control systems. Communicated with the other Engineering personnel to coordinate the interrelated design and assure project completion. Coordinating with software and target teams to find bugs, testing debug build.
SkillsGuest servicesInventory control proceduresMerchandising expertiseLoss preventionCash register operationsProduct promotions
EducationNorthwestern Polytechnic University,CA.Expected inJan'16––M.S:Electrical and Computer Engineering-GPA:3.6Electrical and Computer Engineering 3.6Jawaharlal Nehru Institute of Technology,Expected inMay'14––Bachelors:Electronics and communication Engineering-GPA:3.4Electronics and communication Engineering 3.4
Work HistoryOneblood-Embedded SoftwareDeland,,India01/2016-07/2016Responsible for developing Safety and Engine related software.Special focus on areas such as CAN protocols.Embedded software component development for Engine ECU, and maintenance of existing software components.Supported all phases of the software development process (V - Model).Understand and negotiate specifications, designed and implemented code, created documents and descriptions maintained existing software.Stored, retrieved and manipulated data for close analysis of system capabilities.Prepared detailed reports concerning project specifications and activities.Worked effectively with design teams to ensure software solutions elevated client side experience.Defense Electronics Research Laboratory DLRL-Project TraineeCity,STATE,India11/2012-04/2013Undergone a training program in Industrial Automation, which gives a hands on experience in 8051 programming, AVR programming for Embedded Systems applications, Digital logic and Electronic Control, using commonly used transducers, sensors and output devices and components in automation and controlling.Projects Fault Management, TCS, India Responsible for development and testing of Fault management module.It contains the list of all the faults that a system can have.Fault Management basic functionality is to store the faults (current & previous ignition cycles) in EEPROM.It also supports clearing of the particular fault and also clearing of entire fault memory based on     the customer requirement.Event Data Recorder, TCS, India Responsible for development and testing of accident recorder modules.It is utilized to store the information identified with vehicle (e.g.Vehicle speed, Buckle switch status, Brake status, Airbag sensors) amid accident through CAN communication protocol Monitoring Various ECU's for Engine control, TCS, India Safety and preventive measures for engine ECU (Electronic Control Unit) are mainly considered.Different inputs from various modules like cruise control, Adaptive cruise control, Acceleration pedal etc.are considered and monitored.Concentrates on the security levels (Levels defines the cautions to be taken based on the priority of module failures) provided for different modules (driver safety is mainly considered).In critical cases pre-defined values are loaded for safety purpose.Drive by wire - electronic throttle valve system"" on Altera DE2 FPGA board Programmed and configured Altera DE2 board to implement a ""drive by wire - electronic throttle valve system.Interfaced Accelerator position sensor, Throttle position sensor, Throttle actuator motor (used a Servo Motor), relays, LEDs & LCD present on the board to the NIOS II software and to the NIOS II microprocessor present with in the Altera Cyclone II FPGA IC on the DE2 board Simulated the modules in Modelsim and synthesize on Altera Quartus II software.Accident avoidance system An Arduino based accident prevention using higher end alert mechanisms, which prevents the accidents by alerting the driver when he/she falls asleep.Project involves Arduino Uno - Atmega 328 Microcontroller to measure and counts the eye blink using IR sensor.It gets trigger from the sensor information to identify an accident.JNTU-H-Lab Assistant,,IndiaCurrent-CurrentMicroprocessor, Analog and Digital Communications.Hands on experience in Microprocessor, Analog and Digital Communications and E-Cad Laboratories.Monitor the lab setups and guide the students for the effective usage of labs.
SkillsDreamweaver, Assembly language, Automation, basic, C, C++, Cad, CSS, LCD, DOORS, Embedded Systems, focus, HTML, PHP, Java, Labview, logic, Mac OS, MATLAB, memory, Microprocessor, Microsoft Office, Office 3.0, SharePoint, Windows XP, Office Automation, Operating Systems, Programming, protocols, PSPICE, requirement, Safety, software development, switch, UNIX, Verilog, VHDL, Vista"
"Role - Business Analyst - Mobile Location - Louisville, KY (Onsite) 
Responsibilities:Evaluating business processes, anticipating requirements, uncovering areas for improvement, and developing and implementing solutions. Leading ongoing reviews of business processes and developing optimization strategies. Staying up-to-date on the latest process and IT advancements to automate and modernize systems. Conducting meetings and presentations to share ideas and findings. Performing requirements analysis. Documenting and communicating the results of your efforts. Effectively communicating your insights and plans to cross-functional team members and management. Gathering critical information from meetings with various stakeholders and producing useful reports. Working closely with clients, technicians, and managerial staff. Providing leadership, training, coaching, and guidance to junior staff. Allocating resources and maintaining cost efficiency. Ensuring solutions meet business needs and requirements. Performing user acceptance testing. Managing projects, developing project plans, and monitoring performance. Updating, implementing, and maintaining procedures. Prioritizing initiatives based on business needs and requirements. Serving as a liaison between stakeholders and users. Managing competing resources and priorities. Monitoring deliverables and ensuring timely completion of projects. 
Requirements: A bachelor's degree in ITComputer Science or related field or an MBA. 10+ years of experience in business analysis or a related field. Exceptional analytical and conceptual thinking skills. The ability to influence stakeholders and work closely with them to determine acceptable solutions. Advanced technical skills. Excellent documentation skills. Fundamental analytical and conceptual thinking skills. Experience creating detailed reports and giving presentations. Competency in Microsoft applications including Word, Excel, and Outlook. A track record of following through on commitments. Excellent planning, organizational, and time management skills. Experience leading and developing top-performing teams. A history of leading and supporting successful projects. ","ProfileHas a Master’s of Science Degree in Management Information Systems with Business Intelligence Concentration.Has  5+  years of experience working as a SQL server Developer, SQL DBA, and Data Analyst with excellent analytical and problem-solving skills to work with minimal supervision.Strong knowledge and experience of RDBMS like MS SQL Server 2008 R2/2012, MS Access, MySQL and T-SQL (queries, stored procedures).Strong knowledge and experience in Business Intelligence –SSIS, SSRS, SSAS, Power BI ( Power Pivot, Power Query, Power View, Power Map and Pivot Table,).Experience in Windows server 2008/2012 Active Directory Administration(Users and Computers, DNS, DHCP)Experience with data analysis and visualization tools like Excel and Tableau
Core QualificationsBusiness Intelligence /Data AnalyticsDatabase Development /AdministrationWindows Server AdministrationWindows AzureData warehouse/Data MiningMicrosoft OfficeWeb DesignAmazon Web Services
Technical SkillsSQL Server, MS Access, MS Excel, MYSQLSSIS, SSAS,
SSRS, Power BIT-SQL, VBA (MS Access), Excel MacrosTableauRapidMiner, XLMiner (Data Mining)HTML, CSS, WordPress, Dreamweaver, Photoshop, JavaScript
Professional ExperienceSQL Devloper/DBA/Data Analyst,09/2012-03/2015Market Footwear, Fred Lurie Associate Inc.–City,STATE,Responsibilities:Created ETL packages involving various data sources (SQL Server, Flat Files, Excel source files,  etc)  using MS SSISDeveloped data quality solution using SQL Server data services (DQS) as part of ETLAnalyzed data using using SSAS, Excel, Tableau and Power BI tools for decision making processBuilt Self Service Business Intelligence  dashboards using Power BI tools in Excel.Wrote T-SQL queries  for data Analysis and ReportingDeveloped reports using MS SQL Server Reporting Services (SSRS) and ExcelHelped decision makers to understand data on reports and dashboards and gain insights.Installed, administered and maintained MS SQL Server 2008/2012, including upgrades, security, configuration and service packsDesigned, implemented, and maintained SQL Server databases.Designed and implemented tables, views, functions, stored procedures and triggers in SQL Server.Planned and implemented SQL Server Security and database permissionsPerformed  Database Performance Analysis and Tuning using Database Engine Tuning Advisor, SQL Server Profiler and SQL Server Extended EventsSetup High-Availability as part Disaster Recovery Strategy for the SQL server 2012 databases (Failover Clustering, Database Mirroring, Log Shipping and Replication).SQL Server developer/DBA,07/2009-08/2012Cifra Systems–City,STATE,Responsibilities:As a mid-level DBA, Installed, configured, administered and secured SQL servers 2008/2008 R2.Created and optimize database objects, e.g. Tables, Views, indexes, cursors, stored procedures, functions and Triggers.Scheduled and automated maintenance plans using SQL Server Job Agent.Scheduled and automated full/differential/transactional backups and implemented recovery strategies.Configured and monitored database Mirroring, Replication and Log Shipping as HADR strategy.Planned and implemented SQL Server Security and database permissionsExtensively used Joins and sub-queries for complex queries involving multiple tables.Created indexes (clustered and non-clustered)  to speed up query performance.Designed Excel dashboard  for tabular and chart reports with drill down  functionality.Web Designer/SQL DBA/Developer/Media Specialist,02/2005-04/2009Miami Christians Fellowship–City,STATE,Designed desktop database application in MS Access using VBADeveloped financial report using MS Access and ExcelCreated website for the organization utilizing HTML, WORDPRESS, CSS, PHP, MSSSQL and MYSQLPerformed regular website maintenance and update while also designing graphics for banners, flyers, and postersRecorded and edited videos to be distributed in DVD , CD format and upload them to organization’s websiteTrained staff members how to utilize computers, use software to maintain website and other media support servicesWeb Developer and Database Support,07/2003-2005Hotsilhouette, Inc.–City,STATE,Responsibilities:Developed and maintained  company's websites using Dreamweaver, HTML, CSS, ASP.NET, JavaScript.Designed and managed back-end SQL Server databases for web applications.Wrote complex T-SQL queries to manipulate  dataDesigned and edited graphics and photos for websites using Photoshop.Installed, Configured and managed SQL Server and Access databases.Analyzed sales data from different sources and created dashboards using MS Excel.Provided technical computer support to end users.
EducationMaster of Science:Management Information Systems,Expected in2015-Nova Southeastern University-Fort Lauderdale,FLGPA:Status-Concentration: Business IntelligenceAssociate of Science:Computer Programming and Analysis,Expected in2003-Miami Dade College-Miami,FLGPA:Status-Bachelor of Science:Agriculture (Plant Science),Expected in1988-Haremaya University Of Agriculture-Haremaya,HarerGPA:Status-","SummarySeeking an accounting position with a corporation where my analytical, customer service, and problem solving skills will increase profitability Self-motivated, individual with the ability to multitask
*Driven, hard worker with the ability to adapt to changing environments
HighlightsMicrosoft Word, Microsoft Excel, PowerPoint, QuickBooks, and Peachtree
EducationTexas Southern UniversityHouston,TexasExpected inMay 2015––Bachelors of Business Administration:Accounting-GPA:AccountingHouston Community CollegeHouston,TexasExpected inMay 2010––Associate of Arts:Accounting-GPA:Accounting
ExperienceThe Nielsen Company-Data AnalystAtlanta,GA,06/2015-PresentCritically evaluates information gathered from multiple sources, reconciles conflicts, classifies the information in logical categories.Uses different visualization techniques and present the results of data exploration exercises.Understands the flow of data, business processes/technical interfaces that would be created or impacted.Identifies and documents sources of existing data as well as the new data.Understands use of master and reference data including sources and contributors.International Paper Company-Customer Service SupervisorSan Antonio,TX,05/2015-06/2015Drive the delivery of exceptional customer service Expedite front lines, direct flow of customers Communicate customer requests to management Maintain appearance of register area and keep supplies stocked Monitor compliance of cashiers with established Company policies and standards Ensure the accuracy and efficiency in ringing sales Maintaining all cash and media at the registers Follow guidelines prescribed by the Customer Service/Logistics Manager Ensure validity of customer returns, exchanges, check authorizations, and voids Monitor all areas of possible loss.Hcl Technologies Ltd.-Junior AnalystMorris,NJ,04/2015-04/2015Documented client organization's direction, structure, business processes and requirements.Researched client organization's industry position.Assisted in the collection and consolidation of required information and data.Assisted with the preparation of an Audit certification in which the company passed.Keiser University-Administrative AssistantPort Saint Lucie,FL,01/2015-03/2015Administrative support including answering telephones, completing, processing and purging & filing paperwork associated with client accounts with the as400 software.Archer Daniels Midland Company-Hardlines Sales AssociateAbilene,TX,09/2014-01/2015Provides exemplary customer service to all guests and patrons; support with inventory/ merchandising.Aimbridge Hospitality-Accounting InternPlano,TX,05/2012-07/2013Operate computers programmed with accounting software to record, store, and analyze information Classify, record, and summarize numerical and financial data to compile and keep financial records, using journals and ledgers or computers Receive, record, and bank cash, checks, and vouchers Comply with federal, state, and company policies, procedures, and regulations Compile statistical, financial, accounting or auditing reports and tables pertaining to such matters as cash receipts, expenditures, accounts payable and receivable, and profits and losses Reconcile or note and report discrepancies found in records.Archer Daniels Midland Company-Tax InternAlpharetta,GA,01/2013-03/2013Prepared or assisted with tax returns for individuals Maintained a customer base relationship Calculate form preparation fees according to return complexity Interviewed clients to obtain information on taxable income and deductible expenses, allowances, and due diligence Computed taxes owed or overpaid, using tax software, to complete entries on forms, following tax form instructions and tax tables Checked data input and verify totals on forms to detect errors in arithmetic, data entry, or procedures.Orix-Work Study AssistantBoston,MA,08/2012-11/2012Made sure the Satisfactory Academic Progress (SAP) Appeal decisions of the appeals committee was conveyed and mailed to each student Answered phone calls and assisting or referring the caller appropriately Delivered documents to the President's Office for signatures Filed confidential documents Retrieve required information from Banner software.NATIONAL ASSOCIATION OF MINORITY CONTRACTORS-Accounting InternCity,STATE,11/2011-05/2012Operate computers programmed with accounting software to record, store, and analyze information Check figures, postings, and documents for correct entry, mathematical accuracy, and proper codes Debit, credit, and total accounts on computer spreadsheets and databases, using specialized accounting software Operate 10-key calculators, typewriters, and copy machines to perform calculations and produce documents Comply with federal, state, and company policies, procedures, and regulations Code documents according to company procedures Reconcile or note and report discrepancies found in records.HOUSTON INDEPENDENT SCHOOL DISTRICT-Audit InternCity,STATE,06/2011-08/2011Audited cash receipts and disbursement vouchers for accuracy in purchasing procedures.Verified internal fund transfers in compliance with Houston Independent School District finance procedures manual.Examined fund-raising activities conducted throughout a fiscal audit period using an activity fund program.
Skills10-key, Academic, accounting, accounting software, accounts payable and receivable, administrative, Administrative support, analytical skills, as400, auditing, business processes, calculators, cash receipts, credit, client, clients, Excellent customer service, Customer Service, data entry, databases, Debit, delivery, direction, due diligence, filing, finance, financial, forms, fund-raising, inventory, Logistics Manager, merchandising, Microsoft Excel, Office, PowerPoint, Microsoft Word, organization skills, Peachtree, copy machines, policies, Progress, purchasing, QuickBooks, sales, SAP, spreadsheets, tables, tax, taxes, tax returns, telephones, phone, typewriters"
"Position Type: Full-Time, W2 Direct Hire. (Must be a US Citizen or Green Card holder, eligible to work without sponsorship in the US.Compensation: $75-105K, depending on experience.Location: RemoteHybrid in Oklahoma City (3 days in office, 2 days remote).Benefits: Dental, Health, Vision, PTO, They offer Relocation Assistance and will pay for your stay if you are commuting to OKC each week.
Overview:CAD designer to bring concepts into deliverable hardware.Support manufacturing issuesDesign circuits and assemblies using PCB toolsCreate schematics and design PCB layouts for 3rd party production of PCBAsDesign analog and digital electronics including but not limited to DACADC (digital-to-analog converter, circuitry, sensor interface, RF and microprocessors for system control and communicationsCreate firmwaresoftware to allow proper operation and interface for unmanned vehicle sensors (Linux RTOS preferred).Build prototypes and perform design verification including the creation of test plansprocedures, test fixtures, test reports and debugging of hardwarefirmware issues
Experience:BS in Electrical Engineering with 5 or more years of experience designing PCBAs and writing firmware.Experience with software development (LabVIEW, Python, CC++) is a plusDesign experience for printed circuit boards, cable harnesses, breakout boxes, connector technologies, computer-based data acquisition and control hardwareExperience with computer-aided design tools for electrical designKnowledge of embedded hardwaresoftwareExcellent hands-on assembly and diagnostic skillsExperience with firmware developmentPracticalhands on experience with hand soldering and cable assembly for troubleshooting and prototype developmenttesting.Software experience with App development considered a plusComfortable with assembly of electro-mechanical components with related tooling","ProfileSecure a position with a well-established organization with a stable environment that will lead to a lasting in the field of Electrical Engineering.I want to gain experience and to be a part of a dynamic team. I want to apply all that I have learned through experience and academics in engineering and put to use what I have learned.PROFESSIONAL SNAPSHOTSA budding professional with 1+ years in the field of Operation maintenance, plant reactive, preventive and predictive maintenance, Report analysis and Executive Reporting.Work on distribution, transmission and generation of electricity.Deep wise knowledge of grid stations.Technical Codes: for the Facility department.Experience in Enterprise Resource Planning for the projects.Report of breakdown root cause, equipment faults to concern management.Identifies operational problems by observing and system functional and performance results.Develops operational solutions by defining, studying, estimating and screening.Knowledge in Pre-Planning, Conceptual Design, Schematic Design, Design Development, Construction Drawings (or Contract Documents), and Construction Administration.Experience in making of Bill of Material and Group Manufacturing Specifications.Effective communications between Engineering, Technical, Construction, and Project controls groups and Assistance to the Manager.Ability to manage and complete projects to the highest standards meticulously and within specified deadlines of the work.
Areas of ExpertiseGuest servicesInventory control proceduresMerchandising expertiseLoss preventionCash register operationsProduct promotions
Professional Experience12/2014toCurrentELECTRICAL ENGINEERAmentum–,,JOB DESCRIPTION: I am working here as an electrical engineer.working with generators and transformers, ATS, distribution, transmission. Coordination with Consultant for the planning of Electrical Systems, Utilities and machineries. Coordination for the tendering and finalization of the contracts for Electrical System. I Supervise and manage vendor engineering and equipments deliverable to ensure compliance with project standards and specifications. Reviewing and reporting of the project status. Execution of the project engineering involving Installation, commissioning & testing of electrical equipments such as Battery charger, VFD with battery bank. Protection system include Microprocessor based relay, Numerical relay. I am also working on DG Set with panel & Plant Lighting. DG of having capacity of 1625 KVA and many more. Troubleshoots plant electrical problems to determine their cause and recommends options for eliminating such problems. Includes carrying out tests on equipment. Daily Power monitoring, calculations and reporting at monthly basis. POSITION 2 COUNTRY: PAKISTAN09/2013to11/2014ELECTRICAL ENGINEER (SALE) INTERNEEALSTOM–City,,JOB DESCRIPTION: Working with Alstom grid is a blessed opportunity for me, Alstom is a French consultant for Mega-power solution. Alstom is working in different major field like Alstom power, Alstom grid, Alstom transportation, Alstom renewable energies. As a internee i worked on different grid installation (132kv, 220kv, 500kv) under the supervision of executive sale engineer at ALSTOM GRID. Alstom grid Concern with grid installion for industries, WAPDA (water and power development authority ), NTDC(national transmission and dispatch company), PESCO (peshawer electricity and supply company) etc.Working on the sale and installation of power equipments of alstom manufacturer mainly like transformers, circuit breakers, relays, switch gears, dis-connectors switch, and identifying appropriate product solutions. Responsibilities, as an internee at Alstom grid: Demonstrating how a product meets. Providing sales support during virtual and onsite client Meetings. Identifying client requirements. Reviewing customer drawings, plans and other Documents in order to prepare detailed technical proposal for them. Reviewing customer drawings, plans and other documents in order to prepare detailed technical proposal for them Demonstrating products, services and solutions to potential clients preparing and presenting potential cost benefit analysis to potential clients. Delivering presentations and demos to audiences. Conveying customer technical requirements to the Internal Engineering teams. POSITION 1 COUNTRY: PAKISTAN08/2013to09/2013ELECTRICAL ENGINEER INTERNEEEPTSC, SWAT, KHYBER PAKHTUNKHWA–,,JOB DESCRIPTION:Handling a team of Maintenance.Operation and Maintenance of Transformer, DG Set, UPS, HVAC.Co-ordination with different departments for daily operation.Inventory and Monthly Management Reports for the facility.Testing and maintenance of digital equipments on the BTS sites.Installation, expansion and maintenance of Distribution Panels (DPs)Offline Commissioning.Installation of digital equipments (TREs, Combiners etc.) FINAL YEAR STUDY INTERNSHIP COMPANY: (WAPDA) WATER AND POWER DEVELOPMENT AUTHORITY With the studies of my final year project of engineering i also worked as an internee with the WAPDA (water and power development authority). It was practical period of my studies of engineering and I learnt more than my book theories. I visited a lot of grid stations, generation station, and also worked on the transmission system of NTDC (national transmission and Dipatch Company) and PESCO (peshawer electric supply company). All over Pakistan the transmission of electricity is under NTDC and Peshawar Electric Supply Company (PESCO), located in Peshawar provides service of power distribution. Almost worked with WAPDA is overhead transmission lines and overhead distribution lines and main source of hydal generation for WAPDA is Tarbella dam.
EducationExpected in2013totoBE:COMSATS INSTITUE OF INFORMATION TECHNOLOGY-ISLAMABAD,GPA:2013 ELECTRICAL POWER ENGINEERING (BE) AT COMSATS INSTITUE OF INFORMATION TECHNOLOGY, ISLAMABAD PAKISTANExpected in2008toto:ENGINEERINGAT EDWARDES COLLEGE PESHAWER KPK PAKISTAN-,GPA:2008 PRE-ENGINEERING(F.Sc) (12th) AT EDWARDES COLLEGE PESHAWER KPK PAKISTANExpected in2006toto:AT ABDALI PUBLIC SCHOOL AND COLLEGE MATTA SWAT KPK PAKISTAN-,GPA:2006 SCIENCE MATRIC(10th) AT ABDALI PUBLIC SCHOOL AND COLLEGE MATTA SWAT KPK PAKISTAN
SkillsElectrical Engineer, Engineer, Mechanical/electrical Engineer, Alstom, Clients, Dispatch, Sale And, Sales, Sales Support, Solutions, Technical Proposal, Technical Requirements, The Sale, Testing, Applicant Tracking System, Ats, Basis, Contracts, Electrical Systems, Generators, Lighting, Circuits, Electrical Power Distribution, Fossil Power, Inverters, Logic Design, Passport, Power Electronics, Power Generation, Power System, Power Transmission, Sales Of, Substation, Substation Design, System Analysis, Bts, Distribution Lines, Hvac, Inventory, Maintenance, Overhead Distribution, Power Distribution, Transmission Lines, Ups, Electrical Power Engineering, Power Engineering","ProfileTo obtain the position of a Telecommunications/Networking Intern in a reputable organization, with a challenging environment, wherein I will contribute to achieve organizational goals, using my strong skills and knowledge in the field of telecom and networking.
Areas of ExpertiseNetworking - Routing & Switching (CCNATCP/IP, STP, OSPF, LAN/WAN, Ethernet, VPN, ATMStrong knowledge of Telecom concepts and networks (viz. DSL, CATV, T-1, etc.), Network Planning & Design.Programming Tools -MATLAB, Cisco Packet Tracer, GNS3, Command-Line InterfaceProgramming Languages - C++, PythonOperating System - Windows, LinuxProficient in working with Microsoft Excel, Word, Power Point & Outlook
Professional Experience01/1to01/1Electrical & Instrumentation EngineerAbbott Laboratories–,,Supervision of Installation of Electrical & Instrumentation equipment.Reviewed Engineering Drawings & Documents and ensured same comply with Project Specifications.Supervising the interfacing of instrumentation & telecom equipment with SCADA communications equipment.Experienced in procurement and expediting activities of various Instruments.Prepared MTO's (Material Take-off) for Instruments as per Project requirements for initiating procurement.Invited vendors in bidding process by sending RFQ's (Request for Quotation).Prepared reports for Expediting, Project progress and manufacturing & procurement status of Instruments.Monitored the overall Project schedule and ensured important Project milestones & deadlines are met.01/1to01/1Technical Support AssociateIBM India Pvt. Ltd National Australian Bank–,,IndiaProvided network infrastructure support to clients.Troubleshot issues pertaining to Outlook, Lotus Notes, VPN, Password Encryption, Hardware/Software, etc.Interacted with clients over the phone and computer to help resolve technical issues.Ensured follow-ups to close-out the unresolved tickets created for any technical issues.Coordinated with Level 2 support team for closure of escalated tickets.toACADEMIC PROJECTSCERTIFICATIONS
*ADCO PTW–,,Demonstrated the working of FTTH (Fiber to the Home) using optical splitter and couplers (miniature demo).Performed a NIER analysis on an antenna and wrote a MATLAB code for the same, to calculate received power To-Work) system training certificate.QUALITY MANAGEMENT SYSTEM INTERNAL AUDITOR (ISO 9001:2008) training at BUREAU VERITAS, India.NEBOSH International General Certificate in Occupational Health & Safety.MR.Jessica Claire RESUME MOBILE: (555) 432-1000.
EducationExpected inAug. 2018totoMaster of Science:Telecommunications Engineering TechnologyRochester Institute of Technology-,NYGPA:Telecommunications Engineering TechnologyExpected inJun. 2012totoBachelor of Engineering:Electrical & ElectronicsSt. Joseph Eng. College-Mangalore,GPA:Electrical & ElectronicsExpected in2008totoHigh School (Higher Secondary Certificate):National College-Mumbai,GPA:Expected in2006totoSecondary School (Indian Certificate of Secondary Education):Ryan international School-Mumbai,GPA:
SkillsATM, C++, CCNA, Cisco, Hardware, Encryption, clients, DSL, Ethernet, INTERNAL AUDITOR, ISO 9001, LAN, Linux, Lotus Notes, MATLAB, Microsoft Excel, Outlook, Power Point, Windows, Word, Network, Networking, networks, Occupational Health, Operating System, OSPF, procurement, Programming, progress, Python, QUALITY MANAGEMENT, Routing, Safety, SCADA, Supervising, Supervision, T-1, TCP/IP, Telecom, phone, VERITAS, VPN, WAN"
"Our client, a National ConstructionEngineering Firm in the Holmdel NJ Area, is adding a Project Accountant to their team.

In this position, the ideal candidate will be responsible for:
Setup new projects in BST Software, verify contract compliancePrepare draft invoices for Project Managers and collaborate to make required changes. Project billing  Contract billing - time & material, cost plus fixed fee, lump sum, and fixed unit terms.Match expenses charged to projects, including laborFinalize and submit invoices to clientsProvide reports for Project Managers  RFIAssist with revenuevariance analysis.Assist the collections department and project managers as needed to revise invoices or provide additional information to clients as needed for payment.Digital filing of invoices and backup.Perform other accounting tasks as needed.

The position Requires:
Bachelors in Accounting or Finance2+ years of experience in the Architecture, Construction, or Engineering industryExperience with project accounting duties as note above: InvoicingBilling, Project Accounting, supporting audits, contract accounting, supporting project managers with financial information and moreGovernmental Contractor Billing a plusBST software is just a plus 
Great opportunity for advancement and excellent fringe benefits","SummaryFinancial Accountant specializing in financial planning, reporting and analysis in both private and public sectors.Well-informed accountant adept at supplying quick responses to financial inquiries from internal management and potential clients.Creative accountant equipped with a broad knowledge of concepts and strategies to yield the best possible financial outcomes.
HighlightsPeriodic financial reporting expertInvoice coding familiarityStrong communication skillsGeneral ledger accounting skillsComplex problem solvingAccount reconciliation expert
ExperienceAccountant,06/2012-09/2015Ametek, Inc.–Wilmington,MA,I have worked at Shantilal Gala & Company (Nairobi, Kenya) which is an Audit firm, since 2nd July 2012.I was employed as an Accountant in the Firm.Maintained accounts receivable documentation electronically and on paper.Processed bank reconciliations and financial reports to verify practice of p weekly and monthly.Increased efficiency and alleviated work loads by creating a new Excel financial recording system.Collaborated extensively with auditors during preliminary and year-end audit processes.Entered weekly sales and customer count sheets for review by management.Processed payroll, electronic deposits and employee pay adjustments.Collaborated extensively with auditors during preliminary and year-end audit processes.
EducationSelect  One:,Expected in--,GPA:Status-Bachelor of Arts:Business Studies,Expected in2014-University of Greenwich-Nairobi,GPA:Status-Completed the Bachelor's degree in Business of Arts - BA Honors Business Studies achieving a Second Upper Class Honors.The units included in the Academic Session (2012/2013) are as follows:> Managing Strategy - involves the formulation and implementation of the major goals and initiatives taken by a company's top management on behalf of owners, based on consideration of resources and an assessment of the internal and external environments in which the organization competes.> International Business Management - involves the understanding for an international career in various industries. Today’s world revolves around business. Networking on a global scale and recognising opportunities, or creating them yourself. International Business Management brings one a step closer to success on an international level.The units included in the Academic Session (2013/2014) are as follows:> Small Business Development - involves the process of how to own corporations, be into partnership and become a sole proprietors. These kind of developments are common in many countries, depending on the economic system in operation.> PPD3 - Thematic Independent Study - the research and critical thinking skills from Personal and Professional Development (PPD) 2 and build upon their research proposals. This unit helped me to understand the intricate relationship between theory and practice. Improved my self-management in terms of time, planning, behaviour and motivation.Association of Business Executive:Business,Expected in2013-Oshwal College-Nairobi,GPA:Status-Completed the Association of Business Executive. This associate had levels and units as follows:Certificate in Business - Level 3 includes the following units:> Introduction to Business.> Introduction to Quantitative Methods.> Introduction to Accounting.> introduction to Business Communication.Diploma in Business Management (Higher) - Level 5 includes the following units:> Human Resource Management.> Managerial Accounting.> Marketing Policy, Planning and Communication.> Organisational Behaviour.> The Business Environment.> Economic Principles and their Application to Business.> Financial Accounting.> Quantitative Methods for Business and Management.Diploma in Business Management (Graduate) - Level 6 includes the following units:> Corporate Finance.> Corporate Strategy and Planning.> International Business Case Study.> Managing in Organisation.> Strategic Marketing Management.
SkillsOrganization - managing responsibilities in a particular manner and keeping track of those responsibilities.Time Management - Good time-management skills go hand-in-hand in with strong organizational capabilities. Budgeting time will give the allowance of managing the work efficiently.Adaptability - its always the best for me to adapt quickly and easily as my way of understanding the procedures is through planning everything in my mind as the work is being allocated.Communication - allows me to interact best with the colleagues, clients and receive the best feedback from their side after completing the conversation.","SummaryAn
accomplished professional with 8+ years (which includes 3 years as application
developer) of experience in business systems/data analytics, with in-depth
knowledge of business operations, analytics tools and data transformations.
Excellent problem solving skills with ability to think laterally for practical
solutions.
Areas of ExpertiseAGILE (Scrum) implementationsDesign, Gap & Risk AnalysisRegression AnalysisUser story & Use Case AnalysisTest Cases DesignQA Test automationSDLC implementationsData/Functional AnalysisData WarehousingObject Oriented ProgrammingData Mapping & AggregationBI Reporting and Analytics
SkillsProgramming Languages:SQL, PL-SQL, XML, C++, Java/J2EE, UML 2.0, VBA – Excel, SAS programmingTools/Technologies:ERWin, MS-Visio, SQL Developer 1.5.1, Toad, Teradata Client, Excel (Analytics),HP’s ALM,JIRA, SharePoint, JavaScript, JSP, Servlets, IBM’s RAD, EclipseDBMS:Oracle 10g, PostGreSQL, MySQL, MS-SQL, SQL Server, Teradata, Cassandra (No-SQL)BI& Reporting:Ab Initio, MicroStrategy, Informatica Analyst, Tableau Reporting 7.0, Cognos Reporting,SQL Server BI Integration (SSIS, SSRS), Big Data (HDFS)Business Domains:Retail Banking & Finance, Healthcare, e-Governance,Retail/e-commerce, Insurance
ExperienceSr. Data/Business Systems Analyst,05/2014-CurrentKoch Industries, Inc.–Malaga,NM,Improved development efforts by translating complex requirements to practical ETL implementations.Created easy-to-implement ETL code snippets for Ab-Initio that improved performance by over 20%.Reduced data-element-mapping (DEM) validation time by designing VBA-Excel based validation tools.Reduced UAT defects by 40% by creating SQL query components for advanced data analytics.Improved takeaways from JAD sessions by translating business requirements into actual workflows.Designed robust and extendable dimensional data models for data migration/reporting requirements.Created robust work-flow and data-flow diagrams to enhance takeaways from JAD sessions.Certified Scrum Master; worked to lead the agile transformation from waterfall based methodologies.Business Systems Analyst,11/2013-04/2014Corvel–Boston,MA,Improved complex CR (change request) implementation techniques by making requirements scalable.Expedited development efforts by 40% using segregation of ETL & report level implementations.Improved system design requirements by reverse-engineering SQL server stored procedures.Reduced requirements elicitation period by versioning of RTM (Requirements Traceability Matrix).Implemented V-model based mapping for correlating use cases of design with test case design in UAT.Data/Business Analyst,05/2012-10/2013Insuvi–Belleville,IL,Enhanced existing standalone application for entire SAP Global-IT using VBA-excel macros.Reduced cost of new application by over $100,000 usingTableaudashboards utility components.Optimized application design for a mobile app by developing 43 uses cases including prototypes.Increased accuracy of ERP based utilization forecasting apps by training teams to provide right inputs.Integrated client-side-scripting(CSS) based solutions for Jscript/HTML5 based mobile app development.Sr. Software Developer,01/2011-08/2011Noblis, Inc.–Arlington,VA,INDIACreated dynamic database models that are compatible with PostGreSQL, My-SQL & Oracle.Created scalable database schemas to reduce cost of redesigning based on changing requirements.Mentored team of 25 in database connectivity, query logic generation, SQL-stored procedures.Software Developer,04/2008-01/2011WIPRO Technologies–City,STATE,INDIADesigned and developed reusable Lean technical interfaces/implementations in JAVA/J2EE.Increased efficiency of JAVA/J2EE implementations by over 60% using PL/SQL stored procedures.Enhanced SDLC phases by fine-tuning AGILE methodologies from project level to module level.Excelled as specific-point-of-contact for customer to discuss impact of CRs, effort and cost estimates.
Education and TrainingMBA:Business Information Systems,Expected inApril 2013-University of Cincinnati-Cincinnati,OHGPA:Status-Course work includes: Operations Management, Project Management, Global Economics, Financial Economics, Statistical Decision Modelling, Leadership & Organization, Financial AccountingBachelor of Engineering:Computer Sciences,Expected inAugust 2007-Jawaharlal Nehru Technological University-Hyderabad,TelanganaGPA:Status-"
"Job Overview:We are seeking an experienced Accountant to join our team in the financial services industry. The successful candidate will be responsible for ensuring accurate and timely financial reporting and analysis, adhering to all regulatory requirements and compliance measures. This is a challenging and dynamic role where you will have the opportunity to work with a wide range of stakeholders across the organization, providing critical business insights and recommendations to drive growth and profitability.
Compensation: $60.00  hourly payLocation: Boston, MA  Remote
ResponsibilitiesPrepare and analyze financial statements and reports, identifying trends and ensuring accuracy and compliance with all relevant regulations and standardsAssist with budgeting and forecasting, providing comprehensive financial assessments to support strategic decision-makingManage accounts payable and receivable, ensuring timely and accurate processing and resolution of any discrepanciesConduct monthly and year-end closing processes, including the preparation of journal entries and account reconciliationsParticipate in audits and ensure that all information requested is provided and all deadlines are metProvide analytical support for business units, including identifying and communicating key trends and opportunities for improvementAssist in the development and implementation of policies and procedures to ensure effective financial controls
RequirementsBachelor's degree or higher in Accounting or FinanceCPA designation or equivalent preferred3+ years of accounting experience, preferably in financial services or a related industryExcellent knowledge of accounting principles and standards, including IFRS and GAAPStrong proficiency with financial software applications, including Excel, QuickBooks, and ERP systemsExceptional attention to detail and accuracyExcellent analytical and problem-solving skills, with the ability to analyze complex data and identify trends and insightsStrong communication and interpersonal skills, with the ability to collaborate effectively with stakeholders at all levels of the organization.
Application Notice: Qualified candidates will be contacted within 2 business days of application. If an applicant does not meet the above criteria, Atlantic Group will keep your resume on file for future opportunities and may contact you for further discussion.Show less","SummaryFinancial Accountant specializing in financial planning, reporting and analysis in both private and public sectors.Well-informed accountant adept at supplying quick responses to financial inquiries from internal management and potential clients.Creative accountant equipped with a broad knowledge of concepts and strategies to yield the best possible financial outcomes.
HighlightsPeriodic financial reporting expertInvoice coding familiarityStrong communication skillsGeneral ledger accounting skillsComplex problem solvingAccount reconciliation expert
ExperienceAccountant,06/2012-09/2015Ametek, Inc.–Wilmington,MA,I have worked at Shantilal Gala & Company (Nairobi, Kenya) which is an Audit firm, since 2nd July 2012.I was employed as an Accountant in the Firm.Maintained accounts receivable documentation electronically and on paper.Processed bank reconciliations and financial reports to verify practice of p weekly and monthly.Increased efficiency and alleviated work loads by creating a new Excel financial recording system.Collaborated extensively with auditors during preliminary and year-end audit processes.Entered weekly sales and customer count sheets for review by management.Processed payroll, electronic deposits and employee pay adjustments.Collaborated extensively with auditors during preliminary and year-end audit processes.
EducationSelect  One:,Expected in--,GPA:Status-Bachelor of Arts:Business Studies,Expected in2014-University of Greenwich-Nairobi,GPA:Status-Completed the Bachelor's degree in Business of Arts - BA Honors Business Studies achieving a Second Upper Class Honors.The units included in the Academic Session (2012/2013) are as follows:> Managing Strategy - involves the formulation and implementation of the major goals and initiatives taken by a company's top management on behalf of owners, based on consideration of resources and an assessment of the internal and external environments in which the organization competes.> International Business Management - involves the understanding for an international career in various industries. Today’s world revolves around business. Networking on a global scale and recognising opportunities, or creating them yourself. International Business Management brings one a step closer to success on an international level.The units included in the Academic Session (2013/2014) are as follows:> Small Business Development - involves the process of how to own corporations, be into partnership and become a sole proprietors. These kind of developments are common in many countries, depending on the economic system in operation.> PPD3 - Thematic Independent Study - the research and critical thinking skills from Personal and Professional Development (PPD) 2 and build upon their research proposals. This unit helped me to understand the intricate relationship between theory and practice. Improved my self-management in terms of time, planning, behaviour and motivation.Association of Business Executive:Business,Expected in2013-Oshwal College-Nairobi,GPA:Status-Completed the Association of Business Executive. This associate had levels and units as follows:Certificate in Business - Level 3 includes the following units:> Introduction to Business.> Introduction to Quantitative Methods.> Introduction to Accounting.> introduction to Business Communication.Diploma in Business Management (Higher) - Level 5 includes the following units:> Human Resource Management.> Managerial Accounting.> Marketing Policy, Planning and Communication.> Organisational Behaviour.> The Business Environment.> Economic Principles and their Application to Business.> Financial Accounting.> Quantitative Methods for Business and Management.Diploma in Business Management (Graduate) - Level 6 includes the following units:> Corporate Finance.> Corporate Strategy and Planning.> International Business Case Study.> Managing in Organisation.> Strategic Marketing Management.
SkillsOrganization - managing responsibilities in a particular manner and keeping track of those responsibilities.Time Management - Good time-management skills go hand-in-hand in with strong organizational capabilities. Budgeting time will give the allowance of managing the work efficiently.Adaptability - its always the best for me to adapt quickly and easily as my way of understanding the procedures is through planning everything in my mind as the work is being allocated.Communication - allows me to interact best with the colleagues, clients and receive the best feedback from their side after completing the conversation.","Professional SummaryPassionate computer scientist and engineer with four years of experience in the field. Looking for a remote flexible schedule position. Developed a comprehensive understanding of computer science concepts and how to apply them in various business practices to produce exceptional products and experiences for customers. Work experiences in the fields of computer hardware and software along with a passion for discovering new learning opportunities have provided me with the knowledge and adaptability to work across a diverse range of computing disciplines.
EducationExpected in12/2022totoBachelor of Science:Computer Science And Engineering TechnologyUniversity of Toledo-Toledo, OH,GPA:Grade Point Average: 3.89ABET Accredited DegreeActive Member of Triangle FraternityElected by Executive Board for Treasurer - Overhauled Finance/Dues System
Work History08/2022toCurrentIoT Embedded Software EngineerCarrier Corporation–San Leandro,CA,Aided in the early digital transformation of the company by taking traditionally non-smart home products and turning them into new & innovative digital smart home products.Collaborated with firmware, hardware, cloud, mobile app, and QA engineers to develop complete IoT embedded solutions.Designed, developed, modified, and debugged software/firmware using C for smart home IoT products.Utilized AWS IoT Core REST API shadows with JSON to update device states.Stored device and telemetry data within AWS S3 cloud storage.Implemented version control & continuous integration using Perforce.Conducted code reviews through Swarm Review.Integrated Atlassian Jira in agile/scrum development, project sprint planning, and CI/CD workflows.Debugged software with Segger hardware JTAGs and IAR Embedded Workbench.Imported Real-Time Operating Systems (FreeRTOS) in project builds for efficient memory and task management.Participated in stand-ups with team members to give/receive updates & provide feedback on project development progress.Assisted in board bring-ups to help others in initial setup/configuration.12/2020to08/2022Data Integration Engineer InternshipBay Controls, LLC–City,STATE,Integrated air compressor systems into the IoT for Ford, Chrysler, and General Motor plants to enable live data monitoring/collection & remote interaction capabilities.Utilized JACE 8000 controllers communicating over C-link and Modbus TCP protocols to perform integration through the Tridium Niagara IoT framework.Added custom Java programming capabilities to existing systems - enabled a broad range of new abilities, functionality, and services at no additional cost.Created custom Java flow calculation & control programs that interact with live unit data - currently deployed on field hardware for 50+ automotive plants.Projects included integrating air compressors, creating Java programs, designing and implementing GUIs for various integration purposes, troubleshooting faulty systems, and performing quality control checks on the final product to ensure consistency and accuracy for customers.Gained experience providing professional products and services to customers, working on large, multi-step projects collaborating with others, and gained a deeper understanding of how to make quality products and services for customers using computer science concepts.12/2012to12/2020Previous Technical RolesVarious Employers–City,STATE,Samsung Experience Consultant at Mosaic Sales SolutionsIntel Sales Representative at ActionLinkComputer Repair Technician Intern at Glass City PC"
"Business Analyst.Organization is seeking experienced business analyst to join the Application Services team working in a hybrid work environment. We are seeking a hands-on, self-starter, critical thinking team player possessing both general technical knowledge and interpersonal skills. Experienced in implementing process re-engineering, developing business requirements, use cases and test scripts using industry accepted practices. Should possess high level understanding of information technology concepts as well as the SDLC methodology. Must be flexible and able to multi-task, working on multiple projects and internal initiatives, inclusive of upgrades, maintenance, and enhancements. Under supervision, conducts business process analyses and needs assessments to align information technology solutions with the business initiatives. Supports analytical functions by assisting programmers in ascertaining user needs and adapting user procedures to final program design. Organizes and facilitates application testing and user acceptance to ensure business communitys needs are met. Acts as second and third level support for Production incidents and facilitates troubleshooting and close out of reported issues for multiple applications. Utilizes current organization wide andor department specific software to complete assignments.
Experience Level: 4+ years
Environment: Azure DevOps, MS Visio, MS Office Suite","Career OverviewDedicated, personable, and motivated secretary/customer service representative. My focus is to maintain customer satisfaction and contribute to company success. I have extensive work experience in a variety of customer service settings such as hospitals, businesses and retail.
Core StrengthsStrong organizational skillsActive listening skillsSharp problem solverCourteous demeanorEnergetic work attitudeTelephone inquiries specialistCustomer service expertInvoice processingAdaptive team playerOpening/closing proceduresQuick learnerHave worked with many business specific computer programsData collectionData entryDocumentationEmailInternet researchSpeakingTelephone skillsMulti-tasking
Work ExperienceSecretary/Customer Service/Sales/Data Base Entry,09/2012to06/2015Taco Bell–Gravette,AR,Responsible for daily operations and overall finances of a small but busy satellite company, which includes, but is not limited to: billing, budgeting, customer invoicing through QuickBooks, payroll, quarterly payroll and company taxes.Knowledge in word and excel spreadsheets.Created customer accounts, revising as necessaryDeveloped highly empathetic client relationshipsComputed accurate sales prices for purchase transactions.Resolved product issues and shared benefits of new technology.Expressed appreciation and invited customers to returnManaged quality communication and customer support for each client.Interacted with customers to follow-up on shipping statuses and expedited orders.Promptly responded to general inquiries from members, staff, and clients via mail, e-mail and fax.Guaranteed positive customer experiences and resolved customer complaints.Executed outbound calls to existing customerManager,2011to04/2012Smart Cow–City,STATE,Managed team of 3-4 employees.Served as mentor to junior team members.Took necessary steps to meet customer needs and effectively resolve food or service issues.Communicated clearly and positively with employees.Resolved customer complaints in a postive mannerAssisted in important decisions on new products and new employee hireQuickly and efficiently processed payments and made accurate change.Closely followed standard procedures for safe food preparation, assembly and presentation to ensure customer satisfaction.Performed general maintenance duties, including mopping floors, washing dishes, wiping counter tops and emptying traps.Secretary/CNA in Mom/Baby Unit,08/2009to11/2011Exempla Lutheran Medical Center–City,STATE,CNATook vital signs of mothers and newborns for a floor of up to 20 patients per shiftTook and recorded patients' temperature, pulse and blood pressure.Performed 24 hr infant testing including PKU, hearing, and jaundiceWorked as part of team to ensure proper care and safety of myselfandpatient and newborns.Assisted physicians with the circumcision of newbornsAccurately identified patients with patient chart by verbalizing and checking patient bracelet.Cleaned and sterilized instruments and disposed of contaminated supplies.SecretaryAccurately documented all elements of inpatient information, discharge instructions and follow-up care.Managed smooth and effective communication among physicians, patients, families and staff.Handled incoming and outgoing correspondence, including mail, email and faxes..Screened telephone calls and inquiries and directed them as appropriate.Devised and maintained office systems to efficiently deal with paper flow.Organized personal and professional calendars and supplied reminders of upcoming meetings and events when necessary.Flexible and trained to fill-in as secretary in sister units such as Labor and DeliveryandNICU.Actively maintained strict confidentiality and safeguarded all patient-related information with HIPPA knowledge.Well trained in hospital specific computer programs such as Epic and CPN
Educational BackgroundObtained Cosmetology License:Cosmetology,Expected in2012toEmpire Beauty School-Arvada,COGPA:Obtained CNA License:Nursing,Expected in2009toFront Range Community College-Denver,COGPA::,Expected in2008toCommunity College of Denver-Denver,COGPA:Completed necessary courses that contributed to nursing careerObtained high school diploma:Basic,Expected in2004toArvada High School-Denver,COGPA:
SkillsPatient-focused careExcellent interpersonal skillsCompassionate and trustworthy caregiverDetail-orientedEffectively interacts with patients and familiesMedical terminologyCharting and record keeping","Experience10/2019to06/2019Data AnalystAngi Homeservices Inc.–Rockledge,FL,Built an end to end analytics-based solution for animal shelters to verify optimality of current capacity, with a vision to deliver recommendations to improve animal outcomes and health in the future.Created a cloud-based (AWS/Flask/HTML) UI to source animal shelter data & present optimal solution.Utilized Delphi method to generate synthetic data (for missing values) using information from animal experts.Leveraged SQL/Python to pre-process and optimize animal shelter data.Dealt with a tricky client, with unclear outcomes (and impacted by COVID-19 times) - yet delivered a complete, extendable analytics/ UI solution.Predicted the outcome of animals with 73% accuracy, based on characteristics of the animals at the time of intake.01/2019to06/2019AnalystAmeresco–Half Moon Bay,,INDTraders of import export licenses in India, Operationalized and negotiated the prices/rate of various MEIS/SEIS by predicting the price of the MEIS/SEIS licenses using Time-series analysis and supervised machine learning model, resulting in savings of INR 1,000,000.Created a new billing system from scratch to increase efficiency and reduce time spent in creating bills using Excel, VLOOKUP, HLOOKUP and Formulas, which resulted in time spent in creating bills reducing by 50.06/2018to09/2018Analyst InternSpencer Stuart–Chicago,,INDAlthough junior, quickly earned responsibility for creation of data architecture & automation for BSE's Mutual Funds.Processed 1 million+ weekly transactions to enable audits, executive reporting - Presented to CXOs weekly.
EducationExpected inJuly 2018totoBachelor of Engineering:Information TechnologyUniversity of Mumbai, Vidyalankar Institute of Technology-Mumbai,GPA:Expected inJunetotoMaster of Science:Business AnalyticsUniversity of California-San Francisco,CAGPA:
SummaryA motivated data enthusiast with 5+ years of SQL and data analysis experience, 3+ years of Object-Oriented Programming experience and 2+ years of Python and R experience. Self-taught Machine Learning and Big Data and applied to various settings by taking 3 Coursera Courses, 3 Udacity Courses, 2 Udemy Courses and am an AWS Certified Cloud Practitioner. Motivated to make a difference and hence currently analyzing publicly available animal shelter data.
HighlightsTools: SQL, Python, Jupyter Notebook, Flask, R, Tableau, Spark, MongoDB, Excel, HTML, MapReduceSkills: A/B Testing, Data Analysis, Database Management, Data Mining, Data Visualization, Hypothesis Testing, Modeling, Machine Learning, Statistical Analysis, DashboardsAutomationBilling systemClientData AnalysisData MiningData VisualizationDatabase ManagementDelphiFundsHTMLMachine LearningExcelModelingMongoDBPythonReportingSQLStatistical AnalysisTableauVision
SkillsTools: SQL, Python, Jupyter Notebook, Flask, R, Tableau, Spark, MongoDB, Excel, HTML, MapReduceSkills: A/B Testing, Data Analysis, Database Management, Data Mining, Data Visualization, Hypothesis Testing, Modeling, Machine Learning, Statistical Analysis, Dashboards,Automation, billing system, client, Data Analysis, Data Mining, Data Visualization, Database Management, Delphi, Funds, HTML, Machine Learning, Excel, Modeling, MongoDB, Python, reporting, SQL, Statistical Analysis, Tableau, vision"
"Goliath Partners has been retained by a Prop Trading Firm in commodities off Wall St in New York. They have just opened a Sr C++ Software Engineer position and are happy targeting people from startups, disruptors, radar defence or within industry. If you've worked with memory management, networking, kernel devices or high-performance computing - this firm is happy to bring you into a trading environment.
The role will be hybrid. Firm is happy to wait around a 6-12 month non-compete.
Role:Hands on coding and dealing with problems at scale.Order Management System development & Smart Order Routing.Working with options and commodities exchanges
Essential skills:BS in Comp Sci Mathematics Physics or similarly related field.Experience with CC++ with STLBuilder mindset, looking for someone that has dealt with problems at scale  large codebases.Familiarity with Linux.
Beneficial skills:MSCS or similarly related field.Mathematical achievements  competitions.Constant hunger to stay at the forefront of technology.Experience with compilersULL  LL (sub 25 MS)Understanding of Python.
Compensation:Our client is looking at a base of $175,000-250,000 for this with a written in bonus that brings it up to total compensation for the year of $300-450,000.
If interested please apply and Goliath Partners will be in touch","Summary•        
Over
Three years of extensive experience as a Front-End UI Developer with solid
understanding of database designing, development and installation of different
modules. 

•        
Professional
understanding of System development life cycle (SDLC) as well as various phases such as Analysis Design,
Development and Testing. 

•        
Expert
in developing User Interface (UI) applications and professional web
applications using JavaScript, JSP, XML,
HTML5 /DHTML, DOM, XHTML, jQuery, CSS3, and Ajax.• Extensive
experience in various UI widgets using JavaScript
libraries like Angular.js, Node.js and developing Rich Internet Applications RIA.• Experience
in implementing Web Services (RESTful/SOAP)
and REST services.•  Experience
in  SQL Server and T-SQL
servers.• Experience in Hadoop,
Hive, Postgres, Cassandra, Mongo.• Sound
knowledge in working with browsers compatibility issues with browsers like IE, Firefox, Safari, Opera, Chrome.Good
experience in automation testing
with Mocha and Jasmine using Selenium.•  Good
Experience in Jasmine framework to
write the unit tests in order to
prevent the functional defects from being deployed to production.•Good
knowledge in the configuration management and version control software like TFS, Bit bucket, GitHub.• Highly motivated self-starter, hard worker, team player and research orientated.•Flexible, team player, “get-it-done” personality.
SkillsProgramming Languages: C, Java, PythonOperating Systems: WindowsDatabase: MySQLWeb Technologies: HTML, CSS, JavaScript, JQuery, Java Servlets, BootstrapProject DetailsPlay TombolaDuration: 30 DaysTeam size: 1 Java, MySQL, CSS, JavaScript, JQuery, HTML, Bootstrap, Java Servlets
ExperienceSoftware Engineer Intern,10/2016-CurrentViasat Inc.–AR,State,Responsibilities:

·  Designed
Frontend with in VB Scripting.

·        
Developed
Single page application using the Router concept.

·        
Used  CISA,
PYTHON,CISM.

·        
 Used Powershell,  Perl for fast going application.

·        
Improved the performance of the application by replacing the
existing process and controls with most suitable process flow, optimized
queries and code snippets

·        
Introduced
methodologies and best practices that enhanced product definition, release processes and customization of applications
to user needs.
Education and TrainingMaster Of Science:Information Technology,Expected in--Hyderabad,GPA:Status-Information TechnologyB.Tech:Electrical and Electronics Engineering,Expected in2016--,GPA:Status-Electrical and Electronics Engineering Kakinada with 70.40% marksDiploma:Electrical and Electronics Engineering,Expected in2013--,GPA:Status-Electrical and Electronics Engineering from SBTET Andhra Pradesh with 69.49% marks
*S.S.C. (2010) from State Board of Andhra Pradesh with 74.00% marks
SkillsC, CSS, Database, HTML, Java, Java Servlets, JavaScript, JQuery, Windows, MySQL, Operating Systems, Developer, Programming, Python","SummaryHighly talented and accomplished professional with extensive skills and experience in complex work environments. Coordination, planning and support of daily operational and administrative functions
*Detail-oriented and well organized when completing projects; able to multi-task effectively
*Experienced working in fast paced environments demanding strong organizational, technical and interpersonal skills.
SkillsMicrosoft Word, Excel, Publisher, PowerPoint, Outlook, Lawson, Time Matters and Internet.
ExperienceData Analyst,07/2012-PresentLewis Pr–New York,NY,Collect and compile data for state/federal requirements which includes audit documentation regarding professional learning activities.Assist the Title II Department with the allocation, management and tracking of Title II, 
Part A program funds.Maintains and develops electronic files, records for easy access of reports.Prepare spend down reports for various departments that use Title II funds.Enter requisitions for activities allowable under Title IIA.Provides on-going technical support to public/private school and other district personnel including conducting meetings regarding compliance.Compiles and summarizes program data for all required Federal and State reports.Assist with the preparation of documents for meetings involving stake holders.Assist in preparation of presentations and meetings.Assist with procurement process of compliance with documentation.Conduct surveys with personnel and stakeholders to assess the needs of the district and compile data for reports.Works closely with various departments to track expenditures and gather information necessary as requested by Title II Department.Data Analyst,06/2012-11/2012Lewis Pr–Chicago,IL,Compiled and evaluated student data for the purpose of assessing program effectiveness, student growth and provider quality including completion of federal and state reports.Assisted with the development of district policies and procedures for effectively implementing, monitoring and evaluating the Title I Supplemental Educational Service program in accordance with federal law.Evaluated and processed vendor invoices against student attendance reports and performance data to ensure reliability and validity.Assisted with preparation, processing and review of contractual agreements for all vendors as well as enter contract information in Lawson system.Developed and created marketing programs to effectively communicate with parents, district personnel and the community regarding the SES program services.Facilitated training and workshops for school/district personnel, parents, vendors and community members regarding Title I program guidelines.Monitored school sites where tutorials take place to ensure that providers are in compliance with guidelines set forth.Administrative Assistant,09/2009-11/2012Primrose School–Oldsmar,FL,Provided administrative support for the Supplemental Educational Services Program including acting as a liaison between the tutorial providers, school personnel and parents, adhering to and interpreting state and federal program guidelines and relaying that information to the public, and meeting deadlines for reports.Prepared spreadsheets and data reports summarizing enrollment data by school/provider.Monitored school sites where tutorials take place to ensure that providers are in compliance with guidelines set forth.Prepared correspondence, create email distribution lists, maintain calendars, organize mass mailings and file management.Maintained and track database of over 2,400 students.Verified free/reduced lunch status of students requesting to participate in the program.Assisted with completion of all state reports/surveys regarding SES.Provided executive-level administrative support to the Program Director of Title I Office with a demonstrated ability to improvise, improve procedures, and meet demanding deadlines.Collaborated and met with other departments to complete special projects including summer school.Conducted surveys regarding summer school and compile data for reports.Legal Assistant,04/2002-12/2008State Of Ohio–Wayne County,OH,Provided administrative support to Managing Partner and Associates in general practice law firm with a demonstrated ability to improvise, improve procedures and meet demanding deadlines.Acted as a liaison between clients and attorneys, arranged meetings, maintained calendars, drafted
correspondence, maintained and organized files, sent documents by facsimile, photocopied, proofread, prepared memos, sent documents by overnight mail, scanned documents, and downloaded documents.Managed client files (opening and closing files, maintaining client databases and attorney billing).Prepared and interpreted legal documents, such as but not limited to Contracts of Sale, Promissory Notes, and Powers of Attorney.Assisted accounting department in maintaining bank accounts, including managing sub-accounts for clients, writing checks and communicating with the bank regarding deposits and wire transfers.Supervised and trained part-time and summer employees, including, delegating responsibilities, overseeing and reviewing tasks completed and collecting time sheets.Provided support to the office manager in handling payroll and accounts payable/receivable responsibilities.Assisted with firm marketing, including preparation of packets for presentations, building and fostering working relationships with affiliated companies to increase clientele.
Education and TrainingJuris Doctor:,Expected inMay-ATLANTA'S JOHN MARSHALL LAW SCHOOL-,GPA:Status-B.S:Business Administration,Expected inMay 2001-CHEYNEY UNIVERSITY OF PENNSYLVANIA-,GPA:Status-magna cum laude Business Administration
Skillsaccounting, accounts payable, administrative support, Attorney, billing, closing, Computer experience, Contracts, clientele, client, clients, databases, database, documentation, email, facsimile, file management, forth, funds, IIA, Lawson, law, legal documents, Notes, Director, Managing, marketing, meetings, access, Excel, mail, Office, Outlook, PowerPoint, Publisher, Microsoft Word, Works, office manager, payroll, personnel, policies, presentations, procurement, quality, spreadsheets, surveys, technical support, workshops"
"The position is described below. If you want to apply, click the Apply Now button at the top or bottom of this page. After you click Apply Now and complete your application, you'll be invited to create a profile, which will let you see your application status and any communications. If you already have a profile with us, you can log in to check status.Need Help?If you have a disability and need assistance with the application, you can request a reasonable accommodation. Send an email to Accessibility (accommodation requests only; other inquiries won't receive a response).Regular or Temporary:RegularLanguage Fluency: English (Required)Work Shift:1st shift (United States of America)Please review the following job description:Assists in building, optimizing and maintaining the data pipelines and aiding in building the data ecosystem for delivering enterprise data for wide consumption including developing data models, corresponding data architecture documents and API's.ESSENTIAL DUTIES AND RESPONSIBILITIESFollowing is a summary of the essential functions for this job. Other duties may be performed, both major and minor, which are not mentioned below. Specific activities may change from time to time. 1. Participates in the building, management, and implementation the data andor Big Data pipeline capabilities including data modeling, process design and overall data pipeline architecture and all phases of the ETL (extract, transform, and load) processes.2. Assists in efforts related to partially to completely automate repeatable data preparation and integration tasks. Partner with technology teams to understand data capture, testing needs, and to build and test end-to-end solutions.3. Participates in the analysis of information to determine business needs from requests and implement effective technical solutions by providing problem analysis and resolution in a timely manner and explain and interpret complex, difficult, or sensitive information.4. Takes a new perspective on existing solutions to solve problems of low to moderate complexity and exercise judgment based on the analysis (e.g. modeling, testing, etc.) of multiple sources of information with some guidance from more experienced data engineers.

QUALIFICATIONSRequired Qualifications:The requirements listed below are representative of the knowledge, skill andor ability required. Reasonable accommodations may be made to enable individuals with disabilities to perform the essential functions.1. Bachelor's degree and two years of experience in systems engineering or administration or equivalent education and related training or experience2. Basic knowledge of SQL, relational databases, ETLELT architecture and concepts, data integration concepts and big data concepts3. Previous experience in planning and managing IT projects
Preferred Qualifications:1. Bachelor's degree and three years of experience or equivalent education and related training or experience2. Banking or financial services experience

OTHER JOB REQUIREMENTS  WORKING CONDITIONS
SittingConstantly (More than 50% of the time)Visual  Audio  SpeakingAble to access and interpret client information received from the computer and able to hear and speak with individuals in person and on the phone.Manual Dexterity  KeyboardingAble to work standard office equipment, including PC keyboard and mouse, copyfax machines, and printers.AvailabilityAble to work all hours scheduled, including overtime as directed by managersupervisor and required by business need.TravelMinimal and up to 10%General Description of Available Benefits for Eligible Employees of Truist Financial Corporation: All regular teammates (not temporary or contingent workers) working 20 hours or more per week are eligible for benefits, though eligibility for specific benefits may be determined by the division of Truist offering the position. Truist offers medical, dental, vision, life insurance, disability, accidental death and dismemberment, tax-preferred savings accounts, and a 401k plan to teammates. Teammates also receive no less than 10 days of vacation (prorated based on date of hire and by full-time or part-time status) during their first year of employment, along with 10 sick days (also prorated), and paid holidays. For more details on Truists generous benefit plans, please visit our Benefits site. Depending on the position and division, this job may also be eligible for Truists defined benefit pension plan, restricted stock units, andor a deferred compensation plan. As you advance through the hiring process, you will also learn more about the specific benefits available for any non-temporary position for which you apply, based on full-time or part-time status, position, and division of work.Truist supports a diverse workforce and is an Equal Opportunity Employer that does not discriminate against individuals on the basis of race, gender, color, religion, citizenship or national origin, age, sexual orientation, gender identity, disability, veteran status or other classification protected by law. Truist is a Drug Free Workplace.EEO is the Law Pay Transparency Nondiscrimination Provision E-Verify","SummaryResults-driven Data Entry Clerk with extensive database management expertise. Proven history of successful error detection and correction.I'm a very fast learner do well in fast placed environments, do well under stress. Very proficient with Microsoft Excel, Outlook, Adobe Software.A team player and always willing to jump in and help when there is help needed.
SkillsDecision MakingService-OrientedSelf-StarterWorkflow ManagementData ManagementDatabase ManagementData CompilationAttention to DetailData ReviewMicrosoft Office SuiteDocument Management and StorageMultitasking and PrioritizationTime ManagementData VerificationAdministrative SupportMicrosoft AccessMicrosoft Excel
Education and TrainingIdea HomeschoolSoldotna,Expected in––High School Diploma:-GPA:
ExperienceSonic Healthcare Usa-Data Entry SpecialistMontgomery,AL,09/2020-CurrentInput client information into spreadsheets and company database to provide leaders with quick access to essential client data.Identified, corrected and reported data entry errors.Completed accurate and efficient data entry and database updates to support business operations.Identified and corrected data entry errors to prevent duplication across systems.Compiled data from source documents prior to data entry.Reviewed and updated account information in company computer system.Identified errors in data entry and related issues by mentioning to supervisors for resolution.Sorted source documents and organized to be filed.Adhered to sClairect data confidentiality policies to prevent information leakage.Communicated with coworkers regarding deadlines and project milestones.Proofread and edited documents to correct errors.Documented data entry completions in corresponding logbooks.Executed data verification to ensure expedient error detection.Exceeded quality goals to support team productivity.Monitored updates to company databases and corrected identified errors.Transferred completed work to Title Officers for review and approval.Reviewed source documents to locate required data for entry.Produced new orders in Streamline Management Services and Greenfolders to manage samples and associated data.Community Health System-ManagerMooresville,NC,11/2018-09/2020Trained employees on additional job positions to maintain coverage of roles.Assigned tasks to associates to fit skill levels and maximize team performance.Greeted and encouraged feedback from customers to implement in-store operational changesCompleted thorough opening, closing and shift change functions to maintain operational standards each day.Enforced customer service standards and resolved customer problems to uphold quality service.Exercised good judgment and decision-making in escalating concerns and resolving issues.Oversaw daily workloads and workflow for smooth operations.Managed shifts in absence of store manager to deliver excellent customer service while promoting sales.Marcus Corporation-Crew MemberBellevue,NE,06/2016-08/2018Wiped down tables and equipment, swept and refilled stock.Kept restaurant lobby, front counter and restrooms neat and clean throughout shift.Packed fast food products in approved containers, cups and bags.Entered orders into computer system to send order details to kitchen, mentioning customers' special requests and food allergies in person.Prepared quality products while maintaining portion control and presentation within service goal times.Drove team success by quickly completing assigned tasks.Demonstrated proper food safety practices by accurately completing quality control checklist.Organized and restocked supplies to support operations and team productivity.Served food quickly for positive guest experiences.Packaged menu items into bags or trays and placed drink orders into carriers.Explained current promotional information and items to patrons.Assisted management with inventory control and stock ordering.Presented orders to guests within anticipated service times.Restocked supplies, removed trash and cleaned areas.Answered customer questions and took orders.Prepared products by adding tags and readying pallets for restocking.Operated fryers and grills, assisted with putting orders together and bagged items for customers.Totaled bills, accepted payments and returned change.Kohler-CashierOK,State,06/2017-04/2018Collected payments and provided accurate change.Completed daily recovery tasks to keep areas clean and neat for maximum productivity.Worked closely with front-end staff to assist customers.Accepted cash and credit card payments, issued receipts and provided change.Trained new team members in cash register operation, stock procedures and customer services.Learned roles of other departments to provide coverage and keep store operational.Operated cash register or POS system to receive payment by cash, check and credit card.Reported pricing discrepancies to supervisor.Answered customer questions and provided store information.Delivered high level of customer service to patrons using active listening and engagement skills.Preserved appearance of store by arranging and replenishing displays and merchandise racks.","SummaryAccomplished Information Technology Professional currently working at a global pharmaceutical company for over 15 years with extensive experience in software development in all phases of development from requirements gathering and analysis to design, development, testing, implementation and support. Leverage passion, computer science background, and tenacious problem solving capabilities to develop innovative solutions. Worked in agile, high performance organization, designing and upgrading business solutions, using cutting edge tools and systems. 
*AREAS OF EXPERTISE
Custom Software Development * Configuration Management* Release Management* Team Leadership* Testing/QA/Rollout and Hyper care* System Migrations/Integrations * Data Modeling *Problem Solving* Resource Management* System Migrations/Integrations * OLTP* OLAP * Database/Data warehouse Design* Data Integrity *New Technology Evaluation* Change & Release management* Data Replication. *Discovery and Preclinical IT
HighlightsProgramming Languages: Oracle PL/SQL, SQL* PLUS,  C, Pro*C,C++,  and UNIX ShellData Bases/Tools: Oracle 10g/11g, SQL ServerTools/Framework: ERWIN, Oracle Designer, SQL*Navigator, SQL Developer, Todd, Remedy,  MS Office, Subversion, JIRA, All Fusion-ERWIN Data Modeler, ChemcartEnterprise Content Management: SharePoint 2010Methodologies: Agile/Scrum, Waterfall, SDLC
EducationUniversity of Michigan,Expected in––MS:Computer Science-GPA:Computer Science,Expected in––Bachelor of Engineering:-GPA:
ExperienceFidelity National Financial-Research Data Administrator Technical Lead/Technical Analyst/Transition Lead,,05/2015-CurrentLead the execution of the assigned PCB-IT/MRL development projects and delivery of the organization's software products to QA, and ultimately Production as per the SLA.Ensure normal functioning of metadata registration; data capture and project query tools.Interfaces with key MRL scientists to capture and write requirements for new computer applications/ tools that are necessary to support their research project(s).Provides training and knowledge transfer to newly hired Prague IT staff as it relates to the utilization of all data management tools and timely resolution of day-to-day issues arising from drug discovery programs or key IT tools.Provide hands-on development and mentoring as necessary for peer global support services teams on business related IT dependencies and associated issues.Work with the Enterprise Architect, PMs, and Product Managers to sequence/coordinate development activities and also ensure that best practices for coding, architecture, and security are employed across the teams consistently.Project Lead on ELN deployment/adoption in AWS cloud across Merck CROs.Merck & Co-Sr. Technical Analyst/ IT Lead,,06/2008-05/2015As part of implementation of a harmonized compensation and career framework program for the research division post-merger with another company, led the integration and remediation of both companies legacy application s in compliance with company's data privacy policy regarding the use of some of the private and confidential data.; about seven of them were critical GxP application.Led upgrade of several applications in Discovery and Preclinical Area.On a major multi-year Discovery and Preclinical Services Platform Upgrade project consisting of upgrade of Discovery Biological, Chemical and High Throughput Screening data warehouses, led a team of developers and DBAs for successful migration and upgrade of Oracle 10g from Solaris platform database to Oracle 11g on RH Linux platform and remediation of 60 plus client apps; led evaluation/implementation of a AEP 9.0 cheminformatics tools; minimized application downtime by 30% by introducing parallel task execution model ; avoided Oracle partitioning licensing cost of 350K and implemented performance tuning that yielded greater performance than the partitioned tables.Led & implemented information security enhancements to protect company's information asset including Oracle11g TDE Data Encryption, Oracle FGAC to build virtual private databases (VPD), Fine Grain Auditing (FGA); custom obfuscation tools to mask the identity of the company's proprietary data.Merck-Sr. Application System Analyst,,04/2003-05/2008Led design/development/implementation of a registration system for registering biologic materials focused on RNAi (siRNA, ssRNA, miRNA) and mixed moieties; Revamped existing Oracle DB model by remodeling it from EAV (Entity-Attribute-Value) model to relational data model.; Performed data migration of legacy RNA data into the new system and decommissioning of legacy databases and creation of the new databases.Led the technical implement ion of the next generation enterprise chemistry tools Symyx Direct 6.0 Cartridge for Merck scientists; implemented of new commercial databases; upgraded Merck Chemical DBs and remediated number of cartridge dependent applications.Designed & developed a database of the biologic registration system for the storage and request of frozen biological samples within Merck It gave an ability see if a specific sample exists within the company , or to determine the storage location for a sample that was already frozen.As part of on implementation of a multi-year global research program to transition from Ariba inventory and PeopleSoft HR systems into SAP and further integrate them with the downstream consumer applications,  led a team of developers for remediation of all downstream applications.Merck-System Analyst,,08/1999-03/2003Designed, developed and managed custom home grown OLTP and OLAP systems and ETL tools to populate and refresh a Discovery Biological and Chemical Information data warehouse - 1) PL/SQL Upload Engine for Assay Data Upload 2) PL/SQL Summary Engine to summarize assay results and 3) custom PL/SQL Merck home grown data-mart creation engine named to create and refresh project and assay specific data marts for use by scientists.Set up and maintained experimental/chemical database replication to multiple remote sites in EU and Japan.Oracle Performance of tuning-SQL and PL/SQL tuning and performance optimization Designed and developed a Registration and Tracking System for Oligonucleotides for Pharmacology to create an oligonucleotide design and supply service for Merck scientists.It provided a custom Oracle data base and software application for the management of oligonucleotide registration, mapping of oligonucleotide samples to plates and microarray slides, recording storage locations of those containers, and tracking experimental data on oligonucleotide ratings in order to evaluate the usefulness of the samples over time.Designed and developed Registration and Management System to create cDNA design and supply service for MRL scientists.BR cDNA provides a custom Oracle data base and software application for the management of DNA clone registration, mapping of clones to plates and nylon web, recording storage locations of those containers, and tracking experimental data in order to evaluate the usefulness of the samples over time.
SkillsAgile, Architect, Auditing, C, C++, chemistry, clones, computer applications, Content Management, Encryption, client, data management, data migration, data warehouse, data warehouses, Data Bases, databases, data base, database, delivery, DNA, downstream, ERWIN, ETL, HR, information security, inventory, Linux, materials, mentoring, MS Office, SharePoint, migration, Enterprise, Navigator, next, OLAP, optimization, Oracle, Oracle DB, Oracle Designer, Developer, Oracle PL/SQL, PL/SQL, PeopleSoft, Pharmacology, Pro*C, coding, Programming, Project Lead, QA, recording, research, SAP, Scrum, SDLC, SLA, Solaris, SQL, SQL Server, tables, UNIX Shell, Upgrade"
"Job Title: Software DeveloperLocation: Dallas, TXDuration: 6+ MonthsPosition Type  Only W2 Role (No Corp to Corp)Job Description:
Job Description: A developer (Playbook, Ansible) that understands how DevOps functions. Understand how to check their code into Git and how Jenkins monitors it, cognizant of the automation testing, putting the new test cases into the DevOps pipeline, if it fails being able to turn it around and watch it go through the testing again. Make sure the codeplaybooks are easy to understand and work with not only by the developer but by the team. Communication, collaboration, and trust are very important to the teams success.Responsibilities: Modern and efficient ways of doing tasks than how they are done manually Doing work in an automated waySkills: AnsibleAWXTower- the stronger with Ansible the better (hard requirement; MUST HAVE) Shell scripting Oracle Database queries understanding Reverse engineer programming languages Agile methodologies REST API gitcode reviewtesting CICD Python K8sOpenshiftAbout US Tech Solutions:US Tech Solutions is a global staff augmentation firm providing a wide range of talent on-demand and total workforce solutions. To know more about US Tech Solutions, please visit www.ustechsolutions.com.
Recruiter Details:
Name: Akash SinghEmail: akash.singh@ustechsolutionsinc.comInternal Reference Id: 23-25608","Professional SummaryYoung professional with
hands-on experience analyzing data and model structures for large companies,
including the Telecom industry. Skilled Data Analyst and Business Consultant.
Accomplished in problem solving, advising best solutions and improving business
through data analysis. Experience leading teams
and presenting projects. Committed to delivering best possible outcomes and
consistently recognized for outstanding excellence on several projects. Highly
regarded by peers and co-workers. Technical proficiency in BSCS IX, Cognos, BMC
Remedy, Tableau, Putty, Image Now, Rstudio, Oracle, MYSQL, Java, HTML, Python,
Shell and Pearl.
Areas of ExpertiseData Analysis &
  Visualization, Data Warehousing, Decision Modeling, Business Intelligence, Data &
  Statistical AnalysisOperations Management, Project Leadership, Reporting & Analysis, Client Management, Product Development,Change management
ExperienceSenior Software Engineer,2004to2011The Hartford–Peace Dale,RI,Analyzed Data and implemented functional strategy for Billing and Rating System, using Business Intelligence ETL Tools; and led 24x7 OperationsTeam of 25 members for data modeling, system monitoring, kernel upgrades, job scheduling and administration• Improved management decision effectiveness for a Telecom service provider in India by analyzing and managing data; and configuringrating packages. Achieved weekly execution labor time savings of 10 hours by automating procedures and scripts.• Managed billing operations for 22+ states in India, consisting of 60+ servers providing 24/7 support to 8+ million subscribers by organizingand supporting online software operations both on-site and at remote data centers• Improved incident resolution efficiency from 67% to 97% through more rigorous management and mentoring• Achieved 99% System availability for 21 months, Awarded Client appreciation for multiple projects• Decreased SLA by 27%, by assigning roles, tasks and deadlines to individuals and mapping expertise/specialization.• Improved testing quality/outcome by enhancing and automating business scenarios; developed test approach, plan and scripts• Enhanced revenue and marketing departments’ customer satisfaction by brainstorming with subject matter experts to improve knowledgeof issues, requirements, expectations and business critical scenarios• Worked closely with clients to analyze IT system requirements, clients’ information technology needs and their resources in order to planIT projects and fulfill clients’ expectations, Researched and documented existing business process for BSCS IX system• Developed IT system specifications after evaluating customer’s nature of work and business volume• Led process-improvement focus groups as part of functional redesign for BSCS IX Customization system
EducationMaster of Science:Executive Management of Technology,Expected in2017toNew York University-Brooklyn,New YorkGPA:Coursework: Business Analytics, Managing Tech Change and Innovation, Economics
Strategy, Tech Strategy, Organizational Behavior, Global Innovation.Bachelor of Engineering:Electronics and Telecommunications,Expected in2012toMumbai University-Mumbai,MaharashtraGPA:Coursework in Microprocessor, Microcontrollers, Data Encryption/Decryption, Basic
Fundamentals of Java & C++
Skillsbuild computers, call center, closing, computer repair, customer service, electronics, team leader, listening, meetings, Excel, PowerPoint, Windows 7, Windows 8, Microsoft Windows XP, Microsoft Word, progress, sales, supervision, technical support, troubleshooting, Vista","SummaryJessica, is highly skilled, accomplished IT software developer with strong experience in software design, development and implementation of enterprise billing and order management applications. She is experienced in using JAVA/J2EE technologies on Windows platform for reputed organisations and demonstrate strong experience in J2EE technologies such as Spring, JSP, JSON and servlets. Jessica also has good understanding of Python programming.
Technical SkillsJ2EE Framework :    Spring 2.5, Spring 3.0Servers:          Apache Tomcat 5.0, 5.5Database/Tools: MySQL, Oracle, Maria DB, SQL Server, NO SQL, PL/SQL, SQL Developer, ToadVersion Control: GIT.Web services:          SOAP, REST, UDDI, WSDL.Technologies : J2EE (Servlets, JSP, JDBC, EJB, Java Mail), Bootstrap, Spring Batch, Spring Boot, Java, JSON, JUNIT, Python, Oracle, HTML, CSS.IDE / Programming Tools: Eclipse 3.2, Eclipse 3.3, MARS, NetBeans, Visual studio
EducationNew York Institute of TechnologyManhattan,NYExpected inMay 2016––:Computer Science-GPA:4.0GPAComputer Science Summa Cum LaudeUniversity of MumbaiMumbai,Expected inMay 2014––:Computer Engineering-GPA:
ExperiencePanjiva-Software DeveloperVirtual,LA,10/2016-CurrentTest Data Management Project​Description:Test Data Management is a web based
application that is used to automate the manual efforts involved in test Data
Setup. It helps to synchronize data in different system and has the ability to
retrieve smart samples from production data.Responsibilities:Designed
and Developed notification module using spring framework, Java mail and JDBC
Template.Involved
in design and documentation of enhancement of scheduled scenario module.Involved
in unit testing and integration testing.Provided
with daily production support. Attending
scrum calls to plan and prioritize the activities.Involved
in creating and merging branches in the repository using GIT. Developed
stored procedures and triggers using Maria DB & Oracle.Worked
on deployment of Application.Worked
on Build Configuration of Application using Maven.Involved in build and development activities of test environment.Environment: Spring Boot, Spring Batch, Java, Apache Tomcat, Oracle, Maria DB, DB2,
Jenkins, Maven, Git​Pearson-Software DeveloperDover,DE,10/2016-CurrentBilling Automation ProjectDescription:Billing Automation is a billing
software that is used for validating bills (invoices). It highlights bills that
are outliers in comparison to historical data and confirms that data in bills
is in acceptable limits.Responsibilities:Responsible
for identifying defects, correcting defects and verifying defect fixes and
quality related activities by utilizing Java, Spring and oracle.Responsible
for writing test cases in test driven development using JUNIT and Cucumber.Completed
Automation end to end continuous integration pipeline using tools such as
Jenkins, Maven, Git and Sonar.Preparing
test case and test case results during unit testing.Environment:Java, Spring Boot, Spring Batch, Java Scheduler, Tomcat, Rest API,
Oracle, Junit, Cucumber, Jenkins, SonarQube, Jfrog, Git, AWS.Skilljar-Software Development EngineerLos Angeles,CA,04/2015-09/2016Purchase & Order Management
System

Project​Description:Purchase and order Management system
is a web based application that is used to sort orders based on lead times. It helps to synchronize data in
different database system and has the ability to retrieve available inventory
from database.Responsibilities:Implemented
payment module using Java, Spring Batch, Spring Boot, JSON and JSP.Developed
SOAP Web Services for payment module.Created maven archetypes for generating fully functional REST Web Services supporting JSON message transformation.Developed
Stored procedures & triggers using MySQL and oracle.Installation
of Tomcat Server.Involved
in Creating and merging branches in Repository using Git.Worked
on end to end continuous integration pipeline using tools like Jenkins, Maven,
Git and sonar.Environment:Java, Spring Batch, Spring Boot, Servlet, JSP, JSON, Webservices,
Oracle, MySQL, Maven, Jenkins, Git, Sonar.New York Institute Of Technology-College Project,,2016-04/2016Description:
This automated software helps in managing details of sales, discounts, payment,
products and inventory. It reduces the manual efforts of managing & tracks
all the details automatically.​Developed
and implemented tracking module using python and JSON.Implemented
Java and JSP and Java mail for alert module.
SkillsAJAX, Apache, API, automate, Automation, Billing, Version Control, CVS, Data Management, Database, documentation, Eclipse, Eclipse 3.2, Eclipse 3.3, XML, DB2, IBM Web sphere 6.1, IDE, inventory, J2EE, Java, JSP, JavaScript, JDBC, JDBC 3.0, JNDI, JQUERY, JSON, managing, MARS, mail, MVC, MySQL,  Oracle, DB, PL/SQL, Order Management, Programming, python, quality,  scrum, Servers, Servlet, Servlets, SOAP,  Toad, Tomcat, Tomcat 5.0, WebLogic, XSLT"
"Job Description
Experience with CC++ programming and HLSL, Cg or other vendor specific shader programming language.Experience with 3D graphics APIs (Direct3D 11+, OpenGL, Vulkan andor vendor specific).Experience optimizing both performance factors and memory footprints using hardware and software profilers (PIX, GCM Replay, Tuner, Vtune, etc.).Experience debugging graphics pipelines using relevant platform tooling (Renderdoc, Pix, Razer, etc.).Experience with multithreaded programming and with large code bases.","Summary•        
Over
Three years of extensive experience as a Front-End UI Developer with solid
understanding of database designing, development and installation of different
modules. 

•        
Professional
understanding of System development life cycle (SDLC) as well as various phases such as Analysis Design,
Development and Testing. 

•        
Expert
in developing User Interface (UI) applications and professional web
applications using JavaScript, JSP, XML,
HTML5 /DHTML, DOM, XHTML, jQuery, CSS3, and Ajax.• Extensive
experience in various UI widgets using JavaScript
libraries like Angular.js, Node.js and developing Rich Internet Applications RIA.• Experience
in implementing Web Services (RESTful/SOAP)
and REST services.•  Experience
in  SQL Server and T-SQL
servers.• Experience in Hadoop,
Hive, Postgres, Cassandra, Mongo.• Sound
knowledge in working with browsers compatibility issues with browsers like IE, Firefox, Safari, Opera, Chrome.Good
experience in automation testing
with Mocha and Jasmine using Selenium.•  Good
Experience in Jasmine framework to
write the unit tests in order to
prevent the functional defects from being deployed to production.•Good
knowledge in the configuration management and version control software like TFS, Bit bucket, GitHub.• Highly motivated self-starter, hard worker, team player and research orientated.•Flexible, team player, “get-it-done” personality.
SkillsProgramming Languages: C, Java, PythonOperating Systems: WindowsDatabase: MySQLWeb Technologies: HTML, CSS, JavaScript, JQuery, Java Servlets, BootstrapProject DetailsPlay TombolaDuration: 30 DaysTeam size: 1 Java, MySQL, CSS, JavaScript, JQuery, HTML, Bootstrap, Java Servlets
ExperienceSoftware Engineer Intern,10/2016-CurrentViasat Inc.–AR,State,Responsibilities:

·  Designed
Frontend with in VB Scripting.

·        
Developed
Single page application using the Router concept.

·        
Used  CISA,
PYTHON,CISM.

·        
 Used Powershell,  Perl for fast going application.

·        
Improved the performance of the application by replacing the
existing process and controls with most suitable process flow, optimized
queries and code snippets

·        
Introduced
methodologies and best practices that enhanced product definition, release processes and customization of applications
to user needs.
Education and TrainingMaster Of Science:Information Technology,Expected in--Hyderabad,GPA:Status-Information TechnologyB.Tech:Electrical and Electronics Engineering,Expected in2016--,GPA:Status-Electrical and Electronics Engineering Kakinada with 70.40% marksDiploma:Electrical and Electronics Engineering,Expected in2013--,GPA:Status-Electrical and Electronics Engineering from SBTET Andhra Pradesh with 69.49% marks
*S.S.C. (2010) from State Board of Andhra Pradesh with 74.00% marks
SkillsC, CSS, Database, HTML, Java, Java Servlets, JavaScript, JQuery, Windows, MySQL, Operating Systems, Developer, Programming, Python","SummarySelf-directed, professional with over ten years experience in managing company administrative and operational needs.Detail oriented with strong organization skills , excellent communication and interpersonal skills. Strong ability to multi-task, manage work flow, meet deadlines, prioritize long and short term goals. Well-versed in planning, budgeting and cost control.
QualificationsImproved department efficiency through implementation of strategic workflow and process improvements.Saved company thousands by renegotiating key contracts.Managed team of personnel.Maintained accurate accounts including cash, inventory, prepaid, fixed assets, accounts payable, accrued expenses and line of credit transactions.Handled customers effectively by identifying needs and efficiently met those needs. Analyzed and resolved client complaints in a timely fashion.
SkillsMS Office, MS Dynamics, QuickBooks, Adobe, Publisher, EFI Fiery, Capture Perfect, Resource POS, Siebel CRM, Leadfoot
ExperienceAdministrative Data Assistant - (Contract Position),XXX5-09/XXX5Acadia Healthcare–Fall River,MA,Processing of requests and corrections to clients' FCC applications via CRM software.  Respond to client inquiries in a timely and accurate fashion. Developed process improvements to enhance workflow.Accounting Assistant - AR,AP & Collections  (Contract Position),01/XXX4-04/XXX4Zitter Health Insights–City,STATE,Posting & proofing of accounts receivable on a daily basis.Verified details of transactions, including funds received and total account balances.Researched and resolved billing and invoice problems.Conducted month-end balance sheet reviews and reconciled any variances.Reviewed entries to ensure accuracy of the G/L.  Reduced outstanding receivables.Franchise Owner / Operator,09/2003-01/XXX4POSTNET–City,STATE,Provided direction on prioritization, and controlled daily operations of the organization.Monitored ongoing expenses relative to budget projections. Improved margins over previous years.Ensured exceptional client service and that team member responsibilities were defined and understood.Cultivated relationships with key vendors and customers to foster ongoing and mutually beneficial business relationships.Reviewed, researched and negotiated insurance, health plans, benefit packages and othercontracts.Created and executed marketing plans. Identified new business opportunities and routinely participated in the sales process.Administrative Assistant - Part Time,08/XXX2-09/XXX3FLOTTEC–City,STATE,Coordinated approval processes of all payables.Received, recorded, cash, checks, and vouchers.Completed monthlybank reconciliations.  Placement of vendor supply orders.Customer liaison for ordertracking, placement, sampleinventory and distribution.International shipping documentation.Scheduled appointments and maintained master calendar.
ExperienceRealtor,04/1999-07/2005Weichert Realtors–Morris Plains,NJ,Residential specialist, annual sales over $2.5 Million. Performed all facets ofsales and closings.Technical Sales,10/1986-05/1994Rame-Hart, Inc–Mountain Lakes,NJ,Domestic and International sales of capital R&D equipment.  Export logistics, contract negotiations.  Presented at symposiums and participated in Industrial Electronics and Chemical trade shows.Regional Business/Credit Manager,08/XXX5-09/XXX5Ms. Desserts–Union,NJ,Created and implemented more efficient receivable business system. AR reconciliation and reporting.   Supervisory responsibility of route drivers.   Credit verification, collections.Sales Coordinator,05/XXX5-08/1984Eva-Tec Marketing–Nashua,NH,Manufacturers' representative for semi-conductors and synergistic components. Liaison between manufacturers, end-users, distributors and sales.Contract and price negotiations.  Participation in trade shows.  Distributor and manufacturer visitation.Account Representative,08/1978-05/1981Medical Billing Services–Cedar Knolls,NJ,Installation of computer billing systems in hospitals and physicians' offices. Training of office personnel on software.  Liaison between physician and all major insurance carriers, Medicare and Medicaid.  Supervisory responsibility andtraining of call center personnel responding to patients and insurance carriers inquiries of medical claims.
EducationAssociate of Science:Business Administration,Expected in1981-County College of Morris-Randolph,NJGPA:Status-"
"Location: Tampa, FL
Exp: 7-10 Yrs
SPOC: Tushar Kshirsagar
Key Skills: Angular 10 or above, JavaScript and HTML5 and working knowledge of Typescript
Job Description: ""LTIMindtree is a global technology consulting and digital solutions company that enables enterprises across industries to reimagine business models, accelerate innovation, and maximize growth by harnessing digital technologies. As a digital transformation partner to more than 750 clients, LTIMindtree brings extensive domain and technology expertise to help drive superior competitive differentiation, customer experiences, and business outcomes in a converging world. Powered by nearly 90,000 talented and entrepreneurial professionals across more than 30 countries, LTIMindtree  a Larsen & Toubro Group company  combines the industry-acclaimed strengths of erstwhile Larsen and Toubro Infotech and Mindtree in solving the most complex business challenges and delivering transformation at scale. For more information, please visit www.ltimindtree.com
Job Purpose:
7+ year of hands on experience on Angular 10 or above.
Ability to design reusable components and deliver functionality as individual contributor.
Key Responsibilities:
 Developing Single Page Application in Angular 10+. Translating mockup into HTML Working with backend team to integrate Rest APIs with Angular Components. Finalizing JSON contract with backend team. Making application compatible for both Edge and Chrome browsers Ability to troubleshoot UI issues quickly and provide resolution
Skills:
 Proficiency with Angular 10 or above, JavaScript and HTML5 and working knowledge of Typescript. Basic working knowledge of NODEJS and CSS. Hands on experience on building Angular project from scratch Creating self-contained, reusable, and testable modules and components Ability to develop end to end single page apps Working knowledge of PrimeNG and AgGrid Ability to transform mockups into HTML Working knowledge of VSCode, Git tools Team work Good written & verbal communication skills Good analyzing capabilities, to break complex problems into simpler ones.
Mandatory Certification: Angular Level 1  Level 2
Our client requires all the employees working on this engagement to be COVID-19 vaccinated. If you need a reasonable accommodation for a sincerely held religious belief or medical condition, please contact covid-19@lntinfotech.com
How will you grow?
 Role-based Training programs Continuing Education Programs (CEP) to enhance your knowledge, skills, and attitude as a professional. We encourage you to acquire various beneficial international certifications, with costs s reimbursed. Our role-based workshop helps us groom future leaders for LTIMindtree.
What's in it for you?
 Excellent benefits plan: medical, dental, vision, life, FSA, & PTO Roll over vacation days Commuter benefits Excellent growth and advancement opportunities Certification reimbursement Rewards and recognition programs Innovative and collaborative company culture
LTIMindtree is an equal opportunity employer that is committed to diversity in the workplace. Our employment decisions are made without regard to race, color, creed, religion, sex (including pregnancy, childbirth or related medical conditions), gender identity or expression, national origin, ancestry, age, family-care status, veteran status, marital status, civil union status, domestic partnership status, military service, handicap or disability or history of handicap or disability, genetic information, atypical hereditary cellular or blood trait, union affiliation, affectional or sexual orientation or preference, or any other characteristic protected by applicable federal, state, or local law, except where such considerations are bona fide occupational qualifications permitted by law.
""","Professional ProfileHighly motivated Sales Associate with extensive customer service and sales experience. Outgoing sales professional with track record of driving increased sales, improving buying experience and elevating company profile with target market.
QualificationsEclipse, Visual Studio, QTP, GIT, Jagacy Automation toolProgramming Languages    : C, C++, JAVA, C#Databases        : ORACLE 10g, MYSQL, IBM DB2, MongoDBTechnical Support        : Cloud Computing, Web Services, Docker, Hadoop.Operating systems        : Windows 10,8,7, XP, UNIX. HTML5, CSS, Javascript, AJAX. Good verbal, written and communication skillsAbility to deal with people diplomaticallyTeam co-ordination and LeadingOrganizing effective meetings and reviewsL2 issue management and Customer facingContinuous learning and process orientedInterpersonal and presentation skillsFlexible to adopt change.
Experience06/2014to06/2016Software EngineerJacobs Engineering Group Inc.–Virginia Beach,,IndiaDesign, build, debug, and test mainframe modernization tools (DB2-Tools).Automation testing using Jagacy framework, QTP, Selenium.Continuous integration using Jenkins.Product installation and configuration setup.Performance testing and application tuning.Documentation, reporting, and mentoring new team members.Technologies involved - C++, Java, RESTful Web Services, C#.Best Team Player -  2014.Above and Beyond Award"" for building a JAVA based testing automation framework using Jagacy, ALM Open Test Architecture for legacy systems.Projects:
REV Framework: A generic reusable command line, easily adaptable framework across the MF and distributed platform, integrated with Rally (Agile Central): Team has come up with a frame work that could get distributed way of Continuous Integration close to Mainframe Product using tools such as: 
Jenkins - Continuous Integration, GitHub - Code Repository, Maven - Artifactory, Apache Velocity Framework, Rally Integration API
CA DB2 Tools: CA-DB2 tools suite is a complete solution for database management for DB2 on Z/OS.This suite has good market share and is among Forbes Global 2000.Object Framework Services (OFS) is a CA product which aids DBAs working on IBM DB2.This project deals with generating automatic DDL using an automatic generating engine written in C++.11/2013to04/2014Software Intern–Marion,,IndiaInvolved in the analysis, design, and development and testing phases of Software Development Lifecycle (SDLC) using agile development methodology.Developed Rest Web services to communicate with different systems and implement business logic from the response.Created a reporting user interface that pulls reports based on the user criteria using information in the database.Developed a RESTful web-service that collects the json-formatted data and stores it into a persistent database.06/2012toPresentOnline TutorGeneral Dynamics–City,,IndiaTeach students from different countries in C, C++, C#, Java, and Mathematics.Guide students in their academic projects and exams like SAT and ACT.
EducationExpected inMay'17totoMaster of Engineering:Computer ScienceUniversity of Cincinnati, OH-,GPA:Computer Science 3.9Expected inMay: 2013totoBachelor's Degree:Computer Science EngineeringKakatiya University (KU)-Warangal,GPA:Computer Science Engineering 3.8 Academic awards and Leadership:
*Microsoft Student Partner, June 2012-June 2013
*""Editor's Choice"" award for app published in Windows App Store
SkillsAcademic, Agile, AJAX, Apache, API, Automation, C, C++, Interpersonal, CA, CSS, Databases, database, database management, Documentation, Eclipse, Editor, frame, HTML5, IBM, DB2, Java, Javascript, json, Leadership, logic, Mainframe, market, Mathematics, meetings, mentoring, C#, Windows, 2000, MongoDB, MYSQL, Operating systems, OS, ORACLE, Organizing, presentation skills, problem solving, Programming, QTP, reporting, SAT, SDLC, Software Development, Team Player, Technical Support, UNIX, user interface, Visual Studio, written, written and communication skills","SummarySoftware Developer with overall 3+ years of experience in the development of Web & Enterprise
applications using Java, JavaScript, HTML, CSS and J2EE technologies
SkillsJava 7, Python, Matlab          PL/SQL, MongoDB, MySQL, SQLiteHTML 5, CSS 3, JavaScript, JQuery,      Backbone.js, MVC, SpringPHP, Ajax, JSON, Angular          HibernateEclipse, Visual Studio,          Git, Bit bucket, JiraPyCharm, Net Beans,          Apache Tomcat, Glassfish, MavenIntelliJ IDEA, XAMPP, Tableau          Rest, Soap Web Services,
Experience01/2017to07/2017Software EngineerWithin3–Lakewood,NJ,Developed user interface for windows tablet client application using Java
          frameworks: Swing, JavaFX.Embedded VLC media player into the application using VCLJ
          library.Interacted with YouTube, Periscope and Facebook APIs to play
          live streaming video.Participated in requirement gathering, development, testing and
          deployed the application using webswing server.Analyzed and detected application errors and performance issues.05/2015to08/2016App DeveloperMotion Recruitment–Gilbert,AZ,Worked in both Agile and Waterfall settings.Implemented functionality to capture image, record audio and video
          Developed user profile screens using HTML, CSS and JavaScript
          using Appcelerator Studio.Cooperated with web designers to match the visual design intent.Deployed the
          application on user's phone for beta testing.07/2014to12/2014Web DeveloperWithin3–Los Angeles,CA,Collaborated with other team member to update documentation.Created responsive web design using JavaScript, JQuery
          Tested the website in multiple browsers to ensure cross-browser
          compatibility.Fixed bugs from existing website and built reusable code for future use.06/2012to07/2013Software EngineerBaroda Electrical Ltd–City,STATE,Created database schema and interacted with database to add, update and
          delete records through jdbc.Executed and monitored standards for user interfaces, page design and
          graphics development.Implemented and debugged the algorithm for energy measurement.Enabled dynamic behavior of the site using Bootstrap.Tested the code using Tera Term Emulator to ensure its correctness.
Education and TrainingExpected in2016totoMaster of Science:Computer and Information SciencePurdue University-Indianapolis,INGPA:Computer and Information ScienceExpected in2013totoBachelor of Science:Electronics and CommunicationsGujarat Technological University  Anand-,GujaratGPA:Electronics and Communications
SkillsAgile, Ajax, Apache, audio, browsers, CSS, CSS 3, client, database, documentation, Eclipse, graphics, HTML, HTML 5, PHP, image, Java, Java 7, Beans, JavaScript, jdbc, JQuery, JSON, Matlab, windows, MongoDB, MVC, MySQL, PL/SQL, page, Python, requirement, Soap, streaming video, Swing, Tableau, phone, Tomcat, user interface, video, visual design, Visual Studio, web design, website"
